reviewId,userName,userImage,content,score,thumbsUpCount,reviewCreatedVersion,at,replyContent,repliedAt,appVersion,app_id,app_title
60d8f511-a0a3-4ba2-adff-3635251af217,Akeelah Makanakaishe Majawala,https://play-lh.googleusercontent.com/a-/ALV-UjVAky_3v1yBIo8sf55Ta5OKLX_1JV-1B2XaUnHgjLlMCTjvvuat,I love this game soo much it's literally the best and brings back child hood memories,5,0,,2026-02-19 13:15:24,"Thank you for your kind words, Chef! We are thrilled to hear that Cooking Fever has brought back childhood memories. Join our community on Facebook and Instagram for even more fun! @CookingFeverGame",2026-02-19 14:12:53,,com.nordcurrent.canteenhd,Cooking Fever: Restaurant Game
5d63f6ff-3d30-4ec5-9ddd-378732f9c51b,Maame Afia,https://play-lh.googleusercontent.com/a-/ALV-UjXdxHlAmGno8wj0OvOn7-vKLBNZWTINHXk9gj-u7JU3HxorCAtp,"giving it a 3 because I used to play this game when I was younger, downloaded it again and it's filled with so many ads which make it unenjoyable. I think they moved to making money out of it rather than entertaining people",3,0,26.0.1,2026-02-19 11:08:48,"Thank you for your review, Chef! We're glad you're enjoying the game again. We understand your mixed feelings about the ads and are committed to improving the overall experience. Your detailed feedback would be greatly appreciated. Happy cooking! - Cooking Fever Team",2026-02-19 11:52:33,26.0.1,com.nordcurrent.canteenhd,Cooking Fever: Restaurant Game
489d708a-d161-4c76-bf8c-2b9db55027f2,Daisy Mota,https://play-lh.googleusercontent.com/a/ACg8ocKFXUpe1oEECRWvh_6g-COB0fJnDh5pW1rWvYvZkMvLpC1b6iW9=mo,impossible to do anything without gems aka $$$,1,0,26.0.1,2026-02-19 05:40:44,Thank you for your review. We understand your frustration with the use of gems. Have fun cooking and join our community on Facebook and Instagram @CookingFeverGame!,2026-02-19 06:19:40,26.0.1,com.nordcurrent.canteenhd,Cooking Fever: Restaurant Game
26caaf2e-77ed-4725-84d8-cc9510ec727f,Akash Chindaliya,https://play-lh.googleusercontent.com/a/ACg8ocJg306Ytp91ZU2zM68kkYGicDnD78eHBZiXEq5fsqFI-3vv3w=mo,omg,5,0,26.0.1,2026-02-18 22:12:11,Thank you for your review! We're glad you're enjoying Cooking Fever. Join our community on Facebook and Instagram @CookingFeverGame for more fun Chef adventures!,2026-02-18 22:47:42,26.0.1,com.nordcurrent.canteenhd,Cooking Fever: Restaurant Game
4cd19494-ec16-4486-b78c-a18eb1cae462,Mercy Oche,https://play-lh.googleusercontent.com/a-/ALV-UjW0rf1uBSbJJKe5PDGIgbiJQQg5PxBX8tQ4I6VTLdpdXjj4i68k,it's 😞,1,0,,2026-02-18 21:40:35,Thank you for taking the time to leave a review. We're sorry to hear you're not enjoying the game. We'd love to hear your suggestions at support@nordcurrent.com. Happy cooking!,2026-02-18 22:31:02,,com.nordcurrent.canteenhd,Cooking Fever: Restaurant Game
ddf52c69-aa85-45bc-9916-253b2d360c77,Besim Ibriqi,https://play-lh.googleusercontent.com/a-/ALV-UjXUnyF-Ly6OIpVn1DOs6guwYm2n1Wzt8JUiNbyxNkUMilmLCxzz,it's so fun to play and I love it,5,0,26.0.1,2026-02-18 21:03:05,"Thank you for the positive review, Chef! We're glad you're having fun playing Cooking Fever. Join our community on Facebook and Instagram for more cooking adventures! @CookingFeverGame",2026-02-18 21:56:29,26.0.1,com.nordcurrent.canteenhd,Cooking Fever: Restaurant Game
6418a6a8-450f-4240-afc1-4577b40901f5,Eleanor Buckley,https://play-lh.googleusercontent.com/a-/ALV-UjWNywAt3fnbI0MS4Th9WNDNYVdaCG7oUJoZeQlclOPvLQKsPnpc,Been stuck on the same levels in 4 different restaurants for a week now. Would be helpful if it was possible to get gems.,1,3,26.0.1,2026-02-18 20:48:10,"Thank you for your review! We apologize for the difficulty you are experiencing. Have you checked out our Facebook page for contests and giveaways? Keep cooking, Chef!",2026-02-18 21:39:00,26.0.1,com.nordcurrent.canteenhd,Cooking Fever: Restaurant Game
7fa62daf-31d1-4edc-9700-26ccf04669c6,Don Veeramani,https://play-lh.googleusercontent.com/a/ACg8ocLyeQQ2dnbBp_86BWGWSUl4NmiHMM_FsYfy_keoxECQJeEr0Wk=mo,the game was awesome but please remove the diamond for upgrade kitchen and interior designs please consider my words,5,0,26.0.1,2026-02-18 20:10:47,Thank you for your review! We're glad you're enjoying the game. We'll definitely take your suggestion into consideration. Join our chef community on Facebook and Instagram @CookingFeverGame for more fun!,2026-02-18 21:00:54,26.0.1,com.nordcurrent.canteenhd,Cooking Fever: Restaurant Game
b385c744-b1a7-4f6b-ac6f-94944a4c0c28,Maryam Ahmadi,https://play-lh.googleusercontent.com/a/ACg8ocKErdV67LnYzMdBlsrCuVhx1x86DtxcvZrJYcy3pOG_d8DLiA=mo,very good,5,0,26.0.1,2026-02-18 18:39:50,"Thank you for your review! We are glad you are enjoying Cooking Fever. Keep cooking, Chef! Follow us on Facebook and Instagram for more fun. @CookingFeverGame",2026-02-18 19:22:02,26.0.1,com.nordcurrent.canteenhd,Cooking Fever: Restaurant Game
20dd80b0-542a-44d3-bf40-d482283f2b4c,Havalyn Nesler,https://play-lh.googleusercontent.com/a-/ALV-UjUmarqS7BGQG-tDj_tiG347lT52U6sch1XP9It3GfKWXpwtUp0w6g,"Just started the game and the movement of the food is clunky. You slide the tomatoes over to put on the hamburger just to have them pop back over to the tomato bin. putting the food on the warmer sometimes works, but sometimes it just pops back over to the grill. For an actions per second game, pretty low quality.",3,0,26.0.1,2026-02-18 17:11:57,"Hello Chef, thank you for your feedback. We apologize for any clunkiness and we would love to hear more details about your experience. Our team is committed to improving the game. Happy cooking! #CookingFeverGame",2026-02-18 17:49:33,26.0.1,com.nordcurrent.canteenhd,Cooking Fever: Restaurant Game
f6798ee5-c32d-4590-b3c8-027bcc56f0ba,Jolsa Moshia,https://play-lh.googleusercontent.com/a/ACg8ocKxNcD8YBIZFX_KsrnbrSyDKozzDOqwIK-Qo-4PqmO6XnJXUg=mo,it's data mode💔,1,0,26.0.1,2026-02-18 11:41:50,Thank you for taking the time to leave a review. We apologize that the game does not meet your expectations. Have fun playing as a Chef and join our community on Facebook and Instagram at @CookingFeverGame.,2026-02-18 12:22:01,26.0.1,com.nordcurrent.canteenhd,Cooking Fever: Restaurant Game
bbf8cd46-135b-49d7-8812-2b24a5118a81,Dawn Holmes,https://play-lh.googleusercontent.com/a/ACg8ocJ17VRupElm_DZD08WL4_GYCIFt-ecGp8scr66oQwuB-gVkPQ=mo,I love this game great every day play.,5,0,26.0.1,2026-02-18 06:09:12,"Thank you for your review! We're glad you're enjoying the game and we appreciate your support. Keep cooking and have fun, Chef! Don't forget to follow us on Facebook and Instagram at @CookingFeverGame.",2026-02-18 06:53:18,26.0.1,com.nordcurrent.canteenhd,Cooking Fever: Restaurant Game
05113608-5953-414c-ac52-1f12b8517703,Maji,https://play-lh.googleusercontent.com/a-/ALV-UjWfPPH1Ue_BtrDcDPlsoMuxp-Y2QH3YRzTvLhg5L4Je6dUWB0Kv,good,5,0,26.0.1,2026-02-18 00:29:10,Thank you for the great review! We're glad you're enjoying Cooking Fever. Keep cooking and join our community on Facebook and Instagram @CookingFeverGame for more fun! 🍳,2026-02-18 01:05:46,26.0.1,com.nordcurrent.canteenhd,Cooking Fever: Restaurant Game
afa81686-6d63-4592-b70a-1fc6240a5827,Hlelolwakhe Mtshali,https://play-lh.googleusercontent.com/a/ACg8ocIDSY05reEEsvSCMBkw3iNNYPIPnRe_BO2hx2YqYKkz3JItpg=mo,awesome all good words,5,0,,2026-02-17 23:50:25,"""Thank you for your review, Chef! We're thrilled to hear you're enjoying Cooking Fever. Keep cooking up a storm and join our community on Facebook and Instagram @CookingFeverGame!""",2026-02-18 00:36:11,,com.nordcurrent.canteenhd,Cooking Fever: Restaurant Game
e8f66461-dadb-4391-8864-0e173d7ec275,Nasrin Abbasi,https://play-lh.googleusercontent.com/a/ACg8ocJ1e7GN6ZvlLhCAG-sgZ2pwIzptDOejYgD1xkbjYwCBbjZLIQ=mo,👏🏻👏🏻,5,0,26.0.1,2026-02-17 22:36:13,"Thank you so much for your amazing review! We are glad you are enjoying Cooking Fever. Keep cooking, Chef! Join us on Facebook and Instagram at @CookingFeverGame for more fun!",2026-02-17 23:14:10,26.0.1,com.nordcurrent.canteenhd,Cooking Fever: Restaurant Game
bc67fdbe-8edb-424d-b570-3cbca5327d99,Toluwani Adewumi,https://play-lh.googleusercontent.com/a/ACg8ocKG-k-_KDaf0YXpCMH6qZjB2eC1qyWGnYaFAHORF8OU_TspJA=mo,like it ig,5,0,26.0.1,2026-02-17 20:21:06,"Thank you for your support, Chef! We are glad you are enjoying Cooking Fever. Join our community on Facebook and Instagram @CookingFeverGame for more fun.",2026-02-17 21:12:27,26.0.1,com.nordcurrent.canteenhd,Cooking Fever: Restaurant Game
80080cd8-699b-4c28-ac58-375873173bb0,Tycenos Dad,https://play-lh.googleusercontent.com/a-/ALV-UjXcNY7N74-pbXLX8WbK8ak8U4grC1MoSHa_xD_kDcFAr2g_PWk,goated,5,0,26.0.1,2026-02-17 19:20:52,Thank you for leaving a review for Cooking Fever! We appreciate your support and hope you have a great time playing as a Chef. Join our community on Facebook and Instagram @CookingFeverGame!,2026-02-17 20:15:24,26.0.1,com.nordcurrent.canteenhd,Cooking Fever: Restaurant Game
f46fad27-0e25-447f-84a2-22f4da27cfa7,Maria masebati Rammala,https://play-lh.googleusercontent.com/a/ACg8ocKFLTRJknqPuuvuK58ljxgZfMPFdkuMQSrZQSsGXs71OVl2wg=mo,interesting,5,0,26.0.1,2026-02-17 19:03:17,Thank you for your interesting review! We're so glad you're enjoying Cooking Fever. Keep cooking and don't forget to join our Chef community on Facebook and Instagram @CookingFeverGame!,2026-02-17 19:54:39,26.0.1,com.nordcurrent.canteenhd,Cooking Fever: Restaurant Game
1cb79499-023f-45b6-8ac6-7e5e11aed69f,Bijimol K K,https://play-lh.googleusercontent.com/a/ACg8ocLQlNlTU5iFvED8lLrGw77di-ZsB7cKqWOIK86msveeV3U_uA=mo,"Diamonds are the most essential thing needed in this game. However, I’m not getting any diamonds at all. To upgrade the kitchen, we need diamonds. This game is very boring now 👎🏻",1,0,26.0.1,2026-02-17 17:54:30,"Thank you for sharing your feedback. We apologize for any inconvenience. Have you checked our Facebook page for contests and giveaways? Keep cooking and have fun, Chef! 😊 #CookingFeverGame",2026-02-17 18:52:45,26.0.1,com.nordcurrent.canteenhd,Cooking Fever: Restaurant Game
b1e23d2d-d52d-49e5-94b4-2e765766884b,Vijay,https://play-lh.googleusercontent.com/a/ACg8ocJYVVYilDeIS6zDq4-qSeW7lKd9GUe7Bq-pSjLDpTCaAvkoCg=mo,it's so tension to play but exelent 🎮 😎💯,3,0,26.0.1,2026-02-17 17:36:38,Thank you for your review! We appreciate your feedback and are committed to making improvements. Join our Chef community on Facebook and Instagram @CookingFeverGame for more fun!,2026-02-17 18:31:21,26.0.1,com.nordcurrent.canteenhd,Cooking Fever: Restaurant Game
b090a754-e6ca-448f-842b-858681a656f9,Mohan P R,https://play-lh.googleusercontent.com/a/ACg8ocKiyBiA27gAIwV1AsugrLYu2Pi_8p6cNV4zQHqXqrEhqhzeNw=mo,It is a superb game actually I didn't like cooking at first but the right moment I started playing it it's a no cap I loved cooking and I don't have any disadvantages to say about this game I have been playing this game for years like I started it in the Covid time or something.... it is the BEST....,5,0,26.0.1,2026-02-17 15:13:17,"""Thank you for taking the time to leave a review! We're glad to hear you enjoy playing Cooking Fever and have found a new love for cooking. We appreciate your support and hope you continue to have fun as a Chef in our game. Join our community on Facebook and Instagram at @CookingFeverGame for more cooking adventures!""",2026-02-17 16:02:56,26.0.1,com.nordcurrent.canteenhd,Cooking Fever: Restaurant Game
ef64ca90-adcc-435c-a8ae-4ffbfefdccf7,Triston Bertalotto,https://play-lh.googleusercontent.com/a-/ALV-UjWlSEcH6XJ5tnECOLak58zLz9Z8JbG-Wfs5ipsWTot0ZVlr4VoN9g,its actually kinda addicting,4,0,26.0.1,2026-02-17 13:45:57,"Thank you for your review! We're glad you're enjoying the game. If you have any suggestions for improvement, we'd love to hear them and earn that 5-star rating! Happy cooking, Chef! 🍳 Join us on Facebook and Instagram at @CookingFeverGame.",2026-02-17 14:41:58,26.0.1,com.nordcurrent.canteenhd,Cooking Fever: Restaurant Game
f51a4efb-9e85-4300-8c4f-adc0ae8233e1,Khadija Shaukat,https://play-lh.googleusercontent.com/a/ACg8ocIgxNsrY5q014R5w4HRjG4164b_0cSoCcwVKFW6zlA2d8_0DQ=mo,Since yesterday whenever I try to play the game it says Server is not responding try again in 15 minutes.. Edit: The support team was very helpful and the issue was resolved promptly.,4,0,26.0.1,2026-02-17 13:38:16,"Thank you for taking the time to leave a review. We apologize for the inconvenience. Please contact support@nordcurrent.com for further assistance. Happy cooking, Chef!",2026-02-13 14:19:05,26.0.1,com.nordcurrent.canteenhd,Cooking Fever: Restaurant Game
37d337c4-e73a-4677-8ef2-48c4983947d3,Sivan vaiga K,https://play-lh.googleusercontent.com/a/ACg8ocKpH4b7PandATmBKeCZnm5xE-O-_TQpbwfbaZD28shqMYGtPw=mo,I love it 💞😍,5,0,26.0.1,2026-02-17 13:03:19,"Thank you for your review, Chef! We're glad you're enjoying Cooking Fever! Keep on cooking and join our community on Facebook and Instagram @CookingFeverGame!",2026-02-17 13:57:05,26.0.1,com.nordcurrent.canteenhd,Cooking Fever: Restaurant Game
f974af6f-a14c-4c9c-9228-62c0ac3973eb,Nathaniel Burlock,https://play-lh.googleusercontent.com/a/ACg8ocLQ2MB4l_4jMgDCcwoXIgL4Xa8BK-1QyQzkUsrwtNM_ffcNQg=mo,this is nostalgic,5,0,26.0.1,2026-02-17 11:52:21,Thank you for your review! We're glad to bring nostalgia through our game. Join our community @CookingFeverGame on Facebook and Instagram for more fun!,2026-02-17 12:25:51,26.0.1,com.nordcurrent.canteenhd,Cooking Fever: Restaurant Game
58da613c-dadf-4d3f-8ced-5c7cb05a2806,Ayomide Solomon,https://play-lh.googleusercontent.com/a/ACg8ocKHY7dnurR7owSyHdDGOz84VSzmYwSNAO4NPdxTTJ5gPDQS2A=mo,"for the past 6 days now I have not been able to log in, it kept showing server not responding. I think I have to delete this game now after 10 years of playing",2,0,26.0.1,2026-02-17 10:44:15,"Thank you for your feedback, Chef! We apologize for the inconvenience and would love to hear more about the server issue. We are constantly improving the game and hope you'll give us another chance in the future. Join our community on Facebook and Instagram for fun cooking content!",2026-02-17 11:18:33,26.0.1,com.nordcurrent.canteenhd,Cooking Fever: Restaurant Game
e6308912-6837-4d3c-a8f4-b0c71c7ad3fc,ye yint,https://play-lh.googleusercontent.com/a/ACg8ocKFzXKEmXI-L_90zV-BenLlZNp3Iz1N-FEyNfizhIoGRpv_JA=mo,I will really like,4,0,26.0.1,2026-02-17 10:11:30,"Thank you for playing Cooking Fever! We're glad you're enjoying the game. If you have any suggestions for improvement, we'd love to hear them. Happy cooking, Chef!",2026-02-17 10:48:12,26.0.1,com.nordcurrent.canteenhd,Cooking Fever: Restaurant Game
cb8e61ed-e03d-49dd-82a0-893b18416418,Alli Sheret,https://play-lh.googleusercontent.com/a-/ALV-UjWrF1kadoGrPi1tjkwo00jPESyyV276fkpz8QFIfW3iwcsucQiO,The game won't work it keeps saying server won't load i have uninstalled and reinstalled it. Nothing changed. Very disappointed,1,0,26.0.1,2026-02-17 04:27:13,"Thank you for taking the time to leave a review. We apologize for any inconvenience you have experienced. If you encounter any technical issues, please reach out to our support team at support@nordcurrent.com. We hope you continue to enjoy Cooking Fever.",2026-02-17 04:59:07,26.0.1,com.nordcurrent.canteenhd,Cooking Fever: Restaurant Game
06ae4dfe-6391-4f9f-b074-11b8fba903be,mouad elkens6,https://play-lh.googleusercontent.com/a/ACg8ocKS9xXB81FTpHI8sThZrX1Y5qcA66IQ131G1T-kUpUhlZYLIg=mo,i love this game i play this gmai in 2017,5,0,,2026-02-17 03:56:04,"Thank you for the review! We're glad you love the game. Keep cooking, Chef! Join our community on Facebook and Instagram @CookingFeverGame for more fun.",2026-02-17 04:30:44,,com.nordcurrent.canteenhd,Cooking Fever: Restaurant Game
9a8cdcb5-dc1e-4ced-a8f7-a160b09d75e3,Aliya Hillis-Piecyk,https://play-lh.googleusercontent.com/a/ACg8ocIx1J5mg9HRUZjkWgHzQ-yRA5gcogTvN4QpV1C4ZpIxx0WfeN4=mo,great game,5,0,26.0.1,2026-02-17 02:50:35,Thank you for your review! We're glad you're enjoying our cooking game. Keep cooking and don't forget to join our community on Facebook and Instagram at @CookingFeverGame.,2026-02-17 03:33:56,26.0.1,com.nordcurrent.canteenhd,Cooking Fever: Restaurant Game
e03809c2-998a-4044-907a-018040a8a265,Alley Symons,https://play-lh.googleusercontent.com/a-/ALV-UjWMzhUAJIA7yPJ3KZNWt-hgSCnu7wRoxQlZPZptFWtK4SITTyI,"Great game!! I've been playing this game since primary school and remember it being a lot easier back then, now it's so hard to earn gems!! Please update it so gems are easier to gain.",3,0,26.0.1,2026-02-17 02:05:54,"Thank you for your review! We appreciate your support and understanding. We are constantly working to improve the game and will consider your feedback. Happy cooking, Chef! Join us on Facebook and Instagram @CookingFeverGame.",2026-02-17 02:49:07,26.0.1,com.nordcurrent.canteenhd,Cooking Fever: Restaurant Game
ff0d0492-dbad-4006-aec4-ada0f7381b99,Tavaita Tuikoro,https://play-lh.googleusercontent.com/a/ACg8ocIQ40t1fySM_BvsuYcmX5n2qP4FZYwvAh34IlgA051as15KMw=mo,I think that cooking fever is fun,5,0,26.0.1,2026-02-17 02:03:22,Thank you for taking the time to leave a review! We're glad you're having fun with Cooking Fever. Join our community on Facebook and Instagram @CookingFeverGame. Keep cooking!,2026-02-17 02:34:51,26.0.1,com.nordcurrent.canteenhd,Cooking Fever: Restaurant Game
9ce13e7f-27e6-4f31-a903-df1f245e721d,Ahmed Nabil,https://play-lh.googleusercontent.com/a-/ALV-UjXgv1wZ2OOK5PTs88yx0xTdKNtyP8-FA83evDjJBtHzNsSkw8em,رائع,5,0,26.0.1,2026-02-16 23:46:23,Thank you for the great review! We are thrilled that you are enjoying Cooking Fever. Keep cooking and join our community on Facebook and Instagram @CookingFeverGame.,2026-02-17 00:22:47,26.0.1,com.nordcurrent.canteenhd,Cooking Fever: Restaurant Game
47b1c448-3366-4c55-9615-f7f845ac3072,Bukola Rejoice,https://play-lh.googleusercontent.com/a/ACg8ocJLtayPgl7efJ7O1JqXnChBo0VzSXSrr2YHjonflJKWYnI-pQ=mo,apart from the ads every other part of this game is fantabulous 🙌,5,0,26.0.1,2026-02-16 23:39:05,"Thank you for your review! We're happy to hear that you're enjoying our game, Chef. Keep cooking up a storm and don't forget to join our community on Facebook and Instagram @CookingFeverGame! 🍳🔥",2026-02-17 00:22:49,26.0.1,com.nordcurrent.canteenhd,Cooking Fever: Restaurant Game
d48dd3c6-0668-4210-918c-34ac2a58fe21,Megan S,https://play-lh.googleusercontent.com/a-/ALV-UjV8uzelahUd2mwCdVFlrGNDvpr5SR4ATXFV3faNXo8lUD36cYhn,"I've been playing this game for years now and only have a couple complaints. The 1st is that there is no way to convert coins to gems so you can open new restaurants easier than replaying of purchasing with real money. The 2nd is only since the most recent update that the server crashes often. Very frustrating, hope it. gets resolved quickly",4,0,26.0.1,2026-02-16 22:10:41,Thank you for your review! We appreciate your loyalty to Cooking Fever. We are constantly working to improve the game and your feedback helps us do that. Have fun playing and join our community on Facebook and Instagram @CookingFeverGame!,2026-02-16 22:59:53,26.0.1,com.nordcurrent.canteenhd,Cooking Fever: Restaurant Game
cf9f480f-6a0a-4e42-ae9a-a68abb1ace81,Ferlyn heneral P. Grajo,https://play-lh.googleusercontent.com/a-/ALV-UjUfCT0I5Vqi-L93DJo0hKOWmpRjGZ5UeQAqSJu5fEJxSivKRUI,"this is really annoys me in first game cause my hands are already tired and it's kinda horrible picking each food and bring it to the costumer,it really annoys my patient,I want it perfect to get 3 stars,but it kinda hard for me",1,0,,2026-02-16 21:53:32,"Thank you for taking the time to leave a review. We apologize for any frustration. Please reach out to support@nordcurrent.com for help or game suggestions. Happy cooking, Chef! 🔥🍴 #CookingFeverGame",2026-02-16 22:43:58,,com.nordcurrent.canteenhd,Cooking Fever: Restaurant Game
3ee98526-712b-4716-a5d8-3cebe6b944e1,Kogilavani Chanderan,https://play-lh.googleusercontent.com/a-/ALV-UjWfQShfYUgxxUhQSQ53tVRdIp9KNGa82DjvYUgnBQqW-D_tRUc,Good we will enjoy the game😊 😊 😊 😊,5,0,26.0.1,2026-02-16 21:24:30,Thank you for your review! We're glad to hear you're enjoying the game. Keep cooking and join our community on Facebook and Instagram at @CookingFeverGame.,2026-02-16 22:06:56,26.0.1,com.nordcurrent.canteenhd,Cooking Fever: Restaurant Game
6dffe89f-199f-41bb-8287-963e12931b98,Ridhima,https://play-lh.googleusercontent.com/a-/ALV-UjV89Nr67SrClcA7vAqQupG_yUheHLh5_YOrDVjMM8Fdvcx2SZo,I really really like this game this is very very nostalgic to me as I play this game every day 5-6 years back .after I started playing in 2026 I was in 1st when I liked to play ts game🎀🎀🎀,5,0,26.0.1,2026-02-16 20:49:34,Thank you for sharing your love for Cooking Fever! We're thrilled to hear it brings you nostalgia. Keep cooking and join our community on Facebook and Instagram! @CookingFeverGame,2026-02-16 21:33:15,26.0.1,com.nordcurrent.canteenhd,Cooking Fever: Restaurant Game
e32324e4-75eb-4baa-ba4c-7a7a3f19b2a8,seren regola,https://play-lh.googleusercontent.com/a/ACg8ocLQD_R-Nl-3AKeQEFvJT_haB8-o1gqyjktZRx_aBgSGBW2jFw=mo,"its an okay game but just annoying every time I go to press play on the level it says me pressing this helping boost thing on the top to help complete the level and then like I don't want to pay 6 pound for some coins so then it freezes then I have to pretend to pay it and then click off to then go on the checklist to then go off the checklist to then play the level. it happens every time I go to play a level, freezing all the time. really annoying",2,0,26.0.1,2026-02-16 17:38:57,"Thank you for taking the time to leave a review. We apologize for any frustration you experienced while playing. We are constantly working to improve the game and hope you will give it another chance. Have fun cooking, Chef!",2026-02-16 18:24:31,26.0.1,com.nordcurrent.canteenhd,Cooking Fever: Restaurant Game
29e1573e-4476-4e2b-a3ae-d257cd0d3e9b,Susan Wolfman,https://play-lh.googleusercontent.com/a/ACg8ocLuViXNi5nGcZKDVn7ZnABJ1b2fVHjnxFqPFGaPUmJFNkVHcg=mo,"I'm not going to slide my food. You devs couldn't have made it a tap? Wake up people, this is the 21st century, not Neanderthal days.",1,0,,2026-02-16 17:32:32,Thank you for your feedback. We apologize for any inconvenience caused. We will take your suggestion into consideration. We hope you continue to enjoy playing Cooking Fever. Join our community on Facebook and Instagram for more fun Chef adventures!,2026-02-16 18:09:49,,com.nordcurrent.canteenhd,Cooking Fever: Restaurant Game
bd3be6f6-ae04-4d15-9c53-618d5a42998d,Nazim Hyka,https://play-lh.googleusercontent.com/a/ACg8ocL7YgwnTdI2RlDtB5l-0NVPJdg2gLMFKiLis_-RJN_mEjJ_xA=mo,10 pregnant Kris theory outta 10 keep going bro,5,0,26.0.1,2026-02-16 16:19:22,"""Thanks for the review, Chef! We're glad you're enjoying the game and we're constantly working to make it even better. Join us on Facebook and Instagram for more cooking fun! @CookingFeverGame""",2026-02-16 17:04:43,26.0.1,com.nordcurrent.canteenhd,Cooking Fever: Restaurant Game
8b3ac77c-b5f5-4fbb-9764-020a61a9bfcb,Leandra Govender,https://play-lh.googleusercontent.com/a/ACg8ocL0hlAvynrDRCitodTFdiL-JdatZCghu-cRNcxqkyAUgDpB1Q=mo,"I used to love playing this game as a teen, so I downloaded it again for nostalgia. But its ridiculously difficult to get anything done when Gems are so hard to get and you need it to buy everything. Its become boring and not at all enjoyable. Honestly just a greedy company thats trying to frustrate you into buying gems.",1,0,,2026-02-16 12:08:20,Thank you for taking the time to leave a review. Our team is constantly working to improve the game and we appreciate your feedback. Have fun playing as a Chef in Cooking Fever! Join us on Facebook and Instagram for more cooking fun.,2026-02-16 12:52:56,,com.nordcurrent.canteenhd,Cooking Fever: Restaurant Game
78203bf7-27b8-4760-9fca-ecd9a9f11f2b,Mellu Lewis,https://play-lh.googleusercontent.com/a-/ALV-UjXzEYkPL4PbSEMejVFTS-tt1Ke-tk2dKbMjoj6TDNR1xf4VxPk,"Came back to play this game after a very long time. Have to say, it has improved a lot since I last played. Many new restaurants and challenges are added. But the annoying thing that I faced while playing this game now is that it has way too many ads now(1 long ad every 2 levels in any restaurants). Also after playing for some time, you run out of diamonds which is a downside to this game since most of the kitchen upgrades require diamonds. Hoping to see some improvements in the future updates.",3,0,26.0.1,2026-02-16 02:10:18,"Thank you for coming back to Cooking Fever! We're glad you've noticed our new restaurants and challenges. We understand your concerns about ads and diamonds, we'll take it into consideration for future updates. Happy cooking, Chef! 🍳🔥",2026-02-16 02:49:50,26.0.1,com.nordcurrent.canteenhd,Cooking Fever: Restaurant Game
de1877dc-132a-43e4-9a54-090e37837cf5,Zainab Makda,https://play-lh.googleusercontent.com/a-/ALV-UjV_k0XRRRowwIovuQ8MI87UUGE2PbnwCV5ny3UvJ8toMw_jAOE,being an 18 year old I still do play this amazing game 'cause its so nostalgic.......,4,0,26.0.1,2026-02-16 01:20:33,"Thank you for your review, Chef! We're glad you're enjoying the game. If you have any suggestions for improvement, we'd love to hear them. Happy cooking! 🍳 Join our community on Facebook and Instagram at @CookingFeverGame.",2026-02-16 01:51:04,26.0.1,com.nordcurrent.canteenhd,Cooking Fever: Restaurant Game
50c6fb60-dfaa-4a85-b943-c341d7c9a2f0,Simphiwe Ncwane,https://play-lh.googleusercontent.com/a/ACg8ocLGfryhW1WmabPyFvV1Ud1dnl79SbyuCEpKVsSkB0aT_d6nYA=mo,it's amazing,5,0,26.0.1,2026-02-15 19:14:16,"Thank you for the kind words! We're glad you're enjoying Cooking Fever. Keep cooking up a storm, Chef! Join our community on Facebook and Instagram at @CookingFeverGame for even more fun!",2026-02-15 19:55:50,26.0.1,com.nordcurrent.canteenhd,Cooking Fever: Restaurant Game
1ca4ab9f-1296-4549-8345-7993fa8c45e8,Aysha yaara,https://play-lh.googleusercontent.com/a/ACg8ocJ58IkwBo0LH6j5fQf488TKJBrDCTqW7449eSNcPDfkUefZtg=mo,"thank you so much for making the game easier, like seriously I love you guys now. with the recent update it's much more easier to collect gems.",5,0,,2026-02-15 19:09:33,Thank you for the positive review! We're glad you're enjoying the game. Don't forget to check out our Facebook and Instagram page for more fun with Chef!,2026-02-15 19:55:57,,com.nordcurrent.canteenhd,Cooking Fever: Restaurant Game
75211c2f-952e-4449-aa90-20b8f7c0d0e2,Sara Ismail aljohar,https://play-lh.googleusercontent.com/a/ACg8ocJ1-z9T2QUxr-MH-K61QZqO3IlC9I5VL11aI1cSWmV-wDkdRw=mo,Amazing game I have seen in my life 🥰😁,5,0,26.0.1,2026-02-15 17:40:22,"Thank you for your amazing review, Chef! We're thrilled to hear you're enjoying Cooking Fever. Join our community on Facebook and Instagram @CookingFeverGame for even more fun! 🍳🔥",2026-02-15 18:20:00,26.0.1,com.nordcurrent.canteenhd,Cooking Fever: Restaurant Game
9b246158-9065-4f0e-a39c-b5600d237df8,Firdous Zubiya,https://play-lh.googleusercontent.com/a-/ALV-UjXF_ynmZIxqrW0IZpiRU-1dgATaztQFu2sy4TwrdsWGIRrm1bw,please arrange any easy tasks to earn. the diamonds.. Other than that every thing is fine.,5,0,26.0.1,2026-02-15 17:08:02,Thank you for your review! We're glad you're enjoying Cooking Fever. We'll pass along your suggestion to our team. Keep cooking and join us on Facebook and Instagram @CookingFeverGame!,2026-02-15 18:03:05,26.0.1,com.nordcurrent.canteenhd,Cooking Fever: Restaurant Game
f5a8f170-db85-41ca-a608-3fbe22525dba,Mohammed Adnaan,https://play-lh.googleusercontent.com/a-/ALV-UjU6epc2VKWBKzdNr8aaJ8CxFJQiiQngEEIIiz21FTC0XJ_zqaE,when I was kid I play this game and I loved soon much to play this game but now this game is became soo worst due to ads,1,0,26.0.1,2026-02-15 14:44:26,Thank you for taking the time to leave a review. We apologize for any inconvenience caused by ads. Have fun playing as a Chef and join our community on Facebook and Instagram at @CookingFeverGame.,2026-02-15 15:28:20,26.0.1,com.nordcurrent.canteenhd,Cooking Fever: Restaurant Game
9e185783-53d6-4dcd-b4f1-26a895e4e5f4,Ms sofy,https://play-lh.googleusercontent.com/a-/ALV-UjWKY1ekQEIXflcYSxWpKSXP-MxUwU8-dDhTlLfGCsmF5UCiSKS6,super 🎮 game,5,0,26.0.1,2026-02-15 14:26:53,Thank you for your review! We're glad you're enjoying our cooking game. Keep having fun as Chef and join our community on Facebook and Instagram @CookingFeverGame! 🍳,2026-02-15 15:12:54,26.0.1,com.nordcurrent.canteenhd,Cooking Fever: Restaurant Game
8b92a914-6f0b-4cc5-8a98-fd0a14636704,Denelia Dent,https://play-lh.googleusercontent.com/a-/ALV-UjWJAxugtCrKmGeG9--8grvGYE415QeFSSeUGHRcmjMXn_Vcxmon,"this is an absolutely great game. been playing on and off for years however I'm having some issues. not sure if it's my device or the app, but last year it stopped working; just kept crashing and going back to home screen. uninstalled and reinstalled it last week and it started working and a few days ago, it reverted to the same problem. this is getting frustrating. I've tried so many things to get it working again but it's still the same thing. can anyone assist with that?",4,0,26.0.1,2026-02-15 08:08:22,"Thank you for your review! We're glad you've been enjoying Cooking Fever for years. Sorry for the issues you're having. Please contact support@nordcurrent.com for help. Happy cooking, Chef!",2026-02-15 08:49:53,26.0.1,com.nordcurrent.canteenhd,Cooking Fever: Restaurant Game
3a77a186-74a4-486a-ac6e-653726386c9d,Melissa Faulkner,https://play-lh.googleusercontent.com/a/ACg8ocKPrZGzTswaNDsKkMH2G3qwY04cVAAcpGGaMs5ZByGEnOKdrQ=mo,love it,5,0,26.0.1,2026-02-15 07:10:54,"Thank you for the love! We're thrilled that you enjoy playing Cooking Fever. Keep up the great work, Chef! Join us on Facebook and Instagram at @CookingFeverGame for more fun.",2026-02-15 07:48:56,26.0.1,com.nordcurrent.canteenhd,Cooking Fever: Restaurant Game
f3b22c5d-d8a1-44f0-9ac6-09474242d8c1,Ash Farrell,https://play-lh.googleusercontent.com/a-/ALV-UjXPeA-S9MgYxyTo_HnT8rDfBeyY8FvBOcGSDnqDdYT8ojWBPSLZ,"amazing. wish it would let me play, because everything I try, it says that the server is unavailable.",1,0,26.0.1,2026-02-15 05:07:31,"Thank you for sharing your experience with Cooking Fever. We apologize for any inconvenience and encourage you to contact support@nordcurrent.com for assistance. Happy cooking, Chef!",2026-02-15 05:43:36,26.0.1,com.nordcurrent.canteenhd,Cooking Fever: Restaurant Game
194f8ac4-fe93-4c1d-81a1-4cfb5b609acf,Chinnu das,https://play-lh.googleusercontent.com/a-/ALV-UjVfkF96uLRb_temC5QQh8j76zejW__TPK4vrL42Ter67swLVrBx,guud,5,0,26.0.1,2026-02-14 21:35:13,"Thank you for the review, Chef! We're glad you're enjoying Cooking Fever. Join our community on Facebook and Instagram @CookingFeverGame for more fun. Happy cooking!",2026-02-14 22:15:28,26.0.1,com.nordcurrent.canteenhd,Cooking Fever: Restaurant Game
74a538db-59a2-49e4-b029-996a14039851,Samkelemlotshwa Ignatius,https://play-lh.googleusercontent.com/a/ACg8ocIZp3Phjh8d-ikPBlK946lJlHBRBN7qcui3hlUzIBNAvVGBeQ=mo,this right here is my childhood,5,0,26.0.1,2026-02-14 20:49:05,"Thank you for taking the time to leave a review! We're glad that Cooking Fever has been a part of your childhood. Keep on cooking, Chef! Join our community on Facebook and Instagram at @CookingFeverGame.",2026-02-14 21:40:00,26.0.1,com.nordcurrent.canteenhd,Cooking Fever: Restaurant Game
c8122b75-9e07-40c0-bf76-3ac10b5e728b,Noluthando Keke,https://play-lh.googleusercontent.com/a-/ALV-UjW7Y0x5XNG2G_GTaUpotxnG34YITIHELQkXOYaNvdDj_g6iNfw,cooking it's my favourite and ilike this game cz it makes my brain works ❤️😘,5,0,26.0.1,2026-02-14 20:46:35,"""Thank you for the lovely review! We're thrilled to hear that Cooking Fever keeps your mind sharp and brings you joy. Join us on Facebook and Instagram for more fun as a Chef!""",2026-02-14 21:40:02,26.0.1,com.nordcurrent.canteenhd,Cooking Fever: Restaurant Game
d8ce7060-230b-424f-8d8c-4250ace43c82,Siyakholwa Mtya,https://play-lh.googleusercontent.com/a-/ALV-UjUwESvdHjQKqqYWv4i2cr1yzRVoRZAeSO8XQv8_iBHxuXGFua3S,best childhood game,5,0,,2026-02-14 19:27:09,"Thank you for the kind words! We're thrilled to hear that Cooking Fever brings back happy memories for you. Keep cooking, Chef! Join our community on Facebook and Instagram @CookingFeverGame for more fun.",2026-02-14 20:03:19,,com.nordcurrent.canteenhd,Cooking Fever: Restaurant Game
3a177424-f570-480e-b05f-7916c11ecca5,Lynette Ferreira,https://play-lh.googleusercontent.com/a-/ALV-UjVHIRlszYF57I0v_5U5YwUl7rmHRWKBT_F6YeeYRNXTErVHmsU,for adulits and kids,5,0,,2026-02-14 19:25:08,Thank you for your review! We're glad both adults and kids enjoy playing Cooking Fever. Join our community on Facebook and Instagram @CookingFeverGame for more fun!,2026-02-14 20:03:21,,com.nordcurrent.canteenhd,Cooking Fever: Restaurant Game
8b58f2b1-b303-4f2e-97bd-f4e2250a53a8,Akinrimisi Omolake Ajoke,https://play-lh.googleusercontent.com/a-/ALV-UjVoWSaBIdDeiVRVyxMVdMGpY6Wr9EefyfNv27ybv1uiu-9zakM,amazing came,5,0,26.0.1,2026-02-14 12:47:16,Thank you for your amazing review! We're glad you're enjoying being a Chef in Cooking Fever. Join our community on Facebook and Instagram @CookingFeverGame for more fun!,2026-02-14 13:34:52,26.0.1,com.nordcurrent.canteenhd,Cooking Fever: Restaurant Game
87b050d2-2e07-4947-ae25-a77b5f2fba84,Sicnarf Maldonado,https://play-lh.googleusercontent.com/a-/ALV-UjXE5V0LiMj1T8aRISxYzQgkTXkdLCfhqKSNfPO4wYkPB_z6zoMG,its always my favorite game,5,0,26.0.1,2026-02-14 12:37:58,Thank you for your support and for making Cooking Fever your favorite game! Join our Chef community on Facebook and Instagram for more fun and updates. @CookingFeverGame,2026-02-14 13:17:08,26.0.1,com.nordcurrent.canteenhd,Cooking Fever: Restaurant Game
7abd1610-1645-494c-b290-34941f5f2aa7,Toy Cok,https://play-lh.googleusercontent.com/a/ACg8ocJwh6fk9289qyFaKhSoZYo8wrKwnytFYljb36igqHHJF5W5vQ=mo,very good,1,0,26.0.1,2026-02-14 11:51:21,"""Thank you for your support and positive feedback! We hope you continue to enjoy being a chef in Cooking Fever. Join our community on Facebook and Instagram @CookingFeverGame for more fun!""",2026-02-14 12:44:17,26.0.1,com.nordcurrent.canteenhd,Cooking Fever: Restaurant Game
23f19e16-616b-414c-8f8f-3a73c6150c5f,Iman,https://play-lh.googleusercontent.com/a-/ALV-UjXrNfW24F2OrBOXZHgsyOofbOZZnPklLjI2VxCGgzbmqV4eLBr7,"such a excellent game, my favourite",5,0,26.0.1,2026-02-14 09:28:46,Thank you for the great review! We're thrilled to hear Cooking Fever is your favorite game. Join our community on Facebook and Instagram at @CookingFeverGame for more fun!,2026-02-14 10:12:14,26.0.1,com.nordcurrent.canteenhd,Cooking Fever: Restaurant Game
542956bd-ccd4-46ac-8b90-f238fab38035,Kagiso Motswane,https://play-lh.googleusercontent.com/a/ACg8ocK7m_Rue4ASKVdhCS4OU5XVFzeY1gBohrvhoYMMcEaW8drZdg=mo,Good,5,0,26.0.1,2026-02-14 01:18:37,"Thank you for your positive review! We are thrilled to hear that you are enjoying Cooking Fever. Keep on cooking, Chef! Join our community on Facebook and Instagram @CookingFeverGame for more fun.",2026-02-14 01:55:04,26.0.1,com.nordcurrent.canteenhd,Cooking Fever: Restaurant Game
092566d0-49f7-4a77-81a3-339b4e8da132,Jayda Wright,https://play-lh.googleusercontent.com/a-/ALV-UjX24dEaec48-GtE7Z6K7Q5YzHro6uCPHV-CUMLZoMks-Hc68wo,I used to play this game when I was a kid and now I'm 15 and I'm playing it again. love this game,5,0,,2026-02-13 21:29:10,"Thank you for your review, Chef! We're thrilled to hear that you're enjoying Cooking Fever again after all these years. Keep cooking and join our community on Facebook and Instagram @CookingFeverGame for more fun updates. Happy cooking! 🍳🔥",2026-02-13 22:08:09,,com.nordcurrent.canteenhd,Cooking Fever: Restaurant Game
609898de-a7f4-4e13-ab7a-92d31cfebc11,Meguen Cudia,https://play-lh.googleusercontent.com/a-/ALV-UjX63LrChIZuQgTpRQ76ANnHHgFF2rs87bQNvsxNxRtCGMm1wzRX,there should be a lot more ways to make gems 🥹,4,0,,2026-02-13 19:58:38,"""Thank you for your review, Chef! We're glad you're enjoying the game. We're always open to suggestions for improvement. Join our community on Facebook and Instagram for more fun cooking adventures! 🍳 #CookingFeverGame""",2026-02-13 20:45:14,,com.nordcurrent.canteenhd,Cooking Fever: Restaurant Game
309a37d3-4336-47b9-a3f1-52fd426d5e9a,phal seyha,https://play-lh.googleusercontent.com/a-/ALV-UjVOXOprTrz5_4aLONokev-Mlz5BsSVXnZh9fHndrFyWBa5APmM,Why i can't download this game?,1,0,,2026-02-13 19:49:22,Thank you for leaving a review! We apologize for any inconvenience. Please contact support@nordcurrent.com for assistance. We hope you can join our Chef community on Facebook and Instagram @CookingFeverGame!,2026-02-13 20:45:22,,com.nordcurrent.canteenhd,Cooking Fever: Restaurant Game
a6cb5ddd-5122-45d9-9e9c-cb9a338d304a,Raji Oluwafifunmi,https://play-lh.googleusercontent.com/a/ACg8ocJn_Tz7FR7uAi42K5lUW1ghNc4rxW0NfJi1HjsxNhS_GvqyIA=mo,It requires really good Internet connection,1,0,26.0.1,2026-02-13 17:29:46,Thank you for your feedback! We apologize for any inconvenience caused by the need for a strong internet connection. We hope you still have fun playing as a Chef! 🍳 Don't forget to check our Facebook and Instagram for community events and giveaways. Happy cooking! 🍴 #CookingFeverGame,2026-02-13 18:14:19,26.0.1,com.nordcurrent.canteenhd,Cooking Fever: Restaurant Game
2e2df158-cbcf-4e57-a2e7-06bbd6b9d867,kæ,https://play-lh.googleusercontent.com/a-/ALV-UjWP_VWnlBk6G4rPsUJGHNhdfLb2m35I9xT5rCvpPnbkG5wtV28UDg,nice,5,0,26.0.1,2026-02-13 17:23:11,"Thank you for your kind words about Cooking Fever! We are thrilled that you are enjoying the game. Keep on cooking, Chef! 😉 Join our community on Facebook and Instagram at @CookingFeverGame.",2026-02-13 18:14:24,26.0.1,com.nordcurrent.canteenhd,Cooking Fever: Restaurant Game
5c07aec0-28bf-421d-8f9e-aaeb4bf84281,leo flank,https://play-lh.googleusercontent.com/a-/ALV-UjWwPsvP1JdYFwDdUVXWVJZ27nnVfu1NG5xBYtr7rJWoUAOqaEeJ,💕💕💕💕💕💕,5,0,26.0.1,2026-02-13 15:40:07,"Thank you for the lovely review! We're thrilled you're enjoying Cooking Fever. Keep cooking and don't forget to join our community on Facebook and Instagram at @CookingFeverGame. Happy cooking, Chef!",2026-02-13 16:21:59,26.0.1,com.nordcurrent.canteenhd,Cooking Fever: Restaurant Game
a358a4c2-20e0-41bf-8db8-1e2041f7d781,Dadiva Francisco,https://play-lh.googleusercontent.com/a/ACg8ocILYXlKgetP_1hHEBKaOsIRryBQUCjNqu58wZhkKclDFHELqA=mo,we should get more free gems,4,0,26.0.1,2026-02-13 15:36:44,"Thank you for your review! We appreciate your feedback and are glad you enjoy playing Cooking Fever. Have you checked out our Facebook page for chances to win gems? Keep cooking, Chef!",2026-02-13 16:22:01,26.0.1,com.nordcurrent.canteenhd,Cooking Fever: Restaurant Game
82e558e9-3667-4f54-a5ae-60b43b2a70a0,Sarah,https://play-lh.googleusercontent.com/a/ACg8ocJsHVY1k1OxubNqF0pChpM4xB5DG2JO9eOy3NC2XwFzeJJ-FA=mo,its use to be offline,1,0,,2026-02-13 12:43:09,Thank you for taking the time to leave a review. We're sorry that our game doesn't have an offline mode. We hope you can still enjoy cooking up a storm as a Chef! Join our community on Facebook and Instagram @CookingFeverGame for more fun.,2026-02-13 13:18:38,,com.nordcurrent.canteenhd,Cooking Fever: Restaurant Game
e69bf75d-97aa-40fb-bdc1-e8df79ef69f9,Stefany Kang,https://play-lh.googleusercontent.com/a/ACg8ocLaDM1bGseE8NtK0zkkjj2stifNi06Mx8wUJdkPUyRpUP_DLQ=mo,"dari kemarin nggak bisa kekurangan dari iklan, terpaksa harus uninstall dulu🤦",4,0,,2026-02-13 11:28:42,Thank you for your honest review. We apologize for any inconvenience with the ads. Please join our community on Facebook and Instagram as Chef and share your suggestions for a 5-star experience. Happy cooking!,2026-02-13 12:20:44,,com.nordcurrent.canteenhd,Cooking Fever: Restaurant Game
a1402079-c7f5-46e1-a67e-8c03c52e0d2b,Joy Mallick,https://play-lh.googleusercontent.com/a/ACg8ocKtt1NQspK5_xZkgOa9E4g3Wte0QaXupPrGVzvrOecz0QzmOw=mo,good game,5,0,26.0.1,2026-02-13 11:28:02,Thank you for the positive feedback! We're glad you're enjoying playing as a Chef. Join our community on Facebook and Instagram at @CookingFeverGame for more fun!,2026-02-13 12:20:46,26.0.1,com.nordcurrent.canteenhd,Cooking Fever: Restaurant Game
e9c9292e-04ca-41fd-9e5a-82e0bfb62140,Prie Moyo,https://play-lh.googleusercontent.com/a-/ALV-UjVbF0YOZRo9WzXZk0gNRvftIUNDCNjDH7Mqxx_IK4__VKME69Q,I want to purchase I'm in South Africa how do I purchase on the game,5,0,26.0.1,2026-02-13 01:08:23,"Thank you for your review! We're glad you're enjoying Cooking Fever. For purchases, please check our Facebook page for contests and giveaways. Happy cooking, Chef! @CookingFeverGame",2026-02-13 01:44:19,26.0.1,com.nordcurrent.canteenhd,Cooking Fever: Restaurant Game
a5575d2e-04fa-4bb7-a53c-19436e7aef25,Mae Jane Araneta,https://play-lh.googleusercontent.com/a-/ALV-UjUTr6BRrOW-VDi8jYM6KerDudS58dpjkev2XZsGJQRGRh9isBT_9Q,good,5,0,26.0.1,2026-02-12 22:15:44,"Thank you for your kind words! We are glad you are enjoying Cooking Fever. Keep cooking and don't forget to join our community on Facebook and Instagram @CookingFeverGame. Happy cooking, Chef!",2026-02-12 22:53:15,26.0.1,com.nordcurrent.canteenhd,Cooking Fever: Restaurant Game
8f7d960c-8a66-47c5-a889-b0519f4f9a46,Eric Tulloch,https://play-lh.googleusercontent.com/a-/ALV-UjWH-FSZrOgGy-sGmtF6U7eGfko4cUnaKsMnv7cFzXT2vdTFqCKJ,one of the best games ever! fun leveling system. I even learned some new foods from playing,5,0,26.0.1,2026-02-12 20:10:27,"Thank you for your review and for being a part of our cooking journey, Chef! We are thrilled to hear that you are enjoying the leveling system and even discovering new foods. Keep cooking and don't forget to join our community on Facebook and Instagram at @CookingFeverGame. Happy cooking!",2026-02-12 20:58:02,26.0.1,com.nordcurrent.canteenhd,Cooking Fever: Restaurant Game
efbb5019-ae62-4a94-b5b2-ca19d9b1e51e,Frederic de Ville,https://play-lh.googleusercontent.com/a/ACg8ocILdNJMoqH8LQ8c6VoGyEomQpi800pZKra2lBltCMjYVnQP9Q=mo,"Unfortunately, without in-app purchases, you can't go any further than the first 3 (out of 49) worlds of ""Cooking Fever"" (Fast Food Court, Sports Bar, and Chinese Restaurant). Diamonds are really not easy to gain. Getting the real minimum in terms of upgraded appliances and food and restaurant upgrades to make sure you get 3 stars everywhere and win a maximum of diamonds, you won't go any further. Too expensive to keep playing. It's a real shame as the game was greatly entertainin otherwise.",3,1,26.0.1,2026-02-12 17:32:48,Thank you for your review of Cooking Fever. We appreciate your feedback and understand your concerns. We are committed to improving the game and would love to hear more details from you. We invite you to join our Chef community on Facebook and Instagram for updates and contests. Happy cooking!,2026-02-12 18:18:06,26.0.1,com.nordcurrent.canteenhd,Cooking Fever: Restaurant Game
ebc1d5c3-de94-4aee-9949-56104e2c7502,Aku Gazzella,https://play-lh.googleusercontent.com/a/ACg8ocIYiwpOHCQihQ0nBvXskpJQ10qbrocdjRnHPO0_ugmH5YKLbA=mo,Too many ads.,2,0,26.0.1,2026-02-12 17:29:31,"Dear player, thank you for your review. We apologize for the inconvenience caused by ads. We'll strive to improve and hope you continue to enjoy the game. Happy cooking, Chef! 🍳 Don't forget to join our community on Facebook and Instagram at @CookingFeverGame for more fun!",2026-02-12 18:18:09,26.0.1,com.nordcurrent.canteenhd,Cooking Fever: Restaurant Game
2c809e04-aa8b-40c6-a15e-6ffb04fa04e1,Mthobisi Ndlangamandla,https://play-lh.googleusercontent.com/a/ACg8ocJ_lkZTZxKhKdhuXCNr92-XjI143dpBpGS-K6JZCApl_Iuc=mo,my favorite game ever,5,0,26.0.1,2026-02-12 13:12:26,"Thank you for the amazing review! We are thrilled to hear that Cooking Fever is your favorite game. Keep on cooking, Chef! Join our community on Facebook and Instagram for even more fun. @CookingFeverGame",2026-02-12 14:08:46,26.0.1,com.nordcurrent.canteenhd,Cooking Fever: Restaurant Game
b32867c6-9e33-4abc-bb93-564149ee71da,Diane mayfield,https://play-lh.googleusercontent.com/a-/ALV-UjWAT1smGF8jOpWoo2RnVeNPY3OwNckpv8DsiX2puz8YjfDY-Hxh,I Enjoy playing cooking fever,5,0,26.0.1,2026-02-12 08:44:20,"Thank you for the review, Chef! We are glad you are having fun playing Cooking Fever. Keep cooking and don't forget to join our community on Facebook and Instagram @CookingFeverGame.",2026-02-12 09:21:44,26.0.1,com.nordcurrent.canteenhd,Cooking Fever: Restaurant Game
3122a36c-359c-41bc-85a3-b1292a64f3bf,AGS,https://play-lh.googleusercontent.com/a-/ALV-UjWYYMOtjLNr_W2Y9nwlDlSxtmeCEuGVS61dQphchE6fxZy9pXZq,"Daily quest told me to log back into my account. Doing so rolled me back to an old save and I lost 2 restaurants, 100000 coins, and 30+ gems.",1,0,11.1.0,2026-02-12 06:07:20,"Thank you for your review. We apologize for any inconvenience. Please contact support@nordcurrent.com for assistance and consider adjusting your rating. Happy cooking, Chef!",2026-02-12 06:40:59,11.1.0,com.nordcurrent.canteenhd,Cooking Fever: Restaurant Game
e387872b-4541-406f-a3c8-098b057f8a15,kolawole oladimeji,https://play-lh.googleusercontent.com/a-/ALV-UjU_MI7nljCMotCJR1KVCvwARloOfeXv-RuFdSvL66Qwkc7WC8k,very great game,5,0,26.0.1,2026-02-12 02:04:11,Thank you for the positive review! We're glad you're enjoying Cooking Fever. Join our community on Facebook and Instagram @CookingFeverGame for more fun.,2026-02-12 02:41:41,26.0.1,com.nordcurrent.canteenhd,Cooking Fever: Restaurant Game
067a2698-468d-4abe-86ff-7ca6a8bb321f,SAI RAM,https://play-lh.googleusercontent.com/a/ACg8ocLPHjtywVMG548UE694WSLvdDDXuaDw6d4HSsW59tDr0rCwfUT1=mo,no gems after level 25... need pay for gems,1,0,26.0.1,2026-02-12 02:03:49,Thank you for your review! We're sorry you're facing issues with gems. Consider checking our Facebook page for free gems and join our community of Chefs on Facebook and Instagram at @CookingFeverGame. Happy cooking!,2026-02-12 02:41:43,26.0.1,com.nordcurrent.canteenhd,Cooking Fever: Restaurant Game
1e05b1e2-8aad-49b3-b1f3-3e2dded93658,Emama Naeem,https://play-lh.googleusercontent.com/a-/ALV-UjWhuIhWdO0zxW2AGC_FFcYU0CE297nt0gFzZqIuOkhwRwNOPCEz,"Its very amazing but gems , diamonds are limited . And my game shown server issue and server is not responding signs kindly resolve it asap.",4,0,26.0.1,2026-02-12 00:56:16,"Thank you for the review, Chef! We're glad you're enjoying the game. We'll take your feedback into consideration for future updates. Join us on Facebook and Instagram for more cooking fun!",2026-02-12 01:25:43,26.0.1,com.nordcurrent.canteenhd,Cooking Fever: Restaurant Game
55c7eb92-db34-4758-9a59-9018f0cde38f,Chandni Parveen,https://play-lh.googleusercontent.com/a/ACg8ocJxg6sy3R6i5hKsczj8H3dtO8BVwP8YDae9Fw77A1yyBzlryA=mo,I didn't get the gems from few days I complete all levels but I didn't gets the gems little bits gems got from casino,1,0,,2026-02-12 00:10:30,"Thank you for your review, Chef. We apologize for the issue with gems and encourage you to reach out to support@nordcurrent.com for assistance. Have fun cooking! #CookingFeverGame",2026-02-12 00:43:17,,com.nordcurrent.canteenhd,Cooking Fever: Restaurant Game
14e10b13-03cd-4187-9e1e-8e6a134e8f19,Edet Ruth,https://play-lh.googleusercontent.com/a-/ALV-UjXkaeh4aaCqjWLhYbkhCcKjP-UIb-xnI0pIIjBGYy-9TGBNm7Y,"I use to play this game before and it did not require Data to play, pls make it that way. I should be able to play offline",3,0,26.0.1,2026-02-12 00:06:55,"Thank you for your review! We appreciate your feedback and we understand your mixed feelings. We are constantly working to improve the game and will take your suggestion into consideration. Have fun cooking, Chef! Join our community on Facebook and Instagram at @CookingFeverGame.",2026-02-12 00:43:19,26.0.1,com.nordcurrent.canteenhd,Cooking Fever: Restaurant Game
ce89c0bd-2d53-4ebd-a709-db319af2f9b8,Iviwe Dazela,https://play-lh.googleusercontent.com/a/ACg8ocIBGMC_7B4dEKEuDa18NDBn4f1EQ1GhYqiFWIyOwHLzNrshvA=mo,great,5,0,26.0.1,2026-02-11 21:16:13,Thank you so much for your support and kind words! We are thrilled that you are enjoying Cooking Fever as much as we do. Keep cooking and don't forget to join our community on Facebook and Instagram at @CookingFeverGame. Happy gaming!,2026-02-11 21:59:27,26.0.1,com.nordcurrent.canteenhd,Cooking Fever: Restaurant Game
5f23a339-dfc9-4aa5-8b98-6247d7b89bcf,Robert Dasch,https://play-lh.googleusercontent.com/a/ACg8ocIPPHb-tJnhIJOwopG013Ad0gZYjQfNgGOZ0XpGdnugKkywuQ=mo,I am getting way too many spam calls when I downloaded this game hang ups that leave no messages and usually with the same area code 15 calls it interrupted the game on the screen however i did enjoy the game but its not worth all the calls from 3 parties 😕,1,0,,2026-02-11 20:35:38,"Thank you for your review! We apologize for any inconvenience caused by the spam calls. Please feel free to contact support@nordcurrent.com for assistance. We hope you continue to enjoy playing Cooking Fever! Chef, have a great day! 🍳",2026-02-11 21:19:13,,com.nordcurrent.canteenhd,Cooking Fever: Restaurant Game
914d94b5-781b-4cf1-a286-c748bd684b3a,Stella Eboigbe,https://play-lh.googleusercontent.com/a/ACg8ocLNLM6mhqqUBvD1EZ-JZEl8GsKfPKoMxdF8yT2fAU8CrqMK6Q=mo,no the game is ewwwwwwww,1,0,20.1.0,2026-02-11 19:50:18,Thank you for your review. We're sorry to hear you didn't enjoy the game. We hope you give it another chance and join our Chef community on Facebook and Instagram @CookingFeverGame.,2026-02-11 20:42:45,20.1.0,com.nordcurrent.canteenhd,Cooking Fever: Restaurant Game
32a24fe7-ac36-47e2-9117-92c79800ad8e,Aayan Rizvi,https://play-lh.googleusercontent.com/a-/ALV-UjVi8qJwil5Hzi9DSLw4T-P0M1tFtS3NMP500w9okR74IxqOX5w,Omg. this is literally the best cooking game I have played in my life. I feel like a real MasterChef ❤️❤️,5,0,,2026-02-11 15:44:45,"Thank you for your amazing review, Chef! We are thrilled that you feel like a MasterChef while playing Cooking Fever. Join our community on Facebook and Instagram @CookingFeverGame for more fun cooking adventures. Keep cooking!",2026-02-11 16:41:24,,com.nordcurrent.canteenhd,Cooking Fever: Restaurant Game
74288631-60f9-467d-a1b8-06289299c769,Sage Irwin,https://play-lh.googleusercontent.com/a-/ALV-UjV-_ex8hMBD7H7SyXfkvJhwhR7BVGyNuCvaS7y3DYuKDpOBgc-G,It would be an amazing game if you could actually progress and update stuff without paying for gems or taking forever.,1,0,26.0.1,2026-02-11 13:04:08,"Thank you for your feedback, Chef! We understand your frustration and we're constantly working to improve the game. We invite you to join our community for contests and giveaways on Facebook and Instagram @CookingFeverGame.",2026-02-11 13:58:28,26.0.1,com.nordcurrent.canteenhd,Cooking Fever: Restaurant Game
cd87816b-942c-455a-8b39-7b62bfa268db,Mujib Makrani,https://play-lh.googleusercontent.com/a-/ALV-UjVo_CJYmhN2FNhtGslYiwzMzdiXXi7HZqxC-3axD_hoLdOSdfAs,the game is really cool but upgrading the restaurant or purchasing a new one is really difficult as it is very hard to earn gems/diamonds and you need diamonds for every upgrade or unlocking new restaurant. please make it easy to earn diamonds. it looks like you want people to get stuck on the same restaurant forever.,1,0,26.0.1,2026-02-11 11:24:19,"Thank you for your review. We're glad you're enjoying the game. We understand your concern about earning gems, we'll take it into consideration. Have fun playing as a Chef! Join our community on Facebook and Instagram @CookingFeverGame for tips and tricks.",2026-02-11 12:16:59,26.0.1,com.nordcurrent.canteenhd,Cooking Fever: Restaurant Game
30eef58a-4724-4413-a021-811e44fa50b5,Shehinsha Shehinsha s,https://play-lh.googleusercontent.com/a/ACg8ocL_63cLQiMePVdvJCMwI3F_YAZc3ZXHGkZIVAKGT9dKzUk9=mo,it is loading tooo farrr....🙂😅😅,1,0,,2026-02-11 09:08:22,"Thank you for taking the time to leave a review. We apologize for any loading issues you may be experiencing. Please reach out to support@nordcurrent.com for assistance. Keep cooking, Chef! 🍳🔥 #CookingFeverGame",2026-02-11 10:01:26,,com.nordcurrent.canteenhd,Cooking Fever: Restaurant Game
665338f2-24ef-4fa5-b0cf-b2e9679b1b2d,Sham Poop,https://play-lh.googleusercontent.com/a/ACg8ocL-4xOouhwy5Z62roGi04EVo7_fmcre37abQv8Z5VYK6OKjqA=mo,I love it,5,1,26.0.1,2026-02-11 07:03:09,"Thank you for your kind words! We are thrilled to hear that you are enjoying Cooking Fever. Keep on cooking, Chef! Don't forget to join our community on Facebook and Instagram @CookingFeverGame.",2026-02-11 07:39:03,26.0.1,com.nordcurrent.canteenhd,Cooking Fever: Restaurant Game
e32995a9-38b9-4c27-8144-a03bf10a10b3,ibrahem Hossny,https://play-lh.googleusercontent.com/a/ACg8ocLwmvlXbNelAqCxkSj5u6pcVZlr0CsTfVNzfr6qwdEK3WJL2A=mo,one thing I can say I think it's been 10 or 11 years playing this game,5,0,26.0.1,2026-02-11 04:50:48,"""Thank you for your loyalty, Chef! We're glad you've been enjoying Cooking Fever for so long. Keep cooking up a storm and join our Facebook and Instagram community for more fun.👨‍🍳🔥""",2026-02-11 05:24:29,26.0.1,com.nordcurrent.canteenhd,Cooking Fever: Restaurant Game
2af4d2d0-a055-4e42-8f10-8eeab0b5ee83,Megha Khaire,https://play-lh.googleusercontent.com/a/ACg8ocJ5BJ5HkmWHADUWXrFV7w_r_RnToHWDn226PgDguZq6dI-avg=mo,very nice game,5,0,26.0.1,2026-02-10 19:18:19,Thank you for the kind words Chef! We're glad you're enjoying Cooking Fever. Join our community on Facebook and Instagram @CookingFeverGame for more fun! ⭐️⭐️⭐️⭐️⭐️,2026-02-10 20:20:46,26.0.1,com.nordcurrent.canteenhd,Cooking Fever: Restaurant Game
74f72d18-d252-4180-a377-594e395f568d,Ayan Sheikh,https://play-lh.googleusercontent.com/a/ACg8ocJ4bKVrjzmP9a_3gtbVbpNqxzDwxhOKYiIhEufGJbmZY78gmQ=mo,Nice.,5,0,,2026-02-10 18:46:46,Thank you for the nice review! We hope you continue to have fun playing Cooking Fever. Join our community on Facebook and Instagram @CookingFeverGame for more cooking fun!,2026-02-10 19:58:28,,com.nordcurrent.canteenhd,Cooking Fever: Restaurant Game
60ba7baa-b66c-403c-813d-8ec1079f3600,Molokwu Glory,https://play-lh.googleusercontent.com/a/ACg8ocKIrL2gBKgC5-f9S8I6aHjEk0BfqHx-CBNC6LGBvJLlxpeqpA=mo,I love the game it's so much fun even thou I'm not fine with always playing with my data on I was playing cooking fever before but it never requires data on and also I spend money in the casino but I never get any gem they just collect money with no reward,1,0,26.0.1,2026-02-10 16:09:25,Thank you for your review. We're glad you're enjoying the game! We understand your concern about data usage and will pass it along to our team. Have fun playing as Chef!,2026-02-10 17:02:42,26.0.1,com.nordcurrent.canteenhd,Cooking Fever: Restaurant Game
e88518a6-9f59-4646-8121-31d4ce5de21f,Blessing Agbobu,https://play-lh.googleusercontent.com/a/ACg8ocKn_k5d0Vwq5bOX1vP0iuQLKglZcs0POw8qTdzwKxYle4RsVg=mo,p❤️‍🔥❤️‍🔥❤️‍🔥❤️‍🔥❤️‍🔥❤️‍🔥❤️‍🔥❤️‍🔥❤️‍🔥,5,0,,2026-02-10 15:11:45,"Thank you for the lovely review, Chef! We are thrilled to hear you are enjoying Cooking Fever. Join our community on Facebook and Instagram @CookingFeverGame for even more fun!",2026-02-10 16:03:22,,com.nordcurrent.canteenhd,Cooking Fever: Restaurant Game
83d29cc4-b286-4b57-8f44-e53ca5a10cdf,Tshepiso Kwele,https://play-lh.googleusercontent.com/a-/ALV-UjWQEwPInJ-J17AjKsAZIDiGUbOrALJBrcAa8S6lo4Yz8CiJBT4A,"I just need more gems,best game",5,0,26.0.1,2026-02-10 12:07:59,"Thank you for your review! We're glad you're enjoying the game. For more gems, check out our Facebook page for contests and giveaways. Happy cooking, Chef! Join us on Facebook and Instagram at @CookingFeverGame.",2026-02-10 12:57:58,26.0.1,com.nordcurrent.canteenhd,Cooking Fever: Restaurant Game
3e13d542-f028-4f27-8c66-380b8fe7b4da,odyssesy odyssey,https://play-lh.googleusercontent.com/a/ACg8ocKeWqdwN-aumck1vYMxwAgr8EIJ3aZKyzWfRkao5lzT3vS9Gw=mo,I spend more time watching ads than playing.,1,0,,2026-02-10 09:13:51,"Thank you for your review. We apologize for any inconvenience caused by the ads. We will take your feedback into consideration and strive to improve the overall gameplay experience. Have fun cooking, Chef! - The Cooking Fever Team",2026-02-10 09:49:00,,com.nordcurrent.canteenhd,Cooking Fever: Restaurant Game
f8d2e76d-22ce-4367-93a9-a6f932a8c1b3,Vris Agu,https://play-lh.googleusercontent.com/a-/ALV-UjXrK1cBOTHoJVT80-E8Dn2T80EqygN4xtsUctIuM0HpVDkvsGvK,server is always down,1,0,26.0.1,2026-02-10 08:34:28,"Thank you for your review! We apologize for any inconvenience. If you have any technical issues, please contact support@nordcurrent.com. Keep cooking, Chef!",2026-02-10 09:16:50,26.0.1,com.nordcurrent.canteenhd,Cooking Fever: Restaurant Game
c4b25a6b-55bc-4b13-9a3c-5c86b523a94c,Cynthia Vanderbilt,https://play-lh.googleusercontent.com/a/ACg8ocIebjgRQvi6ol7-kg-yrzF1LFadNi_xG6yddhavhle_5MdKDd6E=mo,I love this game,5,0,26.0.1,2026-02-10 02:06:29,Thank you for your review! We are thrilled to hear that you love our game. Join our community on Facebook and Instagram @CookingFeverGame for more fun!,2026-02-10 02:37:35,26.0.1,com.nordcurrent.canteenhd,Cooking Fever: Restaurant Game
1350bc85-640e-4426-8878-519bf71f56fa,zahra Dehghani,https://play-lh.googleusercontent.com/a-/ALV-UjVQK6ZeAWIMwrpcMlxyy5SWE08sMv86qkx-RcZBG5ao50xN26Q,این فاجعه قبلا اینترنت نمی‌خواست🙄 دلیل نیاز این بازی به اینترنتو نمیفهمم,1,0,26.0.1,2026-02-10 01:16:58,Thank you for sharing your thoughts on Cooking Fever! We apologize for any inconvenience regarding the internet requirement. We hope you can still enjoy the game. Join our Chef community on Facebook and Instagram for more fun!,2026-02-10 01:56:45,26.0.1,com.nordcurrent.canteenhd,Cooking Fever: Restaurant Game
15ba48c5-54cf-47f3-b6da-9f5ad168e59d,JB,https://play-lh.googleusercontent.com/a-/ALV-UjVoAxYEQQV8eSMJWEb5m-ZE7dz_eLMwGXZ1v7e-pXHkpLcE3hz8,New bug problem purchase pack red line problem purchase price not show very disturbance price rate red line plz fix,3,0,26.0.1,2026-02-09 21:52:24,"Thank you for your review, Chef. We appreciate your feedback and apologize for the inconvenience. Please contact support@nordcurrent.com for assistance. Happy cooking!",2026-02-09 22:30:17,26.0.1,com.nordcurrent.canteenhd,Cooking Fever: Restaurant Game
65744127-ce35-4b69-9f0f-6948f0605675,Trisha,https://play-lh.googleusercontent.com/a-/ALV-UjU4VF35v7Zoy8C6LqXdG1opx4NEFf1td5E50hxyU7CwU2xvGMU,"The game was so amazing I love the style of keeping every kind of foods and resturants , I can experience every kind of recipes and food items 😄. I just won't be able to have much diamond which is kind of boring because I won't be able to buy kitchen items which cause levels to be kept incomplete if kitchen items kept the price only of coins that would be much interesting 🤔.",4,19,,2026-02-09 21:39:08,"Thank you for the amazing review! We're glad you're enjoying the different restaurants and recipes. We'll take your feedback into consideration for future updates. Keep cooking, Chef! 🍳",2026-02-09 22:30:21,,com.nordcurrent.canteenhd,Cooking Fever: Restaurant Game
b12c8180-f27d-4d7e-9779-dc9c15285580,Peace Okediran,https://play-lh.googleusercontent.com/a-/ALV-UjXYne3QZapF2X4NceJCYpZZA5xZPaWkuozawtoUBd61jymTXN8L,"I used to love this game because I can play it offline as well but now, coming to see I have to be online and it's always putting a ""connection lost"" message every time. it's tiring and I'm really disappointed. I'll miss the game but I can't deal.",1,0,26.0.1,2026-02-09 21:02:29,"Thank you for taking the time to leave a review. We apologize for any inconvenience caused by the online requirement. We encourage you to reach out to support@nordcurrent.com for any technical issues. Happy cooking, Chef! 🍳🔥",2026-02-09 21:52:40,26.0.1,com.nordcurrent.canteenhd,Cooking Fever: Restaurant Game
7d479e46-eebb-4f97-b318-c00c8ac38a05,Deepiksha Khandeparkar,https://play-lh.googleusercontent.com/a-/ALV-UjVf5EjQc4K8RrN3OTaiHkF6EWY8Gk6CsooVPhTtmjVd13pwRsg,amazing game bcz from childhood I'm playing this game,5,0,26.0.1,2026-02-09 19:48:22,"Thank you for your kind words about our game! We're so happy to hear that you've been playing since childhood. Keep cooking, Chef! Join our community on Facebook and Instagram at @CookingFeverGame for more fun.",2026-02-09 20:47:05,26.0.1,com.nordcurrent.canteenhd,Cooking Fever: Restaurant Game
24f3d615-fe3f-4480-9381-61ad440a747e,Lekkela Naidu,https://play-lh.googleusercontent.com/a/ACg8ocLsGoEZvKJpO9HQjctA94KUxPkyCzdUzmHQos0No8RC_vQQFg=mo,pretty good and suffocating,4,0,26.0.1,2026-02-09 18:56:33,"Thank you for taking the time to leave a review! We're glad you're enjoying Cooking Fever. If you have any suggestions for improvement, we'd love to hear them. Happy cooking, Chef!",2026-02-09 19:54:55,26.0.1,com.nordcurrent.canteenhd,Cooking Fever: Restaurant Game
2b6f84fe-5855-4add-a392-a46ab045688b,Sherwin Dexter Tumaneng,https://play-lh.googleusercontent.com/a/ACg8ocKpuSoEdBEi4mq-NcUFS8AHBpr1GdThbToYdOOH5EB8UNr1-Q=mo,ok,4,0,26.0.1,2026-02-09 18:40:54,"Thank you for your review, Chef! We're glad to hear you're enjoying Cooking Fever. If you have any suggestions for improvement, we'd love to hear them. Happy cooking! Join our community on Facebook and Instagram at @CookingFeverGame.",2026-02-09 19:28:15,26.0.1,com.nordcurrent.canteenhd,Cooking Fever: Restaurant Game
f5ccc0b4-c35a-4464-bb50-49ee8b3e96eb,Dewang Jagtap,https://play-lh.googleusercontent.com/a-/ALV-UjVc0q6dCI7ziWmhqyTeBQ9Ulypgc27ewXfppB-QnMvf3bNLXAbR,good game good game play but everything is locked behind GEM Wall which are difficult to get so no point in playing even if they bring frequent updates,1,0,26.0.1,2026-02-09 17:31:21,"Thank you for taking the time to leave a review. We're glad you enjoy playing our game. We understand your frustration with the gem wall and will take it into consideration. Have fun cooking, Chef! Join our community on Facebook and Instagram at @CookingFeverGame.",2026-02-09 18:23:00,26.0.1,com.nordcurrent.canteenhd,Cooking Fever: Restaurant Game
9b197327-b1f8-41f7-869b-0cd540ba6cae,Houtnchekon Eugene,https://play-lh.googleusercontent.com/a-/ALV-UjWkz1ngUk480KPgD8PLBVDWuqQ6--scKgjavBhug6giUzmarBg,good,5,0,26.0.1,2026-02-09 14:58:50,Thank you for your support and feedback! We're glad you're enjoying Cooking Fever! Keep cooking and join our community on Facebook and Instagram (@CookingFeverGame) for more fun!,2026-02-09 15:43:11,26.0.1,com.nordcurrent.canteenhd,Cooking Fever: Restaurant Game
705af6b3-67fa-4f8f-b215-0b3f280f9ed7,Allison Kloepper,https://play-lh.googleusercontent.com/a-/ALV-UjVZr978CgVNby09rGi1mPmKBXD7z8FI6zmdCHiZE0YAsMRfHLtY,"I've been playing this game since I got an ipod touch in middle school. there are now ads in the background, they're very distracting to the game experience.",3,0,,2026-02-09 07:01:18,Thank you for your review! We appreciate your long-term support and apologize for the recent ads. We'd love to hear more details to improve. Join the Chef community on Facebook and Instagram @CookingFeverGame.,2026-02-09 07:36:49,,com.nordcurrent.canteenhd,Cooking Fever: Restaurant Game
9d14a57e-83aa-4a4e-92b9-ba5dfbd2d5ef,Prudence Zara,https://play-lh.googleusercontent.com/a-/ALV-UjWrpXSp4acOM-t4q-bBt28-CGso_oQzItSOcLY6HyvEk81dWP97,It's really challenging and good but the frise uhh those customers need to be patient for that. love the game though but the fact that it uses data that's a bigger problem,5,1,26.0.1,2026-02-09 03:35:21,Thank you for your feedback! We're glad you're enjoying the challenging gameplay. We'll pass on your patience request to our chefs. Have fun playing Cooking Fever! Follow us on Facebook and Instagram @CookingFeverGame for updates and contests.,2026-02-09 04:08:42,26.0.1,com.nordcurrent.canteenhd,Cooking Fever: Restaurant Game
7417759e-6f67-4bd4-8896-4b04da4e6578,Musa Mahmood,https://play-lh.googleusercontent.com/a-/ALV-UjV4PcIuBhDQWUIlZupeXcbPpjNvQDpzxYIgGtGZYZ49kzvodWg,been playing this game since 2013 very nostolagic,5,0,26.0.1,2026-02-09 00:28:22,Thank you for being a loyal Chef since 2013! We're glad to bring back nostalgia. Join our community on Facebook and Instagram @CookingFeverGame for more fun!,2026-02-09 01:06:12,26.0.1,com.nordcurrent.canteenhd,Cooking Fever: Restaurant Game
611a7ed4-de52-4ae7-a2a8-a67e5eac3daf,Jennifer Odoruyi,https://play-lh.googleusercontent.com/a/ACg8ocIG7hat9SiKrYR-Czd20IGHA-b1Cps7Z6g1_2pq5JObvN3eBA=mo,Good,5,0,26.0.1,2026-02-08 23:18:46,Thank you for the positive review! We are thrilled that you are enjoying Cooking Fever. Keep cooking and don't forget to join our community on Facebook and Instagram @CookingFeverGame!,2026-02-08 23:51:59,26.0.1,com.nordcurrent.canteenhd,Cooking Fever: Restaurant Game
fcc6752f-230a-48b1-b6e6-49cac7e9abcd,VENKATA SUBRAHMANYAM ACHALLA,https://play-lh.googleusercontent.com/a-/ALV-UjXysoeMMOHfCHZf6s-hjV2vl-cJDf9_ftz8ZM4skhEizhNqnvQ,itss soooooo nice to play,5,0,26.0.1,2026-02-08 21:12:39,"Thank you for your kind words! We're thrilled to hear that you're enjoying playing Cooking Fever. Keep on cooking, Chef! Join our community on Facebook and Instagram at @CookingFeverGame for more fun.",2026-02-08 18:16:33,26.0.1,com.nordcurrent.canteenhd,Cooking Fever: Restaurant Game
c12bd006-d1ea-4fd7-aff7-9941c9f8269e,violet quinn,https://play-lh.googleusercontent.com/a-/ALV-UjWDq6L9qqAMiUJqMjtTJXByj-x1s1LrWvje3WLTGO2ujO7azoQ,💗,5,0,,2026-02-08 20:41:05,"Thank you for your support and review! We're thrilled to hear that you're enjoying Cooking Fever. Keep cooking, Chef! Join us on Facebook and Instagram @CookingFeverGame for more fun.",2026-02-08 21:20:01,,com.nordcurrent.canteenhd,Cooking Fever: Restaurant Game
324f8266-95fb-4cb3-bb97-db2b4831c0f4,Lois Oyogho,https://play-lh.googleusercontent.com/a/ACg8ocImnFVmBw-IvNf872KcKAHklfmx8GaL54SwwFDuneA2Rge-ZQ=mo,"Too much Ad because we need to play with the internet. Great game I played while growing up but now it's not just it anymore. The ads are so unnecessary and annoying. Cooking fever is great, the goat, but not anymore. it's annoying now. Fix it.",2,0,26.0.1,2026-02-08 20:40:24,"Thank you for your review! We're sorry to hear about the ads. We're constantly working to improve the game, so please let us know specifics and we hope you'll enjoy it again.",2026-02-08 21:20:18,26.0.1,com.nordcurrent.canteenhd,Cooking Fever: Restaurant Game
2c6edb2e-1f73-41ab-b705-a053655cb1bf,Sofia Reuben,https://play-lh.googleusercontent.com/a/ACg8ocKPe4DWQi2HBav0VRo2oAoNHAbZne1cE8EobNUNzWMqTUWGng=mo,very nice but very hard,5,0,26.0.1,2026-02-08 19:24:07,"Thank you for your feedback, Chef! We're glad you're enjoying the game. Keep cooking and have fun! Don't forget to join our community on Facebook and Instagram at @CookingFeverGame.",2026-02-08 20:22:24,26.0.1,com.nordcurrent.canteenhd,Cooking Fever: Restaurant Game
6495f86c-644f-4383-9789-34ba26e6a5e2,Nicole Dupont,https://play-lh.googleusercontent.com/a/ACg8ocLTdtpVNpK3izi3kNMU3j0-snRyBfMdWj5bQM-BvMTkfrGtmA=mo,game is really entertaining,5,0,26.0.1,2026-02-08 18:01:42,Thank you for your review! We're glad you find Cooking Fever entertaining. Join our community on Facebook and Instagram for more fun chef adventures! @CookingFeverGame,2026-02-08 18:58:41,26.0.1,com.nordcurrent.canteenhd,Cooking Fever: Restaurant Game
08b4fbf4-b44a-495b-82cb-c1917d9df96d,abosede awosika,https://play-lh.googleusercontent.com/a/ACg8ocJONELT_DpliJdfejNkNGlkSGNpu65c789WTgkRZwhgx4qKrw=mo,2 it's amazing,5,0,26.0.1,2026-02-08 17:04:37,Thank you for your 2-star review! We're glad you're enjoying the game. Join our community on Facebook and Instagram at @CookingFeverGame for more fun!,2026-02-08 17:42:41,26.0.1,com.nordcurrent.canteenhd,Cooking Fever: Restaurant Game
d7100a4a-f563-4033-a4e1-0ebe6c004ed5,Renn,https://play-lh.googleusercontent.com/a-/ALV-UjWDjzjWpLJ3RKjcYCwkFOB-XrDyjXbxhbHreZmxjwiTV5ylLdQ,"I enjoyed the game, tho at some point you cannot proceed without paying because of the lack of diamonds for upgrades",4,0,,2026-02-08 16:01:49,"Thank you for your review! We're glad you're enjoying the game. If you have any suggestions for improvements, we'd love to hear them. Happy cooking, Chef! Join our community on Facebook and Instagram at @CookingFeverGame.",2026-02-08 16:50:10,,com.nordcurrent.canteenhd,Cooking Fever: Restaurant Game
900e0b72-339b-4adb-bc9f-bc72397c58ae,South Africa,https://play-lh.googleusercontent.com/a-/ALV-UjUAAVhJXeThaUtY3f2uaNbTXL8T9lOwmqDTQ3PNifS_OGFp3Ew,gems are not found easily,1,0,26.0.1,2026-02-08 15:46:16,"Thank you for leaving a review. We understand that acquiring gems can be challenging, but we hope you still enjoy being a Chef in our game. Join our community on Facebook and Instagram at @CookingFeverGame for tips and updates. Have fun playing!",2026-02-08 16:30:19,26.0.1,com.nordcurrent.canteenhd,Cooking Fever: Restaurant Game
d38b269b-8298-4ce4-8e7a-7f02e2286e65,Nwaokoro sonia,https://play-lh.googleusercontent.com/a-/ALV-UjVf0pIPQfDcuWNnmdRXFU34T3-f5Q-HCfe4-VAIkaQjYO-SjCc,An ad after every 2 levels? Really? I left it at three because I really like this game. If there must be ads at least let it be every 5 or 6 levels,1,1,26.0.1,2026-02-08 14:37:24,"Thank you for leaving a review, Chef! We appreciate your feedback and will take it into consideration for future updates. Join our community on Facebook and Instagram for fun contests and giveaways! #CookingFeverGame",2026-02-08 15:37:35,26.0.1,com.nordcurrent.canteenhd,Cooking Fever: Restaurant Game
3bdfc989-1cf6-45d9-b1a1-ee38e5ee64f0,Ibiada Dauphin,https://play-lh.googleusercontent.com/a-/ALV-UjUku1AjleFQwF_4kMcFFypikmF25UF8PfsV4UjtajbzoFp_nbc,I love this game,5,0,26.0.1,2026-02-08 12:03:40,"Thank you for your support, Chef! We're glad you're enjoying Cooking Fever. Have fun cooking and join our community on Facebook and Instagram at @CookingFeverGame.",2026-02-08 12:51:12,26.0.1,com.nordcurrent.canteenhd,Cooking Fever: Restaurant Game
f8a81e15-e0f3-4b02-9a57-5b52b9124735,Charity Smith,https://play-lh.googleusercontent.com/a-/ALV-UjXoT1xpYNm2-TclOOdiIY0OJy8L6JSZYiQt3BeYcc1VNDt7Ru16,♥️♥️♥️♥️♥️♥️♥️♥️♥️♥️,5,0,26.0.1,2026-02-08 11:21:25,Thank you for the amazing review! We are thrilled to hear you are enjoying Cooking Fever. Join our Chef community on Facebook and Instagram @CookingFeverGame for more fun!,2026-02-08 12:06:41,26.0.1,com.nordcurrent.canteenhd,Cooking Fever: Restaurant Game
2ad20d59-c859-4868-b03c-cfe0b73caa3b,Dilshika Sandun,https://play-lh.googleusercontent.com/a-/ALV-UjUdVYCNPxpyKEn6OU2Y95_gMihGifRE97cYRRpcmlY--AZPCOM,super,5,0,,2026-02-08 11:13:44,Thank you for your review! We're glad you're enjoying being a Chef in Cooking Fever. Join our community on Facebook and Instagram @CookingFeverGame for more cooking fun!,2026-02-08 12:06:50,,com.nordcurrent.canteenhd,Cooking Fever: Restaurant Game
9a657037-5132-4c08-bd4d-109725abad73,yasmin golchin,https://play-lh.googleusercontent.com/a-/ALV-UjUvFLtZKWBy66QK8Qcd-5f11SzM-4CBfcwjeFzbxvYMqMliSLLq,"This game is the Best cooking game in the market but there are some flaws like if it could also work offline it would've been amazing and it also gets too hard sometimes and almost impossible to pass the levels because of gems and money for upgrades thats why i love it but when i play at a certan point where im not able to afford upgrades,i delete it, ive been playing and deleting this game since i was 9 and so yeah... please finally make it playable and enjoyable instead of stressful.",4,0,,2026-02-08 11:08:12,"Thank you for your review! We're glad to hear you enjoy the game. We're always working on improvements and appreciate your feedback. Have fun cooking, Chef! Join us on Facebook and Instagram for more fun.",2026-02-08 12:06:53,,com.nordcurrent.canteenhd,Cooking Fever: Restaurant Game
2b50f20d-2d59-42c3-8545-41d0c7d8dd83,Rebecca Shea,https://play-lh.googleusercontent.com/a-/ALV-UjXRgMe7VVdJrsGBvll9t8tw5eeCsdFdNL-oco_X4ut02bvaEN8,"I just re-downloaded the game and and it keeps saying the servers are down try again in 15 minutes. very frustrating. Edit: after uninstalling and reinstalling that seem to kick the game back into working and not having server issues. yes, I was frustrated in my original post, but I do appreciate the game creator reaching out and giving me a solution to the problem if it does ever happen again. Thank you.",5,52,26.0.1,2026-02-08 05:01:38,"Thank you for taking the time to review our game, Chef! We apologize for any frustration caused by server issues. Please contact support@nordcurrent.com for assistance and join our community on Facebook and Instagram for updates and contests. Happy cooking!",2026-02-08 04:25:49,26.0.1,com.nordcurrent.canteenhd,Cooking Fever: Restaurant Game
bca4a627-f258-4579-9720-47379c16e574,ISLA STEWART,https://play-lh.googleusercontent.com/a-/ALV-UjU_zlCPmv5IO9up7uPdJ2ja3EEjj1gml2S0e9oZ13eFW6Pjzus,there's nothing to really say for it's just a classic,5,0,26.0.1,2026-02-08 04:46:38,Thank you for your review! We appreciate your support and hope you continue to have fun playing Cooking Fever. Join our community on Facebook and Instagram at @CookingFeverGame.,2026-02-08 05:18:55,26.0.1,com.nordcurrent.canteenhd,Cooking Fever: Restaurant Game
55902ea9-2479-4b2f-98c8-d82baf747be7,Disney Disney,https://play-lh.googleusercontent.com/a/ACg8ocJzsWxRyAUW7BH4QnYpaDGNl6Hb5IM9zDuC36jpN8sqiKIA2Q=mo,childhood favourite but they play ads in the background now,1,0,,2026-02-08 04:37:07,"Thank you for your review! We're glad to hear that Cooking Fever is a childhood favorite. We apologize for any inconvenience caused by ads and we'll make sure to take your feedback into consideration. Happy cooking, Chef! Don't forget to check out our Facebook and Instagram communities at @CookingFeverGame for contests and giveaways.",2026-02-08 05:06:06,,com.nordcurrent.canteenhd,Cooking Fever: Restaurant Game
409136c2-9d3a-4fa0-82f8-674cc0a0875c,Adedipe Pelumi,https://play-lh.googleusercontent.com/a-/ALV-UjXmkesI7jA0n1NSRtqYA-5uUebIVYmPiyaUARLb971rUI7j6AY,app is crashing it closes by itself,2,0,26.0.1,2026-02-08 03:46:09,"Dear Chef, we apologize for the app crashing. Could you please let us know more details so we can improve? We hope you still enjoy cooking with us! Join our community on Facebook and Instagram at @CookingFeverGame.",2026-02-08 04:13:39,26.0.1,com.nordcurrent.canteenhd,Cooking Fever: Restaurant Game
ef11180c-78ad-45b3-adaa-31c43eea7993,Jose Lopez,https://play-lh.googleusercontent.com/a/ACg8ocJFraYRUvLo9awFVm_p4Psg4N5JjkZNeRjoBVgTT1cRuT48cb5f=mo,this game is very fun but I hate when the customers keep getting mad and I always have to restart the level over over over over over over over again and it's so annoying I hate this game I mean I love it it's so addicting but still the customers get angry too fast I don't know why but I just don't like it,2,0,26.0.1,2026-02-08 02:41:46,Thank you for your review! We apologize for any frustration with customer satisfaction. We are always looking for ways to improve and hope you can give us another chance.,2026-02-08 03:07:30,26.0.1,com.nordcurrent.canteenhd,Cooking Fever: Restaurant Game
8153da18-5b64-45b7-a4e5-409063b78637,Darryl Brownjr,https://play-lh.googleusercontent.com/a/ACg8ocKfrapCamlwehhjdO64AZxZpvOwgXhLkx2ju7SOIQxVr4MASw=mo,love this game,5,0,26.0.1,2026-02-08 01:15:17,Thank you for your kind words about our game! We are delighted that you are enjoying your chef journey with Cooking Fever. Join our community on Facebook and Instagram @CookingFeverGame for more fun.,2026-02-08 01:47:43,26.0.1,com.nordcurrent.canteenhd,Cooking Fever: Restaurant Game
c9685122-c0c6-47b9-9513-73c25ec58b67,Gloriana Lee,https://play-lh.googleusercontent.com/a/ACg8ocLrYZYrAyGSjo9OWdBTLwNvqGq4V2j3mNEoxgLV-h-zAdI3Jg=mo,Making diamonds a must to upgrade things is horrible because the game barely gives you any gems.,1,0,26.0.1,2026-02-08 00:46:37,"Thank you for your review. We understand your frustration and will take your feedback into consideration. Have fun cooking, Chef! Join us on Facebook and Instagram @CookingFeverGame.",2026-02-08 01:20:24,26.0.1,com.nordcurrent.canteenhd,Cooking Fever: Restaurant Game
1494b8e0-2e2c-488b-a6b5-8bd994392ee4,Naaz Shaikh,https://play-lh.googleusercontent.com/a-/ALV-UjVL8GiyG_qz62Ilc-Gzk06USRAFOJlyfTWhDwh-mvBCpVDciyA,bad games 👎,1,0,,2026-02-07 16:21:48,"Thank you for your feedback, Chef! We're sorry to hear you didn't enjoy the game. If you have any suggestions for improvement, please contact support. Happy cooking!",2026-02-07 17:04:43,,com.nordcurrent.canteenhd,Cooking Fever: Restaurant Game
5b994d27-f09f-4113-accf-1b3c58f1d4f4,Attem Sairaghava,https://play-lh.googleusercontent.com/a-/ALV-UjU88JZw866YQmfwtn3vhDK8GrO2yTgDOz9FY4F9y-p5jfY-a1gh,this game is excellent this game achievements wow,5,0,26.0.1,2026-02-07 15:22:57,Thank you for your amazing review! We're thrilled you're enjoying Cooking Fever and achieving great things in the game. Join our community @CookingFeverGame for more fun!,2026-02-07 16:07:34,26.0.1,com.nordcurrent.canteenhd,Cooking Fever: Restaurant Game
f061a967-b891-415b-9197-866539dcb642,NokuphiwaRuth Mtshali,https://play-lh.googleusercontent.com/a/ACg8ocJfVqRrb4VJF88WklSjGukAZMFzTM-4y3KMSBinoNQEgpxyPw=mo,nice game,1,0,,2026-02-07 03:16:02,"Thank you for your review! We're glad you're enjoying Cooking Fever. Keep having fun, Chef! Join our community on Facebook and Instagram at @CookingFeverGame.",2026-02-07 03:43:38,,com.nordcurrent.canteenhd,Cooking Fever: Restaurant Game
9aba7714-3ab0-4206-8714-ccce27735fb6,Danielle Carpenter,https://play-lh.googleusercontent.com/a/ACg8ocJLQuzOBQNeXer4Qyy7ucQ_xqlm5KfILphfmLy0njnrbH17RQ=mo,Ads are a little crazy and gems are really hard to get. The game is really fun though.,4,0,26.0.1,2026-02-07 01:53:24,"Thank you for your review! We appreciate your feedback and are glad you're enjoying the game. If you have any suggestions for improvement, we'd love to hear them. Happy cooking, Chef! 🍳 Join us on Facebook and Instagram at @CookingFeverGame.",2026-02-07 02:20:33,26.0.1,com.nordcurrent.canteenhd,Cooking Fever: Restaurant Game
92150144-db2b-410b-aed5-b7b47a5e1b4b,Madhu Yadav,https://play-lh.googleusercontent.com/a/ACg8ocKqlFamtCUQA4YH3wEt_hhvTelaBC56f9AFNZBAnC5kphK7Bw=mo,ok ok,5,0,26.0.1,2026-02-07 00:41:34,"Thank you for playing Cooking Fever! We're glad you're enjoying the game. Keep cooking up a storm, Chef, and join our community @CookingFeverGame on Facebook and Instagram for more fun!",2026-02-07 01:14:11,26.0.1,com.nordcurrent.canteenhd,Cooking Fever: Restaurant Game
1ccbab32-dd35-4027-8181-87f51334efe0,Nomthandazo Dube,https://play-lh.googleusercontent.com/a-/ALV-UjWGYaXj7VtIHvmcGyyB0p7Zm2oPLktm6q23D6k4MXyYUMFy8Kpm,Love playing the game.However it's very hard to get gems.I think we should not use that many gems for interior upgrades. 7 gems at each level up is very demoralizing. Please fix the gem policy,3,0,26.0.1,2026-02-07 00:02:25,"Thank you for your review, Chef! We appreciate your love for the game and understand your concerns about gems. We'll take your feedback into consideration for future updates. Join our community on Facebook and Instagram for fun events and giveaways!",2026-02-07 00:45:31,26.0.1,com.nordcurrent.canteenhd,Cooking Fever: Restaurant Game
a4ca891f-f652-40c6-aa0c-6c8052ac7f96,Alyson Rios,https://play-lh.googleusercontent.com/a/ACg8ocI_0Az_c0ZSWcNvhGwnrCttJvrdbItV2eC6P8fk24_xjZf2QQ=mo,I am having a problem with the chef's pass. I am getting no ads in the casino and when I finish the daily orders the weekly ones never change to the new ones. I have beenplaying this game for a long time and also I hate the update that happened with the casino. It's harder to get gems and I hate having to spend money on gems. Anyone have any advice on what to do and I am stuck on quite a few restaurants. Just wondering is anyone else is having problems with the casino. I have my game up to date.,5,8,26.0.1,2026-02-06 23:19:07,Thank you for your detailed feedback. We apologize for any inconvenience with the Chef's Pass and the casino. Please contact support@nordcurrent.com for assistance. We appreciate your continued support and hope you enjoy the game.,2026-02-06 23:46:27,26.0.1,com.nordcurrent.canteenhd,Cooking Fever: Restaurant Game
82063680-e674-4782-96f7-8ebe8408075d,Khadija,https://play-lh.googleusercontent.com/a/ACg8ocKImAc_yKgTNxCyp_pPI9DYW851dANPH376DJ-O2EVJQH-o2A=mo,not boring,5,0,26.0.1,2026-02-06 19:15:30,Thank you for the review! We're glad you're enjoying Cooking Fever. Join our community on Facebook and Instagram at @CookingFeverGame for more fun Chef experiences!,2026-02-06 20:03:53,26.0.1,com.nordcurrent.canteenhd,Cooking Fever: Restaurant Game
532e7d15-5d9d-4a15-8591-359944509734,Bolodje Patience,https://play-lh.googleusercontent.com/a/ACg8ocJ2_HDfpIZK3XWtJ_E7rvwtfQS817Nl1WSfrpmh-eRLOH73zA=mo,it's so fun,5,0,26.0.1,2026-02-06 18:48:01,Thank you for the review! We're glad you're having fun playing Cooking Fever. Join our Chef community on Facebook and Instagram @CookingFeverGame for even more fun!,2026-02-06 19:25:43,26.0.1,com.nordcurrent.canteenhd,Cooking Fever: Restaurant Game
0495ccfb-af0c-4286-b351-5494e415e619,Kristine Mae Gagaracruz,https://play-lh.googleusercontent.com/a/ACg8ocLPPqD1xepzCT91k0qApImgcv-43QaIzT7CXvBM7HtDEz_CCw=mo,"this game is wonderful at first if your a new user/gamer its a offline game, but if you play and unlocked atleast 4 restaurant it will automatically become online game .. you can't play it offline you need internet to play it again .. i downloaded it many times .. i thought it's just my phone is not compatible but .. its really is the game it becomes online after you unlocked atleast 4 restaurant.. why it is ??",2,0,,2026-02-06 18:05:41,"Thank you for your review. We apologize for any inconvenience this may have caused. We will definitely take this into consideration for future updates. We hope you continue to enjoy the game. Happy cooking, Chef! Join us on Facebook and Instagram at @CookingFeverGame.",2026-02-06 18:49:29,,com.nordcurrent.canteenhd,Cooking Fever: Restaurant Game
a55eedb8-ca97-48f5-9c8a-58eef484b5da,Prabha Padiyan,https://play-lh.googleusercontent.com/a-/ALV-UjVFrwB0yFw5SOK2T7Sifn-ftGgKqzX5sJMGyxnklxEa_MVizno,love the game real kitchen game lovely 😍💯👏✨,4,0,26.0.1,2026-02-06 14:28:10,"Thank you for your kind review, Chef! We're glad you're enjoying the real kitchen experience. Have any suggestions for us to make it even better? 😊🍳 Don't forget to join our community on Facebook and Instagram at @CookingFeverGame!",2026-02-06 15:29:53,26.0.1,com.nordcurrent.canteenhd,Cooking Fever: Restaurant Game
0d873385-e0c6-401e-aff7-312d6d219dc5,Anamika Tiwari,https://play-lh.googleusercontent.com/a-/ALV-UjVRQPFfHsNNevufmdZPvIF4qleNRfQAhuRYlbN5PBSErcrJljU,amazing,5,0,26.0.1,2026-02-06 11:17:51,Thank you for your amazing review! We're thrilled to hear you're enjoying Cooking Fever. Keep cooking and join our community on Facebook and Instagram @CookingFeverGame.,2026-02-06 11:49:39,26.0.1,com.nordcurrent.canteenhd,Cooking Fever: Restaurant Game
b419cae3-8f38-4bf9-95a7-7acdc874a682,Favour Namukwaya,https://play-lh.googleusercontent.com/a/ACg8ocKfBv0ligIh0pKxDGCf-5zxUpQ7vmK0bH8zSGIXjAaPsRNoCA=mo,"it's great,but easy up on getting the 💎",5,0,26.0.1,2026-02-06 11:11:12,"Thank you for your review! We're glad you're enjoying the game. Have fun cooking, Chef! Join us on Facebook and Instagram @CookingFeverGame for more fun.",2026-02-06 11:49:42,26.0.1,com.nordcurrent.canteenhd,Cooking Fever: Restaurant Game
04a9c778-f556-49ca-ae2f-1eb5de43548d,Lena Steey,https://play-lh.googleusercontent.com/a/ACg8ocJjpgkDA_cpBh2JwVIhx2ABcp1hzlahn3QJepR3hEh8bMeMKA=mo,this game it's funny in long time but now she was bad,1,0,,2026-02-06 07:48:47,"Thank you for taking the time to leave a review. We apologize that the game did not meet your expectations. We invite you to join our community on Facebook and Instagram at @CookingFeverGame for updates and contests. Keep on cooking, Chef!",2026-02-06 08:28:30,,com.nordcurrent.canteenhd,Cooking Fever: Restaurant Game
468e623f-283b-4f37-99cf-efe45bbf25ef,Levi Marcotte,https://play-lh.googleusercontent.com/a-/ALV-UjWbyKDKdEkhSiLip3Yosofgnk-rojWnEyjlAaqzPRMkpH8JvQ,This game is very fun,5,0,26.0.1,2026-02-06 07:09:39,Thank you for your review! We're glad you're having fun playing Cooking Fever. Join us on Facebook and Instagram @CookingFeverGame to stay updated on our latest events and contests!,2026-02-06 07:44:17,26.0.1,com.nordcurrent.canteenhd,Cooking Fever: Restaurant Game
5f025209-cd34-4993-b11b-8e73fda9ef9b,Erica,https://play-lh.googleusercontent.com/a/ACg8ocJtbqSOFfFBFFy-1dwaJfCBCqkoOAQPxP1sQFizMT1LGQzelQ=mo,"I've been playing this game for almost 10 years and I never experienced when I purchased interior upgrades that it didn't show up as upgraded right after I purchased it. Not from real cash, from the diamonds and cash that's on the game itself.",1,0,26.0.1,2026-02-06 05:28:15,Thank you for your review. We apologize for any inconvenience you experienced with the interior upgrades. Please reach out to our support team for assistance.,2026-02-06 06:01:45,26.0.1,com.nordcurrent.canteenhd,Cooking Fever: Restaurant Game
31ee250b-15b4-4cd9-9e6b-577306386485,yohnes bogale,https://play-lh.googleusercontent.com/a/ACg8ocKbuwkdqAiKvjxighVCZd6ciJOEuthTzeSKdWA-PNUis9qGcw=mo,it's good,5,0,26.0.1,2026-02-06 00:37:03,"Thank you for your review! We're glad you're enjoying Cooking Fever! Keep cooking, Chef! Don't forget to join our community on Facebook and Instagram @CookingFeverGame.",2026-02-06 01:05:45,26.0.1,com.nordcurrent.canteenhd,Cooking Fever: Restaurant Game
f0954589-3f01-4016-8574-feae29027513,Berin Gül,https://play-lh.googleusercontent.com/a-/ALV-UjWTfKn_tq2mB5B9mxtwzUVYhtvo-rowxOQcMkw8-4QlanjJEqQ,good game,5,0,26.0.1,2026-02-05 23:29:17,"Thank you for your review! We're glad you're enjoying Cooking Fever. Keep cooking, Chef! Don't forget to join our community on Facebook and Instagram at @CookingFeverGame.",2026-02-06 00:09:06,26.0.1,com.nordcurrent.canteenhd,Cooking Fever: Restaurant Game
31b676eb-90a8-42b4-b824-71b0a8405f4e,Chaima Chaima,https://play-lh.googleusercontent.com/a/ACg8ocKeAXUrqFI0Dk3WrK5WzZh7vcus9uXqrS-0ru_cciDZjHA4ow=mo,I love this game but i struggle with gaining the gems like i develop in stages but i cant upgrade my kitchen it is disappointing,4,4,26.0.1,2026-02-05 23:04:39,"Thank you for your review, Chef! We're glad you enjoy the game. Have you checked out our Facebook page for contests and giveaways? Happy cooking! @CookingFeverGame",2026-02-05 23:41:19,26.0.1,com.nordcurrent.canteenhd,Cooking Fever: Restaurant Game
af6f976f-3a3d-4fbf-a53d-851acf7dcbbf,Natalia Roos,https://play-lh.googleusercontent.com/a-/ALV-UjVBxorL5xNWHZPVb4TlX-Sz1qoOam2pbNP-Xxt-4K4OA-zJgD2PLw,"jelek gamenya, pas mau update alat2nya malah gabisa",1,0,26.0.1,2026-02-05 22:28:09,Thank you for taking the time to leave a review. We apologize for any inconvenience you experienced while updating. We encourage you to contact support@nordcurrent.com for technical issues and hope you continue to enjoy Cooking Fever.,2026-02-05 23:10:29,26.0.1,com.nordcurrent.canteenhd,Cooking Fever: Restaurant Game
20800f30-bbde-4d57-a1f8-2e36a8ee3b03,nik flakstad,https://play-lh.googleusercontent.com/a/ACg8ocKBFuk5jpa9R2LKZ3_YpDxhf3FShkBzQwweIvK8x7KQO1ZjtA=mo,this is so peak,5,0,26.0.1,2026-02-05 21:52:25,Thank you for your review! We're glad you're enjoying Cooking Fever. Keep cooking and join our community on Facebook and Instagram @CookingFeverGame!,2026-02-05 22:39:45,26.0.1,com.nordcurrent.canteenhd,Cooking Fever: Restaurant Game
80b0c23d-e718-4f53-a111-126905e98a78,Khalil Raihan Dinata,https://play-lh.googleusercontent.com/a/ACg8ocKUMChopVAKYsEbMXe6wuCsq33zK6BwpMrcyAJ6CHHlwKGOdg=mo,dev pls make this game offline,4,0,,2026-02-05 20:33:24,Thank you for your review! We appreciate your feedback and will consider it for future updates. Hope you're enjoying being a Chef in Cooking Fever! Join us on Facebook and Instagram for more fun!,2026-02-05 21:26:21,,com.nordcurrent.canteenhd,Cooking Fever: Restaurant Game
158274e6-e627-4d60-9c9a-4c6f4a36131c,رودينا المحلاوي,https://play-lh.googleusercontent.com/a/ACg8ocLqxMGGmBA9d1uAWH665VsyBl7JZ3XM5yw_pHLo2meeD_r9Ow=mo,لعبههه تحفههههههه,5,0,,2026-02-05 20:10:48,"Thank you for the amazing review! We are thrilled to hear you are enjoying Cooking Fever. Keep cooking like a pro, Chef! Join our community at @CookingFeverGame.",2026-02-05 21:06:51,,com.nordcurrent.canteenhd,Cooking Fever: Restaurant Game
b1e40333-ab8f-4e21-bd54-497caaaee29b,Pia tres,https://play-lh.googleusercontent.com/a/ACg8ocIuxhOQ5pIpk4fMymDueDR7X4f8PDJe9hD0nO3zwab8m2slqQ=mo,"I downloaded it ,and it doesn't even work",1,0,26.0.1,2026-02-05 19:41:06,"Thank you for trying out Cooking Fever! We apologize for any technical issues you may have encountered. Please contact support@nordcurrent.com for assistance. Happy cooking, Chef!",2026-02-05 20:22:09,26.0.1,com.nordcurrent.canteenhd,Cooking Fever: Restaurant Game
002a10d2-96a9-4693-910c-9c742aba324b,Pravin Patil,https://play-lh.googleusercontent.com/a/ACg8ocKE46aK5BihFsjxBvK0N36szh27qmWvJSceenJwKiXGiSH_=mo,good game,5,0,26.0.1,2026-02-05 18:28:17,Thank you for the positive feedback! We are thrilled to hear you are enjoying Cooking Fever. Keep cooking and don't forget to join our community on Facebook and Instagram at @CookingFeverGame!,2026-02-05 19:07:20,26.0.1,com.nordcurrent.canteenhd,Cooking Fever: Restaurant Game
55801ac1-0da4-4a60-a5a3-d2e91f3dc0ad,Hesti Indah Sari,https://play-lh.googleusercontent.com/a-/ALV-UjUOpXQtgtWrJtfm-8mhzQq3LD2PtpddxbWlPknXnktVadbcufPB,Daily quest keep disappear and only appear once in a while after a whole day,1,0,26.0.1,2026-02-05 17:36:47,"Thank you for taking the time to leave a review! We apologize for any inconvenience with the daily quests. Please try contacting support@nordcurrent.com for assistance. Keep cooking, Chef!",2026-02-05 18:14:17,26.0.1,com.nordcurrent.canteenhd,Cooking Fever: Restaurant Game
359afcad-04c5-4e7d-9cb8-f1c6ca0bb361,Sam E,https://play-lh.googleusercontent.com/a-/ALV-UjVfvC5pTCKa1q01DMROWV_r0s8NSsKhVTVw5oEqIhxIUVwaay4P,game keeps deleting my progress :(,3,0,26.0.1,2026-02-05 13:13:22,"Thank you for taking the time to leave a review, Chef. We're sorry to hear about the progress issue. Please contact support@nordcurrent.com for assistance. Happy Cooking!",2026-02-05 15:40:45,26.0.1,com.nordcurrent.canteenhd,Cooking Fever: Restaurant Game
fe2bb840-4f90-46a2-9ec2-d46441d7bc24,Sarah,https://play-lh.googleusercontent.com/a-/ALV-UjUQFQbiUnOAwDhbbWInJMdMxcEBDYE5BPbg3YEguVcrUTYSZF4,it makes zero sense that the game (downloaded from play store) only operates with my mobile data rather than my good home wifi!,2,0,,2026-02-05 09:33:39,Thank you for your review. We apologize for any inconvenience. Please contact support@nordcurrent.com so we can further assist you. We hope you continue to enjoy the game.,2026-02-05 10:05:00,,com.nordcurrent.canteenhd,Cooking Fever: Restaurant Game
f76af8d4-34d8-4f87-928a-2971775c48e7,Karen Mendoza,https://play-lh.googleusercontent.com/a/ACg8ocLoOPX9ieAzauXif0KnKC_SWHyalNcWtIQtJhandTVEQ2L5EA=mo,"the gameplay was fast and fun, but as you get more items the screen seems to get more distorted and fisheyed. it made playing much more difficult on my eyes and it was increasingly difficult to move the tiny little ingredients around. there is also a very annoying bottleneck on the gems needed for the upgrades to both your equipment and decor.",4,0,,2026-02-05 01:23:09,"Thank you for your review and for enjoying the fast and fun gameplay! We're sorry to hear about the screen distortion and difficulty with moving ingredients. We'll take your suggestions into consideration for future improvements. Have fun cooking, Chef! Join us on Facebook and Instagram at @CookingFeverGame.",2026-02-05 01:59:08,,com.nordcurrent.canteenhd,Cooking Fever: Restaurant Game
4c463e85-9c61-42db-8db1-ad8586d90e13,Ankit Mishra,https://play-lh.googleusercontent.com/a-/ALV-UjXkdZNXSp7sueEyDJo6-QhJwhhEpeyW226gtQNr15H406DabYJV,ok,5,0,26.0.1,2026-02-05 00:53:09,"Thank you for your review! We're glad you're enjoying Cooking Fever. Keep on cooking, Chef! Don't forget to follow us on Facebook and Instagram @CookingFeverGame for updates and fun content.",2026-02-05 01:32:56,26.0.1,com.nordcurrent.canteenhd,Cooking Fever: Restaurant Game
8453519a-e332-4ada-8719-c8123f20c34b,Sana Arsalan,https://play-lh.googleusercontent.com/a/ACg8ocIV64oaoDBsU1MEXDQ7Km0uCjyXF6xWHz5LJ9qbY2iUfCmQ5CQ=mo,so interested I love this game,4,0,26.0.1,2026-02-05 00:34:28,"Thank you for your review! We're glad you're enjoying Cooking Fever. If you have any suggestions for improvement, we'd love to hear them. Happy cooking, Chef! Join our community on Facebook and Instagram at @CookingFeverGame.",2026-02-05 01:03:34,26.0.1,com.nordcurrent.canteenhd,Cooking Fever: Restaurant Game
404e43b1-1939-45f3-9a51-a1ff9a86b8ce,Rubina Naseem,https://play-lh.googleusercontent.com/a-/ALV-UjU-UM_hKubbm3h7eqCQ82TeZSpEZdyL_dsZO_MIQbcER6Vod0kN,ossam,5,0,26.0.1,2026-02-04 20:47:14,"Thank you for your review, Chef! We're glad you're enjoying Cooking Fever. Don't forget to join our community on Facebook and Instagram for more fun! @CookingFeverGame",2026-02-04 21:26:18,26.0.1,com.nordcurrent.canteenhd,Cooking Fever: Restaurant Game
f4a42e04-18d9-4d26-b8b0-1769d0627647,Pedro gomez,https://play-lh.googleusercontent.com/a-/ALV-UjUDKTH1A0w2-6OyGEWmWX3Hnw4QzB2ptFEC7IshZvHWWjozofHh,"To be honest I've played this game since like I was 6 years old and this game is just so much fun, even today I still play it, this game made my childhood better for real💓",5,0,26.0.1,2026-02-04 19:49:31,Thank you for your heartfelt review! We are thrilled to hear that Cooking Fever has been a part of your childhood and continues to bring you joy. We are dedicated to making your journey even more amazing. Join our community @CookingFeverGame on Facebook and Instagram for more fun!,2026-02-04 20:47:36,26.0.1,com.nordcurrent.canteenhd,Cooking Fever: Restaurant Game
272d2505-7e7d-4f0b-a616-6bab6c104a82,Meena Pawar,https://play-lh.googleusercontent.com/a/ACg8ocKqeGfObjqyR6vbzHu9TUJftq9rVxSLnN9EuwlHAyT0DeEvew=mo,APK IS BEST AS I EXPECTED,5,0,,2026-02-04 17:30:21,"Thank you for your review! We are glad that you are enjoying the game. Keep cooking, Chef! Don't forget to join our community on Facebook and Instagram at @CookingFeverGame. Happy cooking!",2026-02-04 18:17:19,,com.nordcurrent.canteenhd,Cooking Fever: Restaurant Game
157d8442-2450-4a1a-941c-36eae50b5d91,Londeka Ndovela,https://play-lh.googleusercontent.com/a/ACg8ocIcQvGoOAtFS5A7NFaBQdebzKGsF-YqoGW2Ct_slTcVSVuxLw=mo,not bad,4,0,26.0.1,2026-02-04 14:51:32,"Thank you for your review! We're glad you're enjoying Cooking Fever. If you have any suggestions for improvement, we'd love to hear them. Happy cooking, Chef! Join us on Facebook and Instagram @CookingFeverGame.",2026-02-04 15:28:02,26.0.1,com.nordcurrent.canteenhd,Cooking Fever: Restaurant Game
8def7314-15ff-4219-b68b-838a41d5584e,Xander,https://play-lh.googleusercontent.com/a-/ALV-UjU3tKgXHcSWPELOuSEj1ojoSIY7M53UkmeT0QZ_Wmu46P-xMIY,"A SINGLE PLAYER GAME SHOULDN'T REQUIRE INTERNET FOR THE BARE MINIMUM FEATURES, the only reason games like this require internet is so they can serve ads, which means there's obviously a tonne of forced ads",1,0,26.0.1,2026-02-04 12:19:33,Thank you for sharing your thoughts. We understand your frustration with the internet requirement. We strive to provide the best experience and appreciate your feedback. Join our community on Facebook and Instagram @CookingFeverGame for more fun.,2026-02-04 13:12:52,26.0.1,com.nordcurrent.canteenhd,Cooking Fever: Restaurant Game
816d2b44-67fe-47d7-8e3e-ccba67229b96,Chrissie Soriano,https://play-lh.googleusercontent.com/a/ACg8ocIwkClbcWMfxTNovoQyLu8-AtkIZ07aY-zbEHxU0zX-KNEq=mo,nice,5,0,26.0.1,2026-02-04 08:49:58,"Thank you for your review, Chef! We're glad you're enjoying Cooking Fever. Keep cooking and don't forget to join our community on Facebook and Instagram @CookingFeverGame.",2026-02-04 09:25:13,26.0.1,com.nordcurrent.canteenhd,Cooking Fever: Restaurant Game
eecc3e34-0884-4426-9fbe-1f73b56a76f0,Theo Heeney,https://play-lh.googleusercontent.com/a-/ALV-UjVzCUipa4KulD3Tk_Ez7jEcSYIAz6zhkTYRtR1yxWtgt6UmBHM,"Its a good game in the way that the graphics are quiet good for a mobile game, and the vatriety of dishes and levels are deffinatly there. I also like that the levels can get a little challenging. However I dont like that it basically forces you to buy gems as you cant really get much through game play but you need them to level up and advance for EVERYTHING! Its a shame its such a money grab game, everything else about it is really fun. please improve your greed in an update, many thanx",2,1,26.0.1,2026-02-04 06:53:57,"Thank you for your detailed review! We appreciate your kind words about the graphics and variety of dishes/levels. We apologize for any inconvenience regarding gems and will continue to work on improving the game. Happy cooking, Chef! 🍳 #CookingFeverCommunity",2026-02-04 07:35:35,26.0.1,com.nordcurrent.canteenhd,Cooking Fever: Restaurant Game
e56f0160-92d8-4c1c-bb61-e10479d11091,Kelechi Peter,https://play-lh.googleusercontent.com/a/ACg8ocJ_ZqiYJLsc5VGWQzfh_nZOMvpcAa1cb0q49wKJVVrX84ggVg=mo,I love the game but I can't play peacefully with data off,1,0,24.1.1,2026-02-04 05:53:32,"Thank you for your review. We're glad you love the game. For a better experience, we recommend playing with data on. Join our Chef community on Facebook and Instagram at @CookingFeverGame.",2026-02-04 02:33:08,24.1.1,com.nordcurrent.canteenhd,Cooking Fever: Restaurant Game
b15fa252-1a08-4de5-a21c-4c039762208f,Sarah Immings,https://play-lh.googleusercontent.com/a/ACg8ocL3d-ua2J0JQkELNe1sy9wc9u9DMADPT0IOETi_OmS8CJKqFw=mo,love it,5,0,21.0.1,2026-02-04 04:37:55,"Thank you for the love! Happy cooking, Chef! Don't forget to join our community on Facebook and Instagram at @CookingFeverGame for more fun.",2026-02-04 05:08:13,21.0.1,com.nordcurrent.canteenhd,Cooking Fever: Restaurant Game
9c778c48-a7ff-4245-b625-f50f88235902,Drew Wallerson,https://play-lh.googleusercontent.com/a-/ALV-UjVjU6QSkitgrmWXa5zBVAgc-HzgaqRlMdX6E8EUeQW93eid9kfN,Great Game,5,0,26.0.1,2026-02-03 23:46:48,Thank you for your kind words! We're glad you're enjoying Cooking Fever. Keep cooking and join our community on Facebook and Instagram @CookingFeverGame.,2026-02-04 00:24:34,26.0.1,com.nordcurrent.canteenhd,Cooking Fever: Restaurant Game
6c58513a-9208-4a11-995b-1225c38db103,Landy Tiyiselani Mbombi,https://play-lh.googleusercontent.com/a/ACg8ocKLXaffVYpaFBa1tS4aeKbUp0ma2ZvCWOeqLtbSvsBYqVOsVA=mo,amaizing,4,0,26.0.1,2026-02-03 23:28:30,"Thank you for the kind words, Chef! We're glad you're enjoying Cooking Fever. Have fun cooking and join our community on Facebook and Instagram at @CookingFeverGame.",2026-02-04 00:07:50,26.0.1,com.nordcurrent.canteenhd,Cooking Fever: Restaurant Game
482a5b9e-4b86-406a-b827-55a2d25710ef,Gangireddy N,https://play-lh.googleusercontent.com/a-/ALV-UjUJcYONwx6plQvtKP7Qg5gzTvx-7X5Cr2sB3HBOBssaBA7K3GI,thais game are so excited,5,0,,2026-02-03 21:46:08,"Thank you for your review, Chef! We're glad to hear you're enjoying Cooking Fever. Join our community on Facebook and Instagram @CookingFeverGame for more fun and updates!",2026-02-03 22:47:08,,com.nordcurrent.canteenhd,Cooking Fever: Restaurant Game
0b438ca6-8ea5-44eb-8376-3dd2b00b34f0,Nebyu Esayas Lemma,https://play-lh.googleusercontent.com/a/ACg8ocKfv9qRshzQid0jnb2MTHtkCEGg5fuLf7Qj4HamRiij5Ti0AA=mo,no complain about this game i always played it when i was a kid and it brings back somegood memories❤️,5,0,,2026-02-03 20:19:30,"""Thank you for your kind review! We're glad to hear our game brings back good memories. Keep having fun as a Chef and join our community on Facebook and Instagram @CookingFeverGame!""",2026-02-03 21:13:05,,com.nordcurrent.canteenhd,Cooking Fever: Restaurant Game
a0e14274-a519-4d5b-aed1-71138fa12854,Ericsson Ifeanyi,https://play-lh.googleusercontent.com/a/ACg8ocLyigKpaMiZTAOYxBiH34uJy-7j9Hmn8KYc7LIDd9RSi7PRsQ=mo,so good,4,0,,2026-02-03 12:22:52,Thank you for your review! We're glad you're enjoying Cooking Fever. Do you have any suggestions for how we can make it even better? ⭐⭐⭐⭐⭐,2026-02-03 13:21:26,,com.nordcurrent.canteenhd,Cooking Fever: Restaurant Game
3121ac1e-7674-4296-b212-26954932b71f,Unush,https://play-lh.googleusercontent.com/a-/ALV-UjWVvO-r37RpOXMi2NQx3DrUY5BfFxha5LuUtWvzY2xfw45pk4aC,why I need to turn on my internet to play this single player game?,1,0,,2026-02-03 11:27:47,"Thank you for your feedback! We apologize for any inconvenience. We recommend checking our Facebook page for exciting contests and giveaways. Happy cooking, Chef! Join our community on Facebook and Instagram at @CookingFeverGame.",2026-02-03 12:14:26,,com.nordcurrent.canteenhd,Cooking Fever: Restaurant Game
da1c966b-1d53-40c7-99df-e3878aefc876,Maryam Madineh,https://play-lh.googleusercontent.com/a-/ALV-UjU51lLv3FmqBZnMFaSdNV5GXOfKK5zwHZADXpBa9W9kDbAp2Rg,"i have few problems with new updates. i originally started at 2018, and it had less restaurant, no cheff pass but it has some good thing! you only need gems to upgrade the electronic, you pretty much could upgrade every food or ingredients by regular coins (beside cupcakes obviously) but now you need gem for pretty much upgrading every thing and it really made game frustrating. i don't gain enough money to go next level but I can't upgrade any ingredient either!! please change it back🙏🏻",3,0,,2026-02-03 11:27:39,Thank you for your review! We appreciate your feedback and apologize for any frustration caused by recent updates. Our team is always looking to improve the game and we would love to hear more from you. Join our community on Facebook and Instagram @CookingFeverGame and keep having fun!,2026-02-03 12:14:30,,com.nordcurrent.canteenhd,Cooking Fever: Restaurant Game
78a3fcd2-9a47-4af8-a400-135f9e5ed50e,Bekiwe Portia,https://play-lh.googleusercontent.com/a-/ALV-UjW0qXGKPe5uSn9IW6SYi_NCgZz7sNQQLeq8e5EVHSOqBUs4hmBK,there's no adverts guys,5,0,26.0.1,2026-02-03 10:11:12,"Thank you for your review! We're glad to hear you're enjoying Cooking Fever without ads. Keep cooking, Chef! Join our community on Facebook and Instagram @CookingFeverGame.",2026-02-03 10:56:52,26.0.1,com.nordcurrent.canteenhd,Cooking Fever: Restaurant Game
4d29eb09-e7d3-4d6a-b2df-d63fd70e2f90,Julie Ann Scovern,https://play-lh.googleusercontent.com/a-/ALV-UjU-eFn5fxjFEdbsaxz1RVSqDlVuffWq2861pIeHBSO8OhPN5k90-g,Just love it !! IT'S SO ANNOYING WITH THE FREAKING ADS NOW 😔 WHY WHY WHY IT'S RUINED 😭 BUT I LOVE MY COOKING FEVER 🙂,4,0,26.0.1,2026-02-03 06:29:31,"Thank you for your review! We're glad you love Cooking Fever, but sorry for the annoying ads. We'll take your feedback into consideration. Keep cooking, Chef! 😊 Join us on Facebook and Instagram at @CookingFeverGame.",2026-02-03 07:13:24,26.0.1,com.nordcurrent.canteenhd,Cooking Fever: Restaurant Game
df1ed94f-8e66-448f-ba1e-0cd12ca1cdb2,Mehek Khawaja,https://play-lh.googleusercontent.com/a/ACg8ocKz-xHViFgKBjALPWRUwh_D6ACHAMKWVs2PTkwxl-c0VNsU2g=mo,awesome,5,0,26.0.1,2026-02-02 23:36:31,"Thank you for your awesome review! We're glad you're enjoying Cooking Fever. Don't forget to join our community on Facebook and Instagram at @CookingFeverGame. Happy cooking, Chef!",2026-02-03 00:18:44,26.0.1,com.nordcurrent.canteenhd,Cooking Fever: Restaurant Game
dc6f2256-812d-4dfc-a609-1bd295bdd7aa,rodas Atikelt,https://play-lh.googleusercontent.com/a/ACg8ocJIqAMFKDozy80VxzGuzDeMARLkeWUG4cV8RK_ZySNFi3wAcA=mo,its enjoyable and fun game,5,0,26.0.1,2026-02-02 17:12:48,Thank you for the review! We're glad you're enjoying the game. Join our Chef community on Facebook and Instagram @CookingFeverGame for more fun!,2026-02-02 17:47:17,26.0.1,com.nordcurrent.canteenhd,Cooking Fever: Restaurant Game
49762a02-599b-4ca8-b4e9-19d58ad7db13,Abimbola Adeolami,https://play-lh.googleusercontent.com/a/ACg8ocJfPwYwWfW_yoJ3Z6jpIkmSwf8BElM9r3TSLMzyu9oQN1vCFg=mo,Why can't I play it offline?? I downloaded it only for it to keep me busy when I don't have data.... so what's the point now,1,0,,2026-02-02 14:26:41,"Thank you for your feedback. We apologize for any inconvenience caused by the lack of an offline mode. Stay updated on our Facebook page for contests and giveaways. Happy cooking, Chef! #CookingFeverCommunity",2026-02-02 15:21:31,,com.nordcurrent.canteenhd,Cooking Fever: Restaurant Game
9e39812a-0def-4e89-a956-eb8b47841b24,kaosar Ismail,https://play-lh.googleusercontent.com/a/ACg8ocLGsPlxoH7gO9dEdjTjL5dYdcPmQfhZPCkWRi5AcGi0pd67Pg=mo,The server of this game has not been responding on my phone a minute after I logged in for over 6 hours now,3,0,26.0.1,2026-02-02 14:24:34,"Thank you for your feedback, Chef! We apologize for the inconvenience and are committed to improving your experience. Please contact support@nordcurrent.com for technical help. Happy cooking!",2026-02-02 15:21:33,26.0.1,com.nordcurrent.canteenhd,Cooking Fever: Restaurant Game
07400dd0-163f-4e88-b370-ef15b249542e,Julia Oksbjerg,https://play-lh.googleusercontent.com/a-/ALV-UjWeyR4d4a091gPYEDw1DDj8cZ9aPURAqzUTmC_p2vFxI9_misTz,"Can't open the game. It comes up with an error saying ""Failed to start the game. Please restart the device and try again"". I've tried restarting, and uninstalling, and nothing works.",1,0,,2026-02-02 12:37:42,Thank you for bringing this to our attention. We apologize for the inconvenience and suggest contacting support@nordcurrent.com for assistance. We appreciate your support and hope you'll continue to enjoy playing Cooking Fever.,2026-02-02 13:45:32,,com.nordcurrent.canteenhd,Cooking Fever: Restaurant Game
b6a49745-9874-440d-b9d5-6a241f35e753,Bharti Sharma,https://play-lh.googleusercontent.com/a/ACg8ocJ4WGUxv4XvClIuc01kxd699NqdDsTunmI--ev54QvfjiZaaQ=mo,i like this game but it take so much time for diamond 💎,4,0,26.0.1,2026-02-02 11:51:16,"Thank you for your review! We're glad you're enjoying the game. If you have any suggestions for how we can improve, we'd love to hear them. Happy cooking, Chef!",2026-02-02 12:36:42,26.0.1,com.nordcurrent.canteenhd,Cooking Fever: Restaurant Game
b0c1bdf7-9298-447e-85d2-421f8a6434c2,Sean Tom,https://play-lh.googleusercontent.com/a/ACg8ocJC2e3cOHsnvSwO1pjBrMEyA5auCHWfcB7WDPDdEHXZOEAx=mo,game is unfair you cant get gems as mush so you cant upgrade stuff and it keep s on messing up game used to be fun but its not now,1,1,26.0.1,2026-02-02 04:43:10,"Thank you for sharing your thoughts on Cooking Fever. We understand your frustration and encourage you to reach out to support@nordcurrent.com for assistance. Happy cooking, Chef!",2026-02-02 05:18:53,26.0.1,com.nordcurrent.canteenhd,Cooking Fever: Restaurant Game
08a65c2d-55da-4d0a-bfc8-0fc7ffa5701f,Jeovonnie Humphrey,https://play-lh.googleusercontent.com/a-/ALV-UjW_WETbpVuS8473lXEHv8Oy9wX6Edrma8wVf-jgXwKQpUxhjGTq8w,You need too many gems compared to how Many they give out.,1,0,26.0.1,2026-02-02 01:30:27,"Thank you for your feedback! We'll take your suggestion into consideration. Have fun cooking, Chef! Join our community on Facebook and Instagram @CookingFeverGame for exciting contests and giveaways.",2026-02-02 02:10:09,26.0.1,com.nordcurrent.canteenhd,Cooking Fever: Restaurant Game
a5634ce6-03af-493f-8093-3c8fbf063a7b,Shanna Philia Burnley,https://play-lh.googleusercontent.com/a-/ALV-UjWqtVVV1odfHD8uBT35WDWPeI5EcvfnA-b0Vzxyikx2cjgyJyIB,"it's one of those games that really keeps you entertained, you can tell just by the name.You can travel to different restaurants,make actual cuisines that are in real life. With culture and tradition, and genres,the main man ..The fast food restaurant that never gets old! keep upgrading cooking supplies, prepare food before Time, keep on repeat,let's go🍔",5,13,26.0.1,2026-02-01 19:43:19,"""Thanks for the review! We're glad you're having fun playing Cooking Fever. Join fellow Chefs on Facebook and Instagram @CookingFeverGame for more cooking adventures. 🍴""",2026-02-01 20:35:21,26.0.1,com.nordcurrent.canteenhd,Cooking Fever: Restaurant Game
5ea51330-4b86-4d03-98dd-a6d9d464f038,mohamed cherada,https://play-lh.googleusercontent.com/a/ACg8ocI5edhk46BhzJIl2bI-dNQ5uOvIlmZO7sRwiRLE9wGB7OrRDw=mo,this game was too stress relifing,5,0,26.0.1,2026-02-01 17:29:03,"Thank you for your review! We're glad you find our game stress-relieving. Keep cooking, Chef! Join our community on Facebook and Instagram @CookingFeverGame for more fun.",2026-02-01 18:25:58,26.0.1,com.nordcurrent.canteenhd,Cooking Fever: Restaurant Game
29e58957-9c36-4886-91c6-ba52ffc401ab,amirsam nasiri,https://play-lh.googleusercontent.com/a-/ALV-UjUz2GB76eZwG9CjswbxECSvTSVQsmFuIg--2ULhVgJ1K5KJwWJ_,great,5,0,26.0.1,2026-02-01 16:51:25,Thank you for the great review! We're committed to making your cooking journey even better. Join our community on Facebook and Instagram at @CookingFeverGame for more fun!,2026-02-01 17:45:50,26.0.1,com.nordcurrent.canteenhd,Cooking Fever: Restaurant Game
3029a79c-6a86-4443-bfa1-93019712fd91,Priyanka Rustagi,https://play-lh.googleusercontent.com/a/ACg8ocISDQf9_4WZ0N-A9gPNKX-pG7rhNiM8PfHL_DkYcAyBhVIttg=mo,"Good game with lots of restaurants and variety, but progression is frustrating. Gems are nearly impossible to earn, upgrades require tons of them, and XP rewards barely increase. Levels often fail even when almost complete, and tournaments are hard to enter. Difficulty keeps rising, but nothing really changes—you get stuck in a loop.",2,4,26.0.1,2026-02-01 16:01:44,"Thank you for your review! We're glad you enjoy the variety in our game. We apologize for any frustration with progression and gems. We are constantly working to improve and hope you'll give us another chance. Have fun, Chef!",2026-02-01 16:47:28,26.0.1,com.nordcurrent.canteenhd,Cooking Fever: Restaurant Game
b02f77a4-dc5f-42f7-b1b2-7b7e683f307e,Sajedeh Salari,https://play-lh.googleusercontent.com/a/ACg8ocLC3W5aJlzmJpxl6ITRTMpgWl_K1z3QSI-ki2NDuzjoWroNwg=mo,👌🏻✨,5,0,26.0.1,2026-02-01 15:56:53,Thank you for the great review! We're thrilled to hear you're enjoying Cooking Fever. Keep cooking up a storm and join us on Facebook and Instagram @CookingFeverGame. 🍳🔥,2026-02-01 16:47:40,26.0.1,com.nordcurrent.canteenhd,Cooking Fever: Restaurant Game
97d5e02b-67e5-4655-b4e0-09caa957232d,Fatemeh Faghih,https://play-lh.googleusercontent.com/a/ACg8ocITEHO6TQrxOViSx3vEp-NB3J4fLlTbuTSshdbjnNemtR5FwA=mo,there's problem with the game I don't know how to solve it. I'm in level 23 but the boosters appear and I have to buy it but the window does not get closed that I continue playing the game. please do something for it.,2,0,,2026-02-01 15:52:55,Thank you for the feedback. We apologize for any inconvenience and would like to know more about the issue to improve. We hope you can still enjoy the game and join our community on Facebook and Instagram @CookingFeverGame.,2026-02-01 16:47:45,,com.nordcurrent.canteenhd,Cooking Fever: Restaurant Game
a924d322-5942-4ac6-aad0-0a27431eae70,rhea ann milo,https://play-lh.googleusercontent.com/a/ACg8ocL2FDKO9qzgWYsO8RtWfCXKwE6bMLSZIafVmQerXAVC7CDWlg=mo,better,5,0,26.0.1,2026-02-01 14:14:17,Thank you for taking the time to leave a review! We're happy to hear you're enjoying Cooking Fever. Join our Chef community on Facebook and Instagram @CookingFeverGame for more fun!,2026-02-01 15:07:16,26.0.1,com.nordcurrent.canteenhd,Cooking Fever: Restaurant Game
9f2e8d76-1832-4aa9-a34d-42ad9fad338e,Ayan Khan,https://play-lh.googleusercontent.com/a/ACg8ocKUfbc5tC0O7mRLH3WZjIoZvaBSkwaA1g43_2wnZQhUSutCLw=mo,so beautiful game,5,0,3.1.4,2026-02-19 15:01:03,,,3.1.4,com.biglime.cookingmadness,Cooking Madness: A Chef's Game
f49fccef-49b4-4c9e-89b0-b2b6f1faeb67,shweta prasad,https://play-lh.googleusercontent.com/a-/ALV-UjVNlWg4o6-O-y23C4yG3D7VakrEu342qu-y26BAn8ObnxyF3KrU,incredible game,5,0,3.1.4,2026-02-19 14:51:20,,,3.1.4,com.biglime.cookingmadness,Cooking Madness: A Chef's Game
88757903-5c16-4da1-9814-8b1d09aea885,afsana shaikn,https://play-lh.googleusercontent.com/a-/ALV-UjWos1kYG9Y7_denrlCj-QcWYztV0iSqXmT-e2ttGpSqAx7CREBh,this game is very nice,4,0,,2026-02-19 14:33:17,,,,com.biglime.cookingmadness,Cooking Madness: A Chef's Game
88d6e0d0-60ea-4ee8-9f5e-b5d205640b2f,Hassan Alrawaf,https://play-lh.googleusercontent.com/a-/ALV-UjXRBRoHe9PNMJMlX6AWesHwIxiud0kkthfp0ha3pbS64xmTKqJa,great games,5,0,3.1.4,2026-02-19 13:44:34,,,3.1.4,com.biglime.cookingmadness,Cooking Madness: A Chef's Game
8cda9e2f-0e80-4bb1-98e6-bb8dd5a8269a,Rasul Chitari,https://play-lh.googleusercontent.com/a/ACg8ocL9eFsC1tk-uou7EVIS3vKkBfVPMvjKI-7Qk6JA4Lh8mD5F-Q=mo,I honestly tell you that this game is very good and is very interesting My opinion to you play after many levels it's hard to play for some people It's can irritate because speed of customers but I tell one time to play,4,0,3.1.4,2026-02-19 11:29:44,,,3.1.4,com.biglime.cookingmadness,Cooking Madness: A Chef's Game
7723b48b-fa77-48e3-ab2f-cfedb6e53dde,kyaw swar tun myint,https://play-lh.googleusercontent.com/a-/ALV-UjUxqWfRdcTVW2TOjh1nHYo9pfpI0UvIDyb5-TONxuCdGs6din48,good,5,0,3.1.4,2026-02-19 11:22:50,,,3.1.4,com.biglime.cookingmadness,Cooking Madness: A Chef's Game
283d5a2e-0506-4991-a745-44b46f2d9719,Fathimath hudha,https://play-lh.googleusercontent.com/a/ACg8ocK1RdwATNKL48KCDBEPQq6zMyR1SXI6rHcBKyigb6hlq-4Lnw=mo,good 😊 nice app,5,0,3.1.4,2026-02-19 11:05:53,,,3.1.4,com.biglime.cookingmadness,Cooking Madness: A Chef's Game
f767490b-5010-4fa3-9b11-35559a4fd74a,Victoria Hodge,https://play-lh.googleusercontent.com/a-/ALV-UjXyY4gYT4VFTvNkznPhsDqqAGDg4G-yAV2WF4g75BsvqyLNUYCR,fun game,5,0,3.1.4,2026-02-19 10:38:15,,,3.1.4,com.biglime.cookingmadness,Cooking Madness: A Chef's Game
87a158a5-2430-4075-bcb6-3866ff9a99c0,Shubham Yadav,https://play-lh.googleusercontent.com/a/ACg8ocLHaP_oz9KwWbDLhyNlKFBGIlzefMgPByNzzn0cX4lWr99-IQ=mo,very nice 🙂👍,5,0,,2026-02-19 10:06:33,,,,com.biglime.cookingmadness,Cooking Madness: A Chef's Game
6f33d289-f6b5-4534-b846-bb28eb7da010,Awliya 0905,https://play-lh.googleusercontent.com/a/ACg8ocJ_X1aFxIoUAqrYaigwAzI_Qd_s4SWFfAnq7CyjYZnmmSWdXg=mo,game ni seronok tapi die macam nak perabiskan duit kite kalau kalah sebab aku dah main bagi laju tapi takleh jugak die memang nak suruh kite beli yang pelanggan lebih tu harap faham lah ye,4,0,3.1.4,2026-02-19 09:43:12,,,3.1.4,com.biglime.cookingmadness,Cooking Madness: A Chef's Game
6f8960c3-8e9a-407f-a540-09f266b64c2e,estela cabo magat,https://play-lh.googleusercontent.com/a-/ALV-UjUCZ0s5aD5lp5vALUc6Vk6Bki09wPLj1TNH4z0kNGbJhGMfVpqWog,it's so annoying game,1,0,3.1.4,2026-02-19 06:31:51,,,3.1.4,com.biglime.cookingmadness,Cooking Madness: A Chef's Game
cf0fe606-9640-4e1f-9a97-464d7a75f8ba,KarenR Flanagan,https://play-lh.googleusercontent.com/a/ACg8ocL3OfMPScmIgyxsN6Z7CshF1E6ejtPfIyQTpEJtNhEQoPgGLA=mo,Very fun game fast paced characters are good . Love cooking so this very enjoyable .,5,0,3.1.4,2026-02-19 04:04:09,,,3.1.4,com.biglime.cookingmadness,Cooking Madness: A Chef's Game
13914364-2e97-4846-8fc0-51624bbb88c2,Ismelie Jeune,https://play-lh.googleusercontent.com/a-/ALV-UjU12TjoVAnExQz5crtbrAH3k_6UjOqoZuI6RtIrF2qQMmUGIpKnqg,This game is addictive! I love it!,5,0,3.1.4,2026-02-19 03:21:38,,,3.1.4,com.biglime.cookingmadness,Cooking Madness: A Chef's Game
ca608873-9814-412d-9e27-3bbae10b4ad1,Aman Ullah,https://play-lh.googleusercontent.com/a/ACg8ocJ8_SJWVhPV_9SwxSspHbhCN91Cbk_1YCK9CQnezGkNxwELIw=mo,ok,5,0,3.1.4,2026-02-19 01:37:16,,,3.1.4,com.biglime.cookingmadness,Cooking Madness: A Chef's Game
f2a0d595-9e23-46f7-baa6-cbe748ed992a,Nashaunda Estes,https://play-lh.googleusercontent.com/a-/ALV-UjWmKcvI3CinLBslndv1OnHL1TfvDZX0FSpJ55eWRqX5azWC-CBN,It's addictive 😍,5,0,3.1.4,2026-02-19 01:21:53,,,3.1.4,com.biglime.cookingmadness,Cooking Madness: A Chef's Game
e6ad4fac-5e88-42cc-b054-d330a543d291,Sujata Naik,https://play-lh.googleusercontent.com/a-/ALV-UjX-LTtTpjDlKqRtpYSi6Y7h1gfckK7O7XEnyyVkvfis3iwgkO4,not happy,1,0,,2026-02-18 22:34:22,,,,com.biglime.cookingmadness,Cooking Madness: A Chef's Game
93ff5489-3de7-4e43-9513-e2ce58296a00,Mohammad Shammas,https://play-lh.googleusercontent.com/a/ACg8ocKkN4k7c3qKXBlXTMH9uguUdAl_A1IsUNMK2XTPBFqitlPw-Q=mo,I like this also I played before,5,0,,2026-02-18 22:13:08,,,,com.biglime.cookingmadness,Cooking Madness: A Chef's Game
bd05003a-b787-4070-8fc6-790703c5f807,Dreamer soni,https://play-lh.googleusercontent.com/a/ACg8ocK5So0sFjRbPELqFxyMYHrcZyJnT80uz7RjINw8UScSIRXEDQ=mo,too many adds,3,0,3.1.4,2026-02-18 21:14:25,,,3.1.4,com.biglime.cookingmadness,Cooking Madness: A Chef's Game
76bf6e81-50e8-4112-ab6f-4df0ca35d369,Chiamaka Ruth,https://play-lh.googleusercontent.com/a/ACg8ocKI2hMMKUS334PJYn7dIJ30DghKrJ9OFd6Eh04WlJdzrlnWDw=mo,"The game is lively, i love it!!!",5,0,3.1.4,2026-02-18 20:47:58,,,3.1.4,com.biglime.cookingmadness,Cooking Madness: A Chef's Game
7b8080b7-81ac-4256-b501-c6a31a48b1c3,Addilina Watie,https://play-lh.googleusercontent.com/a-/ALV-UjV7BzzNuT3aH6K_v7z-Ku9a9pXvdsEUT17RzPrXxEelOXjF_XY,my favourite cooking games 🥰🥰,5,0,2.9.5,2026-02-18 20:28:15,,,2.9.5,com.biglime.cookingmadness,Cooking Madness: A Chef's Game
bb1698ec-eae4-45ef-8aa1-43ac30ae1c13,Jersia Margaux,https://play-lh.googleusercontent.com/a/ACg8ocILkr6AVInP3gfRtBQqekPr_qDV7HEfPqp0QBOpm-ekeLxW-Q=mo,love it!! 🥰🥰🥰🥰🥰,5,0,3.1.4,2026-02-18 18:32:55,,,3.1.4,com.biglime.cookingmadness,Cooking Madness: A Chef's Game
221c418e-6145-47c2-95f7-88d541c64baa,Rajni Sharma,https://play-lh.googleusercontent.com/a/ACg8ocIRpk80xq9BDE5ydqlCT1Xu7aUyIc-z3r3U9KNLnDt2FUeWzA=mo,This game is very interesting and at each level the curiosity for playing is increased .,5,0,,2026-02-18 17:29:07,,,,com.biglime.cookingmadness,Cooking Madness: A Chef's Game
1d75a5ec-c6e2-41e4-9649-b7a4d0480c57,Moshood Abeeb,https://play-lh.googleusercontent.com/a/ACg8ocJ7xZNGKS8Ne28VYDjR1Vpd8jlWybSTuKa-itEPESIlHx-W=mo,good idea 💯,5,0,3.1.4,2026-02-18 17:22:40,,,3.1.4,com.biglime.cookingmadness,Cooking Madness: A Chef's Game
064f7d27-d250-4fa2-9fb1-d4c3b0da3eec,Jeeva,https://play-lh.googleusercontent.com/a-/ALV-UjXRpyIkvHE6s68kOqeMtdrm1iCtZ4bpAj0GBTO1rGl2nUerNQdH,Nice,4,0,3.1.3,2026-02-18 17:04:08,,,3.1.3,com.biglime.cookingmadness,Cooking Madness: A Chef's Game
96601713-4098-4966-9d41-bb76ac12e110,adarsh suvarna,https://play-lh.googleusercontent.com/a/ACg8ocJNsQlqZDo0mx0CjL4A_rVIM8JG3iRtk9x215JgKhZsdc-C0g=mo,superb game,5,0,3.1.4,2026-02-18 16:00:47,,,3.1.4,com.biglime.cookingmadness,Cooking Madness: A Chef's Game
f6a3f9da-f0eb-4a94-ae66-f1a37e50b545,Havalyn Nesler,https://play-lh.googleusercontent.com/a-/ALV-UjUmarqS7BGQG-tDj_tiG347lT52U6sch1XP9It3GfKWXpwtUp0w6g,"At first I enjoyed this game, but once the gems and boosts dry up and you get up higher in the levels the game becomes impossible to beat, and even boosters don't necessarily work. I am free to play and I don't mind farming, but this is starting to get pointless.",3,0,3.1.4,2026-02-18 15:48:49,,,3.1.4,com.biglime.cookingmadness,Cooking Madness: A Chef's Game
5b0df44e-1a4a-4457-87b2-d4d83d0eb1f7,Sana Firdaus,https://play-lh.googleusercontent.com/a/ACg8ocJHsPFvkm8wpZKWEqY4ncCjBUpcUTIXsMEEoDhyYjN3298VQw=mo,"Cooking Madness is really fun and interesting at the beginning. It makes me enjoy the game a lot. But after some levels, it becomes boring because the food prices are too high and it is very hard to pass the levels. The game should be a little more balanced so players don’t lose interest.",1,0,3.1.2,2026-02-18 14:35:11,,,3.1.2,com.biglime.cookingmadness,Cooking Madness: A Chef's Game
8c974a1f-1178-4c77-bce3-bf03209ed9cd,Rushda Ahmed,https://play-lh.googleusercontent.com/a/ACg8ocIWVA9StQA3hGjwBy5RvAHkp_f0ujLB5YhcsnEHZkWq84ICzA=mo,very best game,5,0,3.1.4,2026-02-18 14:10:42,,,3.1.4,com.biglime.cookingmadness,Cooking Madness: A Chef's Game
31a6e638-d4af-49eb-a9ba-9258aa9022aa,AM MOBILE FIX SANKARI,https://play-lh.googleusercontent.com/a-/ALV-UjXFQcZiblIcwAX7mFelyhVKaBQEQ1CLRb2c0CmiXBrXACmYrqkN,good,5,0,3.1.4,2026-02-18 13:58:01,,,3.1.4,com.biglime.cookingmadness,Cooking Madness: A Chef's Game
df0def8d-a95f-4706-b3b3-87ec83c4076c,Athena Caramel Barselona,https://play-lh.googleusercontent.com/a-/ALV-UjXpUc7loqVfK-qAJvy_k_fVLDNCvTDTwO28-9V0ZMUq8LJsnxRWbg,THE BESTTT!!,5,0,3.1.4,2026-02-18 11:56:53,,,3.1.4,com.biglime.cookingmadness,Cooking Madness: A Chef's Game
d83ed76f-6574-481d-a5f8-0cf5be9bd55e,Dee De Taylor,https://play-lh.googleusercontent.com/a-/ALV-UjUt6cvuvuvi8q1NOBB-67ySlIPKry2i7JKoV7Xn5VaLWgVKeYO4Qw,Addictive.... literally I be up all night!,5,0,3.1.4,2026-02-18 10:42:56,,,3.1.4,com.biglime.cookingmadness,Cooking Madness: A Chef's Game
ee008737-20c3-4eee-a81f-f302e5995704,Teariana Rhodes,https://play-lh.googleusercontent.com/a-/ALV-UjWw6h6mpzcp_Tl4bHqB8WzrLl0oiDQohw9M0BVYE2QLa_4wL-UO,they haven't changed the app/game much and I love it 😃,5,0,3.1.4,2026-02-18 09:54:11,,,3.1.4,com.biglime.cookingmadness,Cooking Madness: A Chef's Game
f4459e01-c35c-42c0-994a-d193b33562e8,Claire Cabrejas,https://play-lh.googleusercontent.com/a/ACg8ocLxCfiyWZyIcPafapb7J-u0AvZUONXK5W5eVOhd_a2dMoak2w=mo,Addicting,5,0,3.1.4,2026-02-18 09:07:02,,,3.1.4,com.biglime.cookingmadness,Cooking Madness: A Chef's Game
99f7f1ed-8cc5-4782-8d16-e4be642dc4fe,Alicia G,https://play-lh.googleusercontent.com/a/ACg8ocJDOQ9xmJEYaGWEabaJJ6XFZ_vIiwaqRST63yWlbPkx4vofeA=mo,Love it,5,0,3.1.4,2026-02-18 09:05:33,,,3.1.4,com.biglime.cookingmadness,Cooking Madness: A Chef's Game
ccf33ad4-5553-403f-8a0a-2b578607a4ce,Ruuti Rootie,https://play-lh.googleusercontent.com/a/ACg8ocJkdkoJH1PZFruTam4qoQESNFo7g2YXUaaNQYGu8zO7b1YVBg=mo,it's a hard game but I want it and interesting cause it's make fast .,5,0,3.1.3,2026-02-18 05:29:51,,,3.1.3,com.biglime.cookingmadness,Cooking Madness: A Chef's Game
a0a8f22f-15ec-476c-a3b6-ede32bf7eeaa,Teanna Walker,https://play-lh.googleusercontent.com/a-/ALV-UjVrqAFk8rIc21a-QI7obM3tGZli-JUIL0GM9CIrZ-I6CptkiBBm,fun,5,0,3.1.3,2026-02-18 04:20:50,,,3.1.3,com.biglime.cookingmadness,Cooking Madness: A Chef's Game
85c275f6-b571-4272-b5ae-792fd933a878,Anam Shahzadi,https://play-lh.googleusercontent.com/a-/ALV-UjUNW5OKNxVba20pLMmWGNCF8qzjTb2hbOEIg0EP4uxu3xjq7Pb9,is so good 👍 I like it,5,0,3.1.4,2026-02-18 03:06:56,,,3.1.4,com.biglime.cookingmadness,Cooking Madness: A Chef's Game
fe2c89df-dcca-4672-996a-41306b65d089,Joy Jimoh,https://play-lh.googleusercontent.com/a/ACg8ocKfjDf-O3tvQ7l7jPOwzp0mgV-GzjDvkws4jVcEKG2fSLT16Q=mo,A very sweet cooking game.,5,0,3.1.3,2026-02-18 01:31:36,,,3.1.3,com.biglime.cookingmadness,Cooking Madness: A Chef's Game
28b39dda-d5ec-410d-aa11-0de045566ec7,Sibusiso Khoza,https://play-lh.googleusercontent.com/a/ACg8ocI0I8LGHEDp3t3UWZkRa6EvtZkCh45WrBugJY4kTPGeCmsQaA=mo,Great!!!!,5,0,3.1.4,2026-02-18 01:28:21,,,3.1.4,com.biglime.cookingmadness,Cooking Madness: A Chef's Game
d0c48dee-3b7b-458d-af45-ae88a1ab9f09,braxton alexander,https://play-lh.googleusercontent.com/a-/ALV-UjWUbPyMJMPouuM8nWfmsqR_xLkzxz_8k_qHC0sFs7noYklh4y4l,great fun,5,0,3.1.4,2026-02-18 00:09:48,,,3.1.4,com.biglime.cookingmadness,Cooking Madness: A Chef's Game
875df172-3c3d-4f3b-813f-a2aef452b8d4,Anita Berry,https://play-lh.googleusercontent.com/a-/ALV-UjVRfCVS-3C02fLpDNie0H8a5SJ2BMBtSVg_oHvQxOTipvhdj8c,great game,5,0,,2026-02-17 22:48:13,,,,com.biglime.cookingmadness,Cooking Madness: A Chef's Game
05ca0043-09c9-4880-abf1-8f31fec73f46,Krishna Gupta,https://play-lh.googleusercontent.com/a/ACg8ocKF2W_1QFcJXc34adx8WuFm2KFqms4EDGEKtHbCgpf0G1x0Y1a3=mo,nice,5,0,3.1.4,2026-02-17 21:14:05,,,3.1.4,com.biglime.cookingmadness,Cooking Madness: A Chef's Game
f67cc0e5-e634-415a-8cfc-14c87f433638,Esther Vincent,https://play-lh.googleusercontent.com/a/ACg8ocJqwz9L9Q5W1QnQtemciDUbdaATqWzSMU_nLL9xG4gUg5H_eA=mo,Excellent,1,0,,2026-02-17 19:56:53,,,,com.biglime.cookingmadness,Cooking Madness: A Chef's Game
5f6c771e-5953-4c8a-9777-29a97d3d90d9,Sonawane Samadhan,https://play-lh.googleusercontent.com/a/ACg8ocLhit9aJXYO8CD9jeKJ2U41TtzqMb6j56mH29YDUUwdouMTBA=mo,so great full game,5,0,3.1.4,2026-02-17 19:29:42,,,3.1.4,com.biglime.cookingmadness,Cooking Madness: A Chef's Game
672ae611-9a34-4ab7-a94d-b9cff7df2038,sace kumar,https://play-lh.googleusercontent.com/a/ACg8ocKkIp3qn87fROahYHnig-xf8BpygkIsAnY1E3q5CHi0643xiA=mo,very nice game 👏,5,0,,2026-02-17 19:16:03,,,,com.biglime.cookingmadness,Cooking Madness: A Chef's Game
260e6803-92fa-4801-af61-bc22d94ccbfb,Aadya Gupta,https://play-lh.googleusercontent.com/a/ACg8ocIVMfg8KYMuUCZF8AlF9re15sJwW8uq1m0q8zG3ibAca0c84A=mo,it boost your skills,5,0,,2026-02-17 19:00:15,,,,com.biglime.cookingmadness,Cooking Madness: A Chef's Game
9549af13-2a9c-48f5-aeab-d43aa8f01e14,Abdullah Ilyas MUGHAL,https://play-lh.googleusercontent.com/a/ACg8ocLp7z8QxuK_I5cfLxkvA9Elx67AzHWSgMEynyYXtLOFFSN50Q=mo,that's fantastic 😍 I love it not to much ads,4,0,,2026-02-17 18:15:07,,,,com.biglime.cookingmadness,Cooking Madness: A Chef's Game
6e8a6a5c-a6a4-4335-bac2-171b429d5606,Abdulrehman bajwa,https://play-lh.googleusercontent.com/a/ACg8ocKQA7G15BHQP9ogJ_M78TOPMJ8pEpcx0W9dhPYvEUZWiJv9wA=mo,This game is offline and also fun Cooking fans here who like to cook,5,0,3.1.4,2026-02-17 18:05:32,,,3.1.4,com.biglime.cookingmadness,Cooking Madness: A Chef's Game
f1bf194b-9549-4a1a-9400-e9d756332975,Sakila Sakila,https://play-lh.googleusercontent.com/a/ACg8ocKm_ivAfnJZmKFiTOrvCGDWMHig_ScwuvKurAvWfzpmQ9VQlQ=mo,nice game. 😎😎😎,5,0,,2026-02-17 17:30:25,,,,com.biglime.cookingmadness,Cooking Madness: A Chef's Game
32a88711-36b2-4c85-8c97-0da523fd76a4,Ganesan Subramanian,https://play-lh.googleusercontent.com/a/ACg8ocJ7pibEyWKqDZcYe2_ql21DujMcqLU4Bt-TYaKI8-vFTobgPg=mo,it is ready nice to play,5,0,3.1.4,2026-02-17 16:35:32,,,3.1.4,com.biglime.cookingmadness,Cooking Madness: A Chef's Game
3ca74941-e13b-4b9e-8c84-d8c74b92dd8b,Lorien Rosauro,https://play-lh.googleusercontent.com/a/ACg8ocLwsfWhctD9_OB2jHPITF3TQTOTPUgjuZaNOpf8PeAARWPeIQ=mo,the game is very fun and me and my nephews enjoy playing it very much! ☺,5,0,3.1.4,2026-02-17 15:51:11,,,3.1.4,com.biglime.cookingmadness,Cooking Madness: A Chef's Game
474d4889-3223-456e-b990-44718c3ba74e,Cristina Flores (Cristy),https://play-lh.googleusercontent.com/a-/ALV-UjVYYlLllg2EzFk5OA-Kb-FpO64IT3YriRd5xWaAhwUj9rvmImTZ,all goods,5,0,3.1.4,2026-02-17 15:38:34,,,3.1.4,com.biglime.cookingmadness,Cooking Madness: A Chef's Game
cd87ac47-37df-4458-964b-76bcbba25e12,Geremie Somoza,https://play-lh.googleusercontent.com/a-/ALV-UjWFrsXZe_Wk7yFbf7LEFepG3vCxVO5OCAlblwHEKcOBzTlsdes,Soo very good I like this game,5,0,,2026-02-17 15:25:37,,,,com.biglime.cookingmadness,Cooking Madness: A Chef's Game
a162a2f5-a1b1-4fec-ab91-fe7b6e04fe05,Disna Kumari,https://play-lh.googleusercontent.com/a-/ALV-UjUDqYFaMwcM8c1NaaaRv-UlN-LLSTiya8hNp7saCT8Bqyp2k8A8,this wow game is good good good. ඇත්තටම හොදයි මට කියන්න වචන නෑ 🌹❤️,5,0,,2026-02-17 14:47:58,,,,com.biglime.cookingmadness,Cooking Madness: A Chef's Game
463b53f7-4dfb-4578-a6be-aa0331d2b00c,Esther Jude,https://play-lh.googleusercontent.com/a/ACg8ocLgZ_Qpg5HEkjZobYV13yhVGSYSb6BtLpoXkVjLUa0Q8vVKYg=mo,It's a really great game A must play for everyone Spent countless hours playing it♥️♥️♥️♥️,5,0,,2026-02-17 14:00:58,,,,com.biglime.cookingmadness,Cooking Madness: A Chef's Game
eb5d9415-e1d1-4f7d-949c-07a4cc550796,MR. sajid,https://play-lh.googleusercontent.com/a/ACg8ocLsxDUMWiq2zv9SW5s1neB3OoOX_NgOQh6YK6pNSjzv8ks3PA=mo,world's most top game I have ever seen 🙌 👏 👌 😳 😍 👀 🙌 👏 👌 😳 😍 👀 🙌 👏,5,0,,2026-02-17 12:41:12,,,,com.biglime.cookingmadness,Cooking Madness: A Chef's Game
07e3757e-9818-4288-8af1-bc34f711af96,Bhavani Bhavani,https://play-lh.googleusercontent.com/a/ACg8ocKYC8PUdLVmz5VOo9mkAi3cJdlM1ZhWn9i5hy_zuaf8kxkhxA=mo,I love this game I love this game,4,0,3.1.4,2026-02-17 11:28:25,,,3.1.4,com.biglime.cookingmadness,Cooking Madness: A Chef's Game
f301f29d-4878-4645-a8bc-7009a9731fe9,Ipsita Biswal,https://play-lh.googleusercontent.com/a-/ALV-UjV-BQNywORkbQjJ8kxUbvCMZlxg910RPl8EpGZxgq3U-kghN_Pg,niceee,4,0,3.1.4,2026-02-17 09:59:22,,,3.1.4,com.biglime.cookingmadness,Cooking Madness: A Chef's Game
c19e5a26-f823-42de-b927-bdc0ddff9e69,Monica,https://play-lh.googleusercontent.com/a-/ALV-UjWi9NUJ50MXYfl4uXGmP40eHwJUOn-z6U4_1IG8KX-f3I02_A-p,the constant ads are awful it pretty much ruins the game for me,1,0,3.0.9,2026-02-17 07:54:34,,,3.0.9,com.biglime.cookingmadness,Cooking Madness: A Chef's Game
57422ccf-a31f-4099-b94a-8ff08af79210,Shalonda Walker,https://play-lh.googleusercontent.com/a-/ALV-UjWvEBwPMl4GyBYF0jA95v0r2cfdNrGXb9Z8osVEnTiX4w6N6RB2,very fun,5,0,3.1.4,2026-02-17 06:28:24,,,3.1.4,com.biglime.cookingmadness,Cooking Madness: A Chef's Game
40974353-007c-4056-9490-25c7e74588b3,Jasmine Lopez,https://play-lh.googleusercontent.com/a-/ALV-UjW4BoMbJ4LDqQCGjuXPGhCAWe6RNgYLIFEoBO65ztv445s5xLjt,lots of ads,3,0,3.1.4,2026-02-17 05:22:11,,,3.1.4,com.biglime.cookingmadness,Cooking Madness: A Chef's Game
394c8df6-458f-4c76-82df-04a90cbd02f0,Mia J,https://play-lh.googleusercontent.com/a-/ALV-UjWGAOOK9Qg7ZEgsf3lutEE6DwgkOrRV0FHVK11saEoyENxmL40,good game,5,0,,2026-02-17 03:39:48,,,,com.biglime.cookingmadness,Cooking Madness: A Chef's Game
bb64e891-bf31-4d30-a58f-29320194efd0,chinasa iro,https://play-lh.googleusercontent.com/a-/ALV-UjXsooOQ_oyAM4yBRb98R28G5ZEjhm6et2bnvXYdK1duO8Oz9TDa,"I love this game, I love the graphics, I love that I can play it offline and online, I love that they don't make it too hard that you must have to pay to pass a level like other cooking games.",5,0,,2026-02-16 21:35:27,,,,com.biglime.cookingmadness,Cooking Madness: A Chef's Game
5338c3b2-4105-4c0f-99d9-02d7f29d7623,Fredrica Dei Somuah,https://play-lh.googleusercontent.com/a/ACg8ocIzD0liyKkMe3T5SfnY6jxinG-5ezI35CmRZx22fIg_cstVFw=mo,I love this game,2,0,,2026-02-16 20:29:49,,,,com.biglime.cookingmadness,Cooking Madness: A Chef's Game
1cea82a4-784a-4798-afe3-815bcf614ab8,Hana Alaa,https://play-lh.googleusercontent.com/a/ACg8ocKKBfo-XFZY6WDPR1NraSuzarb3FAUkENFPRg-qPV65pFx2Lg=mo,المشكلة انها بتحتاج نت لو منغير نت هتبقى جامدة,4,0,3.1.4,2026-02-16 20:12:37,,,3.1.4,com.biglime.cookingmadness,Cooking Madness: A Chef's Game
d87e813d-4e76-4e5e-aa8a-c4a278fd9408,Rakunda Hoveka,https://play-lh.googleusercontent.com/a/ACg8ocIl9xLtL1CYfqqp_V5XNqfqA6JwhZ1DVt1OZ6qsWJhuJzFGZg=mo,so nice play and also remove stressful time 😍😍,5,0,,2026-02-16 19:50:01,,,,com.biglime.cookingmadness,Cooking Madness: A Chef's Game
5da610ed-5b13-4e63-b5dd-57db4acc7a91,Mim islam Mim islam,https://play-lh.googleusercontent.com/a/ACg8ocJv5AdTIpKaK6vT_mDogZ6H-vTe-uFpwNmuOisU6XZAPoPsOg=mo,সুন্দর গেমস,5,0,3.1.4,2026-02-16 18:45:46,,,3.1.4,com.biglime.cookingmadness,Cooking Madness: A Chef's Game
d6d78c64-d1f2-4841-8308-58efea120ab7,Heather Kalyan,https://play-lh.googleusercontent.com/a-/ALV-UjUQpzR9VbO_NossL9oellPGw_SjWQBzvhNuvB90bztjpCgHtnWx,omg the ads ruin it! ads pop up at the end of each level and then get frozen so you have to exit and enter the app over and over.,1,0,3.1.3,2026-02-16 18:11:55,Thank you for your feedback. Could you please give us a detailed description of the issue you are experiencing so that we can help? Please contact us in the game so that we can check the issue for you. We hope you can give our game a more positive rating. Thanks.,2026-02-10 09:19:18,3.1.3,com.biglime.cookingmadness,Cooking Madness: A Chef's Game
e8b6ab49-4e59-4ac9-97a7-54504c12acd6,Meenu Ridhu,https://play-lh.googleusercontent.com/a/ACg8ocKpRjAm_7DkSbpXQ9qFsRRuq9UCI5hlJmDAiLkGQIKpD8-GLg=mo,best game in the world,5,0,,2026-02-16 18:10:36,,,,com.biglime.cookingmadness,Cooking Madness: A Chef's Game
7a8e4668-d851-4e9f-bbc2-c53c819ba991,Dileswari Sahoo,https://play-lh.googleusercontent.com/a/ACg8ocIJtdY8I5ahc6NZyVZ6AY0q9cg5So0dQWmnSTo5NusxTCwiPw=mo,just wow game,5,0,,2026-02-16 17:29:57,,,,com.biglime.cookingmadness,Cooking Madness: A Chef's Game
79a953da-1278-4319-b24d-f21c65fb24ac,Hanis Nadhirah,https://play-lh.googleusercontent.com/a-/ALV-UjXSGGHR0JW14m36O-W57l9VFsixqOU9gaDv1G7iWIdwBC8kyU3t,addictive!,5,0,3.1.3,2026-02-16 16:26:00,,,3.1.3,com.biglime.cookingmadness,Cooking Madness: A Chef's Game
6ff1cce1-bafd-49b3-827e-334a6a36bd08,Kamalpreet Chadha,https://play-lh.googleusercontent.com/a/ACg8ocImgvFu4e5bmK0dXODlYV7ztpLYWWMrHDAQOlJlg4NQg_onWu8=mo,"amazing , challenging .",4,0,3.1.4,2026-02-16 16:25:09,,,3.1.4,com.biglime.cookingmadness,Cooking Madness: A Chef's Game
6ff1324c-5d15-4214-946c-8a105e5d3841,Shaik Rehana,https://play-lh.googleusercontent.com/a/ACg8ocLNEDOSUS4RjYuriOPwqHGfckfeCdoxQ0G0W78hXsCTaOFUIw=mo,good,4,0,3.1.4,2026-02-16 14:40:51,,,3.1.4,com.biglime.cookingmadness,Cooking Madness: A Chef's Game
9c547ae7-1785-4942-9a10-16aae17db624,Linet Wanjiku,https://play-lh.googleusercontent.com/a/ACg8ocJJsVl1TcrkvX-HeT-Ny74_ePgAOpWEEn0DkxrTSFzg5tF-Jw=mo,It's good it helps you to stay busy while bored,5,0,3.1.3,2026-02-16 13:48:35,,,3.1.3,com.biglime.cookingmadness,Cooking Madness: A Chef's Game
09ee5887-14ef-4355-80e5-40bdf55966bf,Shatakshi Tiwari,https://play-lh.googleusercontent.com/a-/ALV-UjUjWPZVqldoUDpZ76kmS0G0-pfMAoFVClXzyw3eR18ICCxvq0I8,great game but doesn't let me win a level even when I have completed the upgrade and actually played well on a level. wastes a lot of time,4,0,3.1.4,2026-02-16 10:16:08,,,3.1.4,com.biglime.cookingmadness,Cooking Madness: A Chef's Game
5d67427b-0d5b-43a6-aa2a-13c77450797e,Wiseman Fasi,https://play-lh.googleusercontent.com/a/ACg8ocLkS6ofaJgXfAG1GYLivYQmN7kRItW1q_ppoX4RoWex2NuTDQ=mo,I love this game,5,0,,2026-02-16 10:07:41,,,,com.biglime.cookingmadness,Cooking Madness: A Chef's Game
18c8af1f-8366-4532-8a82-97525de9b9e2,Jhonriel Albit,https://play-lh.googleusercontent.com/a/ACg8ocLIurDoym5fdQRZkoI0FgVfzpR06EIFsy5BxQk4BCa_aOW8=mo,so much fun game and I love it cause I love cooking,5,0,,2026-02-16 06:28:31,,,,com.biglime.cookingmadness,Cooking Madness: A Chef's Game
1ae8deeb-fcca-4a9e-aa11-9b0e918990b5,Louis Taylor,https://play-lh.googleusercontent.com/a/ACg8ocIaRNGbT182nYCR1odtK1mbcFyQm_xgU1eV23cStfLOSOzQLA=mo,great,5,0,3.1.4,2026-02-16 05:58:36,,,3.1.4,com.biglime.cookingmadness,Cooking Madness: A Chef's Game
8514bd50-3f27-4af4-9f38-a2d851870098,Aaliyah,https://play-lh.googleusercontent.com/a/ACg8ocIBq-KW-l0Ugo2GXtHrDnRnZTLjCwGSYqFjRZjkOJ3WbWYauA=mo,because the double pounder chef took all my energy for no reason whit his triple chin,1,0,,2026-02-16 00:10:16,,,,com.biglime.cookingmadness,Cooking Madness: A Chef's Game
db2d7ebd-6938-48cc-9eb2-3dfcb7200a90,Abbas Fareed,https://play-lh.googleusercontent.com/a/ACg8ocIyejdb1Ol_wt7PBPl7g7E37x34rcHSAkdB_DnJ2K574iFRVA=mo,this is very amazing game I recommend you to play this game,5,0,3.1.4,2026-02-15 23:07:26,,,3.1.4,com.biglime.cookingmadness,Cooking Madness: A Chef's Game
ae291565-7ecb-4784-bf5e-d2c65c9fb763,X10 LOUNGE LODGE,https://play-lh.googleusercontent.com/a-/ALV-UjUg0aLbVjpPEWxL5hiipxm5MCvzcRKK2Sy8pyqDjHIcSuEO9tM,great,5,0,3.1.4,2026-02-15 22:30:30,,,3.1.4,com.biglime.cookingmadness,Cooking Madness: A Chef's Game
92bafd30-6d38-442e-a259-d95bc025c16b,Manjit Singh,https://play-lh.googleusercontent.com/a/ACg8ocI2FYbNfXGKU-kryN2tSrYdsT08JGY9Ja_BJsB5P5amjbEYDQ=mo,okay 👌 game better no 🙂‍↔️ bad Thank you 🙏,5,0,,2026-02-15 21:27:54,,,,com.biglime.cookingmadness,Cooking Madness: A Chef's Game
cb1e1243-0398-427d-be1a-40662a058a96,ادهم ياقوت,https://play-lh.googleusercontent.com/a/ACg8ocJjjYpAElm7Uw9HuChvgtk3VK7Uhkg4hKmUeArU-_V7wrZ-UA=mo,تحفهههه,5,0,,2026-02-15 20:52:35,,,,com.biglime.cookingmadness,Cooking Madness: A Chef's Game
70ef40ad-1784-415c-8514-c5ce532c0207,Jayleen Angel,https://play-lh.googleusercontent.com/a-/ALV-UjXar3CPEgVRhrbHjYNJj82n0l-fJm4DRs4DY26hvGWlb0uN3rZV,was actually really enjoying game play but only after a couple days of playing the ads were just getting out of control. after every level (which didn't take long mind you) there was ad after ad. uninstalling,2,0,3.1.4,2026-02-15 20:05:29,,,3.1.4,com.biglime.cookingmadness,Cooking Madness: A Chef's Game
43530888-7d26-423b-b563-1ee406147f80,Muskan Ravjani,https://play-lh.googleusercontent.com/a/ACg8ocK8TAExLvc_2XVugtY41lfHGVHmEwozOXUV26RhspNxXGDaXg=mo,very good,5,0,3.1.3,2026-02-15 19:03:39,,,3.1.3,com.biglime.cookingmadness,Cooking Madness: A Chef's Game
e1c7ce01-3e20-424e-8da8-cb736a1f8494,Garrett Gibbon,https://play-lh.googleusercontent.com/a/ACg8ocIRTtY27wIFugomwZmDxR1gAZlHLjgHmd-REMDfa2F8WFX3Sg=mo,Won't stop asking for a review. So here it is.,1,0,3.1.3,2026-02-15 17:23:55,,,3.1.3,com.biglime.cookingmadness,Cooking Madness: A Chef's Game
f43750d2-6221-42b3-ada2-109366c365e9,Christine Cover,https://play-lh.googleusercontent.com/a/ACg8ocIS36-wXHtHSJcTJtYlt6lJh5x3vspEpIubvdW2ce7gZBYE9A=mo,best game ever,5,0,3.1.4,2026-02-15 16:41:50,,,3.1.4,com.biglime.cookingmadness,Cooking Madness: A Chef's Game
ca157e0a-2c68-44a0-b387-a44570b7209a,Geeta Kotkar,https://play-lh.googleusercontent.com/a/ACg8ocJGgCaq2fTZUXDoDA4nkFf20zA_fpb6JFZQ4cR4l2ALjBsqtw=mo,i love this game,5,0,,2026-02-15 15:11:12,,,,com.biglime.cookingmadness,Cooking Madness: A Chef's Game
93ed5c0f-aca8-42b1-8101-18af08d9075f,Namita Chauhan,https://play-lh.googleusercontent.com/a-/ALV-UjXz4-C48NkS5B7wc5ONBI7QxytI86hTZjF3B0rbXWL2NsGNmt0,very very bad means worst,5,0,,2026-02-15 14:17:35,,,,com.biglime.cookingmadness,Cooking Madness: A Chef's Game
bf8dc387-6101-4e23-ae25-3cd38640aa36,Donna Mae Labora,https://play-lh.googleusercontent.com/a-/ALV-UjUJFsYKfg2EWs19xZO10T3-sKpPoqX-bT8YUz0UxxbZysTXpg,to many ads that can't be closed. i have to exit the game and open the game again to continue. so much hassle. i uninstalled it.,1,0,,2026-02-15 14:14:42,,,,com.biglime.cookingmadness,Cooking Madness: A Chef's Game
22e90597-46f7-4fe0-b366-deafebe49cc8,Sofumade Teniade,https://play-lh.googleusercontent.com/a/ACg8ocIFtAS3V3aPS1hKLkSp5aKRNT5cOdAfzCO-tTg0znbtesWaRNTm=mo,I love it so much it's amazing 😍,4,0,3.1.3,2026-02-15 14:05:50,,,3.1.3,com.biglime.cookingmadness,Cooking Madness: A Chef's Game
70b94511-8e55-4d36-8376-9a5cf4064736,Brenda Herrera,https://play-lh.googleusercontent.com/a-/ALV-UjVCZ8qgOBKtQczIKhwaO0fDfIRR1c6HLZmwa_5VfhF8alIQhdot,this game is very addictive I love it ♥️,5,0,3.1.4,2026-02-15 13:51:09,,,3.1.4,com.biglime.cookingmadness,Cooking Madness: A Chef's Game
57a29d87-3233-4899-8e30-0c5137450f54,Seema Rakshit,https://play-lh.googleusercontent.com/a-/ALV-UjWPWjJfbAtm21MCeMBWV8pwvnTQmUfdIvZrOzmDqa4iGDnOe6otuQ,because this game want money,1,0,,2026-02-15 13:34:18,,,,com.biglime.cookingmadness,Cooking Madness: A Chef's Game
819b70f2-e1bc-4b39-9994-1afe3951ad5f,Chifundo Chavula,https://play-lh.googleusercontent.com/a-/ALV-UjXpscTUIjgQ12Fe3DPt6GtEE5RkyYyxD2oyu3X9MQcM-dafuxs7,very good game although I would like to get the currency exchange feature my money was left in America and I had to start all over in Europe,5,0,3.1.3,2026-02-15 12:39:30,,,3.1.3,com.biglime.cookingmadness,Cooking Madness: A Chef's Game
1ec58bb6-d556-4afd-9237-9ff482ec49a5,Keson Kunthasen,https://play-lh.googleusercontent.com/a-/ALV-UjVUfaVF7h0_dxmGas_Hw8qCDo_ZVosx_3xqm12ercEJhJs-7K7D,good,5,0,3.1.4,2026-02-15 11:16:20,,,3.1.4,com.biglime.cookingmadness,Cooking Madness: A Chef's Game
12721b36-b31b-4cdd-8bf8-84007c181c6e,Kashiram Atnalwar,https://play-lh.googleusercontent.com/a/ACg8ocITXoCPVpH0lvZAtadoYr-xoXRyNmhO9ll0bPRmBC_fFXOiwA=mo,It's interesting,5,0,3.1.3,2026-02-15 08:37:25,,,3.1.3,com.biglime.cookingmadness,Cooking Madness: A Chef's Game
b46ceb46-ef56-422b-9dc9-c522ba3289b5,Patrick Schattilly,https://play-lh.googleusercontent.com/a/ACg8ocLDxnsyXw560vwQJl_ywYUGSk3qVwtA_WpOcDjnQ-aGvGVwpA=mo,so far game is easy to play,5,0,3.1.4,2026-02-15 07:58:34,,,3.1.4,com.biglime.cookingmadness,Cooking Madness: A Chef's Game
aefd2417-e810-4996-a6a5-e9ca639841a8,Sexy Lacey,https://play-lh.googleusercontent.com/a-/ALV-UjUE_aZWlb2DMWwxrwf_zoZLWP4jY7KGZD3mF3fvodpcxMjnbJHq,this is a pretty fun game! fin way to pass time.,5,0,3.1.4,2026-02-15 06:21:43,,,3.1.4,com.biglime.cookingmadness,Cooking Madness: A Chef's Game
4b9fa05b-7451-4033-975d-76717707a742,Neeraj Singh,https://play-lh.googleusercontent.com/a/ACg8ocLaR2lcOf4XBL8p4D4NK8QlAhTRz9bP605Z_9bZ8ShEAUjg6Q=mo,Good 👍🏻,5,0,,2026-02-15 05:46:23,,,,com.biglime.cookingmadness,Cooking Madness: A Chef's Game
9446c5f2-3ceb-4385-b340-30585703e52e,zee williams,https://play-lh.googleusercontent.com/a/ACg8ocKG4-MLce4Mha3yUfgmg4WsU348ErrAu6Fsq0X58wGwxd2rPA=mo,I absolutely love this game but I have to stop playing it because of the ads. you can't get through it without being bombarded by ads. it's too bad. now they make you watch 3 different ads in the same ad.,2,0,3.1.3,2026-02-15 05:30:35,,,3.1.3,com.biglime.cookingmadness,Cooking Madness: A Chef's Game
38036bab-7132-450a-b191-ef8e9624f6f3,majid tp,https://play-lh.googleusercontent.com/a-/ALV-UjUXo4242I_tkwpa83IU1mNcqs2lYznzboZJnZQ3ECP2Ts3hxTo,"This game is not only pay-to-win, but you even have to pay just to play normally. Only the early stages — about a day of gameplay — can be played without spending money. Don’t waste your time; it becomes frustrating, and once you progress a bit, you won’t be able to pass the levels without paying.",1,0,,2026-02-15 04:27:01,,,,com.biglime.cookingmadness,Cooking Madness: A Chef's Game
5e66826a-4c59-48ad-9626-39f38a373ea2,shane velasco,https://play-lh.googleusercontent.com/a/ACg8ocIGol_7v-_y03OLE0fge__QecC66Zn_zqMPc6obGOI4uO4iMw=mo,I like it I can feel it,5,0,3.1.4,2026-02-15 03:06:52,,,3.1.4,com.biglime.cookingmadness,Cooking Madness: A Chef's Game
246ebf94-0d4d-4d83-8a32-232f8736ac4a,Mildred Stallworth,https://play-lh.googleusercontent.com/a/ACg8ocKnhmstCpVK4_CYpaPcp1pDZIXGkLYtk6d5dQritfkDmwkO_g=mo,awesome,5,0,3.1.3,2026-02-15 02:33:22,,,3.1.3,com.biglime.cookingmadness,Cooking Madness: A Chef's Game
d61fef41-a08d-44ed-90f8-df95a6f89b63,JeshMar Abangan,https://play-lh.googleusercontent.com/a-/ALV-UjUUFrlAM3OVoFRv6eiOMP9LaWTj3ZJiJAYX_9O5lWxWZ_tOEa4,"This cooking game app is so fun to play because it has exciting challenges, colorful graphics, and interesting recipes that keep me entertained. What makes it even better is that my family and friends play it too, and we turn it into a friendly competition to see who can get the highest score or finish levels the fastest. It’s not just a game, but also a fun way for us to bond and enjoy time together.",5,54,3.1.3,2026-02-14 22:24:33,,,3.1.3,com.biglime.cookingmadness,Cooking Madness: A Chef's Game
3ff9d678-bf80-4d64-b372-e92964d564ae,Hana Gouda,https://play-lh.googleusercontent.com/a-/ALV-UjW2Abo8m6gNIKocdF8AEoA4CfWX6XixBscZzJ47LRcRNzwHcaJi,soo good but makes u feel hungry 😅 but it's a very very fun game,5,0,3.1.1,2026-02-14 20:59:11,,,3.1.1,com.biglime.cookingmadness,Cooking Madness: A Chef's Game
9565555d-4149-4af1-b97a-b210864e5a34,Arish Wongso,https://play-lh.googleusercontent.com/a/ACg8ocKkovFLkgiHe6VrML-JUiy8Mk92S2sO3t5h5NoLI-WclLV6bw=mo,ITS SUPER FUNN,5,0,3.1.3,2026-02-14 18:18:57,,,3.1.3,com.biglime.cookingmadness,Cooking Madness: A Chef's Game
104c1254-00d8-4f29-b4b0-52f1d379233a,Beauty Ene,https://play-lh.googleusercontent.com/a/ACg8ocKKAaYwXBvszpGjfOF-ms0JYN_wY8kzNWnff21GmuJJYGoV4g=mo,Amazing experience,5,0,,2026-02-14 17:56:48,,,,com.biglime.cookingmadness,Cooking Madness: A Chef's Game
55cbbee0-b2db-4bab-8d42-3267c9d4790f,Ace James Michael Jaingue,https://play-lh.googleusercontent.com/a/ACg8ocKR_rNiwaZoKMhUw45ASLChm-PAliuQwllEcatRGmkxRq7srw=mo,I like it,5,0,3.1.3,2026-02-14 17:44:15,,,3.1.3,com.biglime.cookingmadness,Cooking Madness: A Chef's Game
e1d6c314-841c-4ec8-92b1-ae7feaa3d2f7,Sahnaj Begum,https://play-lh.googleusercontent.com/a/ACg8ocJKfzJL_gGf0RNYz9909Bd1gZbTuNGXarWOn4hW0YlmSeG3eQ=mo,i love this gameee tbh,5,0,,2026-02-14 16:54:31,,,,com.biglime.cookingmadness,Cooking Madness: A Chef's Game
2166564c-8551-48f5-bc2a-08b250b03839,Ruth Gbara,https://play-lh.googleusercontent.com/a/ACg8ocJ4XUEkkCWs_4JQbp5VEPy9yIg5jFzu9-9I53Fvj7A_060YPg=mo,this is the greatest food game I have ever played,4,0,,2026-02-14 15:51:05,,,,com.biglime.cookingmadness,Cooking Madness: A Chef's Game
8730ae2e-6bf9-412c-ac5b-8531d7444a27,Rim kassir,https://play-lh.googleusercontent.com/a-/ALV-UjX4h1Qeq_4iwzFDZDPPSrX3lDq16DAIL2vVx16zUJFX8nMKWz8,عادي حلوة بس مش كتير 💔 في العاب احلى بكتير,3,0,3.1.4,2026-02-14 15:29:36,,,3.1.4,com.biglime.cookingmadness,Cooking Madness: A Chef's Game
cfadddbb-f7ae-4c8d-92a8-82a5aeade08f,Ariyanachi J,https://play-lh.googleusercontent.com/a/ACg8ocIN5daSqH4j_eQbkVNGHHO1IuKxi070gBLlvjODtGxD70q28A=mo,super,5,0,,2026-02-14 15:06:56,,,,com.biglime.cookingmadness,Cooking Madness: A Chef's Game
3295e123-efaf-4f82-9886-93e56918edd3,Jean Mccain,https://play-lh.googleusercontent.com/a-/ALV-UjUm43422uSZCpabIYcqMH-mdX6NGsOTrGC89eVVitktjccHwPj3,I Love Game,5,0,3.1.3,2026-02-14 13:35:50,,,3.1.3,com.biglime.cookingmadness,Cooking Madness: A Chef's Game
24f36ca6-ca19-4f42-bd76-abb7309a21e4,Kathy Szombathelyi,https://play-lh.googleusercontent.com/a/ACg8ocJkNR20Sy-XC1Go3JpNhR2Okam05S8MRVRqgd97Hm_Ub__vuA=mo,"Fun, fast points",5,0,3.1.3,2026-02-14 12:43:06,,,3.1.3,com.biglime.cookingmadness,Cooking Madness: A Chef's Game
1caed5f6-1917-4eeb-89f1-b1eac2351891,Hidayu Abdulkadir,https://play-lh.googleusercontent.com/a/ACg8ocKGjQkxrYfRbPpZ8UCrGk3wrGO1MrS8iJaZak-ZlIVe1tJ4hQ=mo,a good game,5,0,3.1.3,2026-02-14 08:24:18,,,3.1.3,com.biglime.cookingmadness,Cooking Madness: A Chef's Game
9404b3e5-aa22-4ded-8129-bc51b3f8d0f4,clare sindam,https://play-lh.googleusercontent.com/a-/ALV-UjXntCQIJGFqgzU2xwSsCvOGWNWq3ppGP2h1ClHfS4d1D7zwgLc-,i subscribe for no ads forever. hope is worth it. I'm addicted!,5,0,,2026-02-14 08:21:20,,,,com.biglime.cookingmadness,Cooking Madness: A Chef's Game
d7b854a6-e92f-4347-a819-2268189afd07,Kristelle Magtibay,https://play-lh.googleusercontent.com/a/ACg8ocK00hinrTRN9aHLL8wdaSj4M-hUQHlCs-yJLNlb2Xjr9iXUuw=mo,it's always corrupt. it's corrupt again,2,0,3.1.3,2026-02-14 05:15:34,Thank you for your feedback. Could you please give us a detailed description of the issue you are experiencing so that we can help? Please contact us in the game so that we can check the issue for you. We hope you can give our game a more positive rating. Thanks.,2026-02-14 12:45:57,3.1.3,com.biglime.cookingmadness,Cooking Madness: A Chef's Game
9c13c67c-c6ef-4518-855a-89d44b714d17,Charlene Jane Camo,https://play-lh.googleusercontent.com/a-/ALV-UjXRsLn6FwLrvG2GD2kE4NFaqK5E89tZXaxGiA74a2ZWF4DV-bwS,I love this game so much,5,0,3.1.4,2026-02-14 04:22:53,,,3.1.4,com.biglime.cookingmadness,Cooking Madness: A Chef's Game
65fb3c4c-0fb1-4ceb-bb0b-12573c734ade,Mira Ahmed,https://play-lh.googleusercontent.com/a/ACg8ocLXR6gZx0SNV4K9FzCeh1GYQ_HVvFo0VQpn_uAGScOrX7FGiA=mo,good game 🎮,5,0,3.1.3,2026-02-14 03:17:28,,,3.1.3,com.biglime.cookingmadness,Cooking Madness: A Chef's Game
b3ad0df5-2ce0-4f14-be4c-e64ee8a7c614,Keon,https://play-lh.googleusercontent.com/a/ACg8ocIdTn5utAwAd5s1sJ1aQuXI4yXFaRetjX3jWctmlmkH-GUwvA=mo,alright game I enjoy playing it,5,0,3.1.3,2026-02-14 03:06:35,,,3.1.3,com.biglime.cookingmadness,Cooking Madness: A Chef's Game
89d35ddb-c45c-4916-a70e-62b1824970b7,JC Greenberry,https://play-lh.googleusercontent.com/a/ACg8ocLcKGz28k7P2a_0CJh_6m8U2vw3rcN1wkyVcX1rLv7p1bzi=mo,Love it,5,0,3.1.3,2026-02-14 02:34:12,,,3.1.3,com.biglime.cookingmadness,Cooking Madness: A Chef's Game
3c4f3e41-7990-45e3-a5a5-22c7b3bfb9b5,Enow Cabral,https://play-lh.googleusercontent.com/a/ACg8ocLyZHWvUQaW04H5dwK9FWB7wSc2cFlkjYsCVfcnx80NfaLV39Y=mo,fun and feel more real it also teaches alot of thing,5,0,,2026-02-14 01:59:10,,,,com.biglime.cookingmadness,Cooking Madness: A Chef's Game
664ee17d-54c5-446b-8d05-5469fd5c6178,Cassandra Schroeder,https://play-lh.googleusercontent.com/a-/ALV-UjUR62n3wznjHJ-lJjlmOl1WkGMxOHj9um9qm_k-nZKE46E-e2ducA,used to love this game but its been ruined by forced ads every few levels,1,0,3.1.3,2026-02-14 01:15:13,"Thanks for your feedback! We do understand your feelings. To provide our players with a free game, we use ads to keep the game running. The ads can be removed by a NO ADS purchase. Thanks for your understanding and hope you can give us a positive rating.
",2026-02-14 12:46:17,3.1.3,com.biglime.cookingmadness,Cooking Madness: A Chef's Game
5263d420-6b11-4c8b-a569-90dc77dbe154,Rutuja Rewale,https://play-lh.googleusercontent.com/a-/ALV-UjVwZsA9OqguKOT2snYOw0bfziCj6ja4YgmkIefCV6Up8EucL18,i like this game,5,0,,2026-02-13 23:27:33,,,,com.biglime.cookingmadness,Cooking Madness: A Chef's Game
f9d10255-bc90-4ffb-b3d3-2c81d7b9c20f,Jad Basma,https://play-lh.googleusercontent.com/a/ACg8ocKJzoREt_jgLpOq4OOn81G6jC659draJw0cfeK0R4e7_ngrGg=mo,better then roblox's age verification,5,0,3.1.3,2026-02-13 23:13:23,,,3.1.3,com.biglime.cookingmadness,Cooking Madness: A Chef's Game
03bd08a5-3ac2-431b-a9a8-9830732bdb00,Nahi.bagban Bagban,https://play-lh.googleusercontent.com/a/ACg8ocL_Jf1C2_8y6vZ9cvz4bhybbopcal0UlbtAmdtdl17VLpegrg=mo,one of the best games i have ever palyed lacks the feature that i wanted to do I think I think we have to be a new friend or in the best games and games i will not be free to be in the feature of you are not be free from you are there in my phone and I have ever palyed and I will do it and you are there in my phone and not be free to do I have not be free to be able and I will be able to attend the best games 🎮 you will be able to be free to do I will be in the evening ant l lov you may game to,5,0,,2026-02-13 22:31:29,,,,com.biglime.cookingmadness,Cooking Madness: A Chef's Game
de32ae18-2c9d-4cfc-b9f8-aa68dd85ed0e,Rihab,https://play-lh.googleusercontent.com/a-/ALV-UjW2bQDO66vUlawpl5WpTBPR5UhOIKksdrFdrhvWYblremmHqms,I LOOOOVEEE this game😭💞,5,0,3.1.3,2026-02-13 22:29:11,,,3.1.3,com.biglime.cookingmadness,Cooking Madness: A Chef's Game
8bbc12d6-ab29-411b-bf02-a133e7b01471,Jack The reaper,https://play-lh.googleusercontent.com/a/ACg8ocJpZUyZ86GRAGmyRNoIqstcoxDxZ-87PwkBDdN4eJMHDVGXEA=mo,level 66 is HARD and might just have me uninstall it's that bad but besides that. it's the usual money grab. pay for removal of ads. in which if you don't like me you're gonna be stuck with an ad after every single level and even when you do an ad for extra gold you get an ad after watching the ad,2,1,3.1.3,2026-02-13 20:11:09,"Thanks for your feedback about the level difficulty and the ads. This level has been checked and confirmed to be solvable without using boosters. If you need more tips, please feel free to contact us in the game. Our support team will help you as soon as possible. Hope you can enjoy the game and give us more stars. Thanks for your support!",2026-02-13 15:28:23,3.1.3,com.biglime.cookingmadness,Cooking Madness: A Chef's Game
e89b55d6-93aa-4063-9160-0292b2b86f17,Lithika Varun,https://play-lh.googleusercontent.com/a/ACg8ocIzbRsYDXLWMD5TSUrBhWD9PIMkhS2RO3tU6oJOePh-HJrSpA=mo,I like this game,5,0,3.1.3,2026-02-13 17:58:09,,,3.1.3,com.biglime.cookingmadness,Cooking Madness: A Chef's Game
455fd7c6-0cbe-43d5-9348-cbffd8ff932c,Sofia Mohamed,https://play-lh.googleusercontent.com/a-/ALV-UjVBuH4TeWBQBrgZxtpsXFM5JxuDaUsRl1BUNDO1ASe5_nRbePg,it's so fun like it's already pretty chaotic before the first 10 levels I like it!!,4,0,3.1.3,2026-02-13 17:35:53,,,3.1.3,com.biglime.cookingmadness,Cooking Madness: A Chef's Game
97fcf5a7-e3b1-4117-beb7-b1e42c7d7e33,ava alvira,https://play-lh.googleusercontent.com/a/ACg8ocKlu-PwDvKy1VJ-gQ69stbL4TtLheWvPQs_fQhK_Paxbncb=mo,I love it,5,0,3.1.3,2026-02-13 17:15:19,,,3.1.3,com.biglime.cookingmadness,Cooking Madness: A Chef's Game
178072cb-cf1d-4edf-a0f3-c2d916e93dea,A'isha Yusuf,https://play-lh.googleusercontent.com/a-/ALV-UjWhpr00q3KXqcXmZHYosO5znfh-1J6ywbSHea7vcIM4AS3IYg,i love this game,5,0,3.1.3,2026-02-13 16:46:55,,,3.1.3,com.biglime.cookingmadness,Cooking Madness: A Chef's Game
04d7e977-2d92-4d18-bd77-4513b132723e,Sajeda Begum,https://play-lh.googleusercontent.com/a/ACg8ocK5e2sXjfV2W2qEFs2SLs67qc4P7Y6kMX15hsuKsxAPJ1aPtw=mo,👍🏻,4,0,3.1.3,2026-02-13 16:39:43,,,3.1.3,com.biglime.cookingmadness,Cooking Madness: A Chef's Game
e1c583e7-842f-4788-86e4-3f5f01799cee,Alwyn Jess Gulay,https://play-lh.googleusercontent.com/a-/ALV-UjU8uBrPc94PMkZ-OJgEZrYsV4M_df6S7k3vJGBndtVDzk2VCUEO,please enlighten me on how smoothies can get burnt.,3,0,,2026-02-13 16:27:15,,,,com.biglime.cookingmadness,Cooking Madness: A Chef's Game
6430eb8f-8944-4a18-a0ca-f1bf3ca6e933,Brandy G,https://play-lh.googleusercontent.com/a-/ALV-UjUba6SD6n7VpY4j3MrKwi_No1TUaYXrOt6Hx8Wvz46ywS8yrr-SFA,They lied on their advertisements. There are ads and to get rid of them you have to pay. Game itself is cool but the ads are a lot. Deleting this game.,1,0,3.1.3,2026-02-13 15:02:05,"Thanks for your feedback! We do understand your feelings. To provide our players with a free game, we use ads to keep the game running. The ads can be removed by a NO ADS purchase. Thanks for your understanding and hope you can give us a positive rating.",2026-02-13 15:21:03,3.1.3,com.biglime.cookingmadness,Cooking Madness: A Chef's Game
ccda48c6-edb0-43c8-a3b1-17e0b75ce659,Maine Mabeza,https://play-lh.googleusercontent.com/a-/ALV-UjV8NxDhLvCB8-yRGM0I68LgPkIX7cQWv11VkfBjzNeF07c0Uf0,it's so good and fun cooking game!😀,5,0,3.1.3,2026-02-13 12:54:33,,,3.1.3,com.biglime.cookingmadness,Cooking Madness: A Chef's Game
677120fa-9559-44da-b801-0cb3da2b2393,Mdabusahma Ahamed,https://play-lh.googleusercontent.com/a/ACg8ocJqzw37fs2Jx33f72LmbBwo0jVfTU1GMrJG0ZT600ay31it2g=mo,গেমস টা অনেক ভালো,5,0,3.1.3,2026-02-13 10:47:25,,,3.1.3,com.biglime.cookingmadness,Cooking Madness: A Chef's Game
e1bfab8d-ed44-4a85-879f-54cee900d2fc,Nratqh 28,https://play-lh.googleusercontent.com/a-/ALV-UjUDVP35cx5F6kw9AB2bUvpKU-4x8yIpPlj7M_A4g80UaISH_3o,ok.,4,0,,2026-02-13 04:00:41,,,,com.biglime.cookingmadness,Cooking Madness: A Chef's Game
83e2f0a4-cf51-4f03-b161-5856092fe581,Mahdi Swaidat,https://play-lh.googleusercontent.com/a/ACg8ocKi5kKd9om-DpyVZSvfJ3WWrl6pyf2Rnf84vSvk4YDwfwuVQg=mo,amazing,5,0,3.1.3,2026-02-12 23:31:41,,,3.1.3,com.biglime.cookingmadness,Cooking Madness: A Chef's Game
c8827a29-007c-4fa7-ab59-fd334b6dedb7,Raima Ghosh,https://play-lh.googleusercontent.com/a/ACg8ocLfWs6XzgeIKIDWXOWBb5LX-UorXltJTWgmetWkAQgtzpwItQ=mo,good,5,0,,2026-02-12 21:56:18,,,,com.biglime.cookingmadness,Cooking Madness: A Chef's Game
fa9892ce-29ba-40d6-b13f-f69c9f23ba46,Sujit Thapa,https://play-lh.googleusercontent.com/a/ACg8ocIsV6EBxqcczpBYh84GgpxhhJxzsDGkgkLrue0mwudgbdNXHg=mo,I love it,5,0,3.1.3,2026-02-12 21:48:08,,,3.1.3,com.biglime.cookingmadness,Cooking Madness: A Chef's Game
19708e19-a6df-4958-9104-427ef53823e2,Yiyi,https://play-lh.googleusercontent.com/a/ACg8ocKKUgzbx2SLe21oqL5Jf73z0577EMfR464ttmymlIuu6l1dXA=mo,মাঝে মধ্যে এটি অন্যায় করে,3,0,,2026-02-12 19:39:23,,,,com.biglime.cookingmadness,Cooking Madness: A Chef's Game
f4a5b01c-927d-4226-95a5-9fe177847b57,batol tota,https://play-lh.googleusercontent.com/a/ACg8ocLWpfOBL_JNxiMyW4QuwYAM69uPNc04KhF9fXen8yy-nmYIGQ=mo,perfect game,5,0,3.1.3,2026-02-12 19:13:09,,,3.1.3,com.biglime.cookingmadness,Cooking Madness: A Chef's Game
b353361f-fc3a-4c7d-80f0-40e40ce5c7af,Nge Nge,https://play-lh.googleusercontent.com/a-/ALV-UjX-4G3voIzzUhLEOkU6sZaJQQQjWARifS-apDt9GMCgDaQSDimk,this game is nice,5,0,3.1.3,2026-02-12 18:44:10,,,3.1.3,com.biglime.cookingmadness,Cooking Madness: A Chef's Game
dbedb89c-9f59-4a5f-bec4-e51128aeed3a,Sumitra sanju Lamani,https://play-lh.googleusercontent.com/a/ACg8ocKg2yCxr-IOD7n7piOyyZ989jT6aFGK8v--cc0i5gKObQI86A=mo,👌👌👌👌👌games,5,0,,2026-02-12 17:22:37,,,,com.biglime.cookingmadness,Cooking Madness: A Chef's Game
1740b9a6-d5d9-4d41-865f-7f7be085749c,Tan Tze Guan,https://play-lh.googleusercontent.com/a/ACg8ocI_COBTScsZcgc-AxBpBUUAhUYb_p3WWS2BE-XQYHsEvm4v3g=mo,Good Game,5,0,3.1.3,2026-02-12 17:12:00,,,3.1.3,com.biglime.cookingmadness,Cooking Madness: A Chef's Game
0e0029f1-3300-4939-9e95-fbded0c8d5d3,Tanni Bhuiyan,https://play-lh.googleusercontent.com/a/ACg8ocIJ8FClxne8XCfFUBNLxSqNvtcZNj4gaQERubn_9hOYBD0C8g=mo,this is so good 👍,5,0,3.1.3,2026-02-12 16:58:15,,,3.1.3,com.biglime.cookingmadness,Cooking Madness: A Chef's Game
a6d2c86e-2250-48c3-b1dd-6dab80889aa2,Saddam Sk,https://play-lh.googleusercontent.com/a-/ALV-UjUh98Cnh1mQlByYJ7nPBDYFiof5Ibplkelf_HSd7jHtj3O24_8,good game,5,0,3.1.3,2026-02-12 16:40:09,,,3.1.3,com.biglime.cookingmadness,Cooking Madness: A Chef's Game
de98a474-5a38-48af-ac21-0cdd01038ea7,CherishNicole Maraneta,https://play-lh.googleusercontent.com/a/ACg8ocKrpVjJ8HtWcoWCaftdEsKP6yZyo70wiWsvq1jIAko0Xa4FpA=mo,good.,5,0,,2026-02-12 16:15:53,,,,com.biglime.cookingmadness,Cooking Madness: A Chef's Game
2d5a91c3-7a63-4ff6-a753-93286591cc2b,Sicantiks,https://play-lh.googleusercontent.com/a/ACg8ocKo9q4EmeYgbsulBwLaa5Z8FEDmghvtWPGNw3PJ3s-QJKFr-Q=mo,good,5,0,3.1.3,2026-02-12 16:05:01,,,3.1.3,com.biglime.cookingmadness,Cooking Madness: A Chef's Game
fb199464-1b75-48de-a9ca-f5b3f3355b42,PRAKASH LALCHANDANI,https://play-lh.googleusercontent.com/a/ACg8ocLJP7v_1VVlEwatHtYLXcImhksQMpUTQOwyK-P_t9i9EOca=mo,besttttt with less ads,5,0,3.1.3,2026-02-12 15:23:49,,,3.1.3,com.biglime.cookingmadness,Cooking Madness: A Chef's Game
78d59ce0-d3f1-46f3-97b9-69fe93e0c09e,Saqib Ansari,https://play-lh.googleusercontent.com/a/ACg8ocKvOheYnC1vNwK7DYtc6zdzvSG_nG8geGb_4z4Le8TwXIXZBA=mo,Absolutely Awesome Game,5,0,3.1.3,2026-02-12 12:51:28,,,3.1.3,com.biglime.cookingmadness,Cooking Madness: A Chef's Game
542aa986-dd99-4b0c-8cbb-0786bd13e1f2,Lyzz Davis,https://play-lh.googleusercontent.com/a-/ALV-UjWl02wtUAPRK2AemyxljYvGtw71TxaqFUzrCNmqFvDUalMED7fW,Fun And An Excellent Game!,5,0,3.1.3,2026-02-12 10:59:18,,,3.1.3,com.biglime.cookingmadness,Cooking Madness: A Chef's Game
fcee9e7d-b971-4bc2-aaac-88f67414bd13,Gokul Krishna Kumar,https://play-lh.googleusercontent.com/a-/ALV-UjUBrKZtiwPsmPgdNFoiSsz6bk-HhL6-rPbvnUVmujgn30Ij_BGR,it is okay,3,0,3.1.3,2026-02-12 10:15:54,,,3.1.3,com.biglime.cookingmadness,Cooking Madness: A Chef's Game
a775ec9f-ff43-4f05-9bd9-f169fc4412c6,Sakshi Ingole,https://play-lh.googleusercontent.com/a/ACg8ocJvxZhUIIhL1WLLKaf_Eb-y_MqulQhDhmpzuJIsP1mA9VBM2Q=mo,खुप छान,4,0,,2026-02-12 10:04:55,,,,com.biglime.cookingmadness,Cooking Madness: A Chef's Game
2856a090-3e49-424c-bdb3-71a43b981574,Art Gentry,https://play-lh.googleusercontent.com/a/ACg8ocIXsjrHx2f4NBEDDRMAKaLFXyq2onV_NUf-0tUG6wU5OvLWqA=mo,alright,3,0,3.1.3,2026-02-12 09:35:15,,,3.1.3,com.biglime.cookingmadness,Cooking Madness: A Chef's Game
bc72325d-b3e2-44c6-ac24-9e65719b0689,Liberty Magwenzi,https://play-lh.googleusercontent.com/a-/ALV-UjWh8pumlPyMdkPxH0X118Yjs7qyssqldbJBX79DoHbfQUCC9_I,👍 good for me,5,0,3.1.3,2026-02-12 08:33:33,,,3.1.3,com.biglime.cookingmadness,Cooking Madness: A Chef's Game
7bc520ef-9f54-417b-a82d-b24f68452cdf,Korey Brown,https://play-lh.googleusercontent.com/a/ACg8ocLNxC8yh_DYNkyhMisZqOfQgiRj3NPA5BKb4dM6ExX5DfPquw=mo,I like it.,5,0,3.1.3,2026-02-12 06:21:20,,,3.1.3,com.biglime.cookingmadness,Cooking Madness: A Chef's Game
217fb9ba-3195-441b-b8bc-e666a9b2c64d,Manoj Panigrahy,https://play-lh.googleusercontent.com/a/ACg8ocJd-XNDvrSanbhdtY4M6mIGPb5wUoJvLaY_Y-B_6WKMBFP9Jg=mo,I'm enjoying it,5,0,3.1.3,2026-02-12 04:34:16,,,3.1.3,com.biglime.cookingmadness,Cooking Madness: A Chef's Game
76eec530-4b9e-43bd-9dd0-31067914c9e9,Alison Sullivan,https://play-lh.googleusercontent.com/a-/ALV-UjVrr9K77aMGlsnPe-KDpSiyM--1XpF-CeRz0WCdh0ANjcC9rAA,it's a fun addicting game. I did pay to permanently stop the ads.,5,0,3.1.3,2026-02-12 02:52:41,,,3.1.3,com.biglime.cookingmadness,Cooking Madness: A Chef's Game
16051b48-d3a2-4dd8-93b2-0ec307110258,Sashmika Ramdeen,https://play-lh.googleusercontent.com/a-/ALV-UjWrsjaIQ3YasyANg71irQIaqFf1e_0mGu46AvoBBBLBb8M3Q2k,beside the adds this is a cool.game,5,0,,2026-02-12 00:59:14,,,,com.biglime.cookingmadness,Cooking Madness: A Chef's Game
fbeb07f1-fd82-4ef9-960a-648815dbbcbc,AMARACHI MICHAEL,https://play-lh.googleusercontent.com/a/ACg8ocKuY-8wQuDlHryJ15qqDr6-AN9bcn3wiYR3eONjB3_oR3fFTA=mo,"It's a very fun and exciting game, not too easy or difficult 😀",5,0,3.1.2,2026-02-11 22:53:44,,,3.1.2,com.biglime.cookingmadness,Cooking Madness: A Chef's Game
3b4ded68-61f1-40df-9507-bbd7c035bedd,Harini Roy,https://play-lh.googleusercontent.com/a-/ALV-UjWRcyJE7BQInjIlPZ7HWTazEG0sD_cdhhPKGLBZFIvvltjj5npM,good,5,0,3.0.6,2026-02-11 22:24:58,,,3.0.6,com.biglime.cookingmadness,Cooking Madness: A Chef's Game
7940a6be-1a5f-40c8-ba58-2c8ad5216551,Abigaye Young,https://play-lh.googleusercontent.com/a/ACg8ocJDxwMzSxH8AtLQW4j5ftCop9atiR3affajQ1sodd66hZ9eVw=mo,very good only that Ads are there but it's okay,5,0,3.1.3,2026-02-11 21:38:06,,,3.1.3,com.biglime.cookingmadness,Cooking Madness: A Chef's Game
f2777ae5-8bce-4150-81ea-2248c3339b3a,swati srivastava,https://play-lh.googleusercontent.com/a-/ALV-UjWay44pBB9GvXhvabBGmSQuLTgey2-Qf-OpJsg5pWsa7Ms7xSbB,"The game is good but too many ads, even playing for single level you have to watch ad for 30-40 seconds atleast. This is lil frustating",3,0,,2026-02-11 20:14:04,,,,com.biglime.cookingmadness,Cooking Madness: A Chef's Game
aa360a87-c274-47c1-8da7-43f7c67b9b5a,Wali Muhammad,https://play-lh.googleusercontent.com/a/ACg8ocLtauTcojnMg3hv4Mko7YICzxSLA_luvO7mVSyibJYe72ON7w=mo,no ads game best game ever 8 play in 16 year old best test game,5,0,3.1.3,2026-02-11 19:23:38,,,3.1.3,com.biglime.cookingmadness,Cooking Madness: A Chef's Game
311a98cf-1f8e-440b-91a6-761807da3fb1,Khusbhu Sharma,https://play-lh.googleusercontent.com/a-/ALV-UjW8A5HMuNWkbi45OJWKWMjfPwiAy8H0LNC12oLjufpzAcmhk1Hk,is the good game,5,0,,2026-02-11 18:42:24,,,,com.biglime.cookingmadness,Cooking Madness: A Chef's Game
86cee397-e432-485f-af06-185053a599b5,INDOO CHAUHAN,https://play-lh.googleusercontent.com/a-/ALV-UjWQkzFsncNCFTp3Hnqcy8w3H8co8JJCK1HP2xS0AhGXQ4KRCB8,this game is very good👍😊,2,0,3.1.3,2026-02-11 18:17:33,"Hi, thanks for supporting our game! Every rating is crucial, and 5 stars is actually the best rating. If you love our game, we hope you'll give us more stars. Thanks!",2026-02-12 14:33:49,3.1.3,com.biglime.cookingmadness,Cooking Madness: A Chef's Game
e5ea5508-34bb-4db9-9e2a-ff0a3e5d21ce,Lourve Cualquira,https://play-lh.googleusercontent.com/a/ACg8ocL7ztKZ7Rlj87kozuWB3e2MSz-qGZNKIA4d9n1sVhJZ-HO_Yg=mo,its nice but sometimes naa siya'y bad nga lisud,5,0,3.1.3,2026-02-11 17:46:40,,,3.1.3,com.biglime.cookingmadness,Cooking Madness: A Chef's Game
06d591e5-6d7d-43af-a5c4-38287d3a06d7,Mrs haji manzoor Mir,https://play-lh.googleusercontent.com/a/ACg8ocKYCPkpoNPpWO7KvEr9r9KECISdx6gtsjpfNkGgAUGfh0K6LQ=mo,Best game ever to play with a time limitation.,5,0,,2026-02-11 16:27:58,,,,com.biglime.cookingmadness,Cooking Madness: A Chef's Game
852de191-7df7-4dd2-9c43-353c6d7041a0,Lucius James Manalo,https://play-lh.googleusercontent.com/a/ACg8ocLNdLE4_CY6o7jPjDDR9pDJThbXDpM35M7YKWl51dPkzX-IrA=mo,"Entertaining ,challenging and engaging.",5,0,3.1.3,2026-02-11 16:07:44,,,3.1.3,com.biglime.cookingmadness,Cooking Madness: A Chef's Game
28f15cbc-2d0b-43e8-8899-20dac0d89cb7,rain forest,https://play-lh.googleusercontent.com/a/ACg8ocIsEgEgSml-gWzP1F-oPgkCkhAfHkJxVUhrOW0zCXGg7bCXhg=mo,this game is so relaxing so fun it is a very good game,5,0,3.1.3,2026-02-11 15:32:45,,,3.1.3,com.biglime.cookingmadness,Cooking Madness: A Chef's Game
d0ac67b2-ea0d-4184-ba9f-1d09ff13ae6d,Samuel Waithaka,https://play-lh.googleusercontent.com/a-/ALV-UjXDSxhfXLPGGHNVAVRaxtZ7X5Mfx_BtF2odRov-l1fZtikn_TxW,sweet,5,0,3.1.3,2026-02-11 13:24:00,,,3.1.3,com.biglime.cookingmadness,Cooking Madness: A Chef's Game
11e158cc-37dd-4ece-b6bf-120f9952d79a,Aafreen Ansari,https://play-lh.googleusercontent.com/a-/ALV-UjXFv_ibAB_AHPx71tVlNcpsys8iDpcqwxnXN0VEJqxBN7EMeg95,mera sabse favourite game hai yeh❤️❤️,5,0,3.1.3,2026-02-11 12:10:24,,,3.1.3,com.biglime.cookingmadness,Cooking Madness: A Chef's Game
cd6bccfe-b4a6-43cd-8551-f9246f57d832,Tarsha Kelow,https://play-lh.googleusercontent.com/a/ACg8ocK53CUhMWifcIrM-QMvVBNAh-BSg4zEobplilYKUkRELlmCOw=mo,"Loved this at first. However, once you get to the higher level you can hang it up. You'll have to start spending money for almost each level advancement. Too bad because I loved this game-been stuck on level 193 for weeks, not spending another dime. Uninstalling.",3,0,,2026-02-11 12:05:48,,,,com.biglime.cookingmadness,Cooking Madness: A Chef's Game
e471702e-311f-44f1-8426-d13143bf3ec6,Mang Kepwong,https://play-lh.googleusercontent.com/a-/ALV-UjUxOR58eSpqxaqMHX0jwNdvwOlFfQOV1dWg5HS4b_Gq0UoJv2s,so good,5,0,3.1.3,2026-02-11 10:41:10,,,3.1.3,com.biglime.cookingmadness,Cooking Madness: A Chef's Game
edab02e2-751b-4533-9b82-969cda9c42b2,Valentin Cividini,https://play-lh.googleusercontent.com/a/ACg8ocL9kDRjAWc3v1e0EM12dnQC5j2ZN30cpf2qo0NVn4mzUinwwQ=mo,"Fine game loop, 20 mins in not clicking a voluntary ad once, I get an ad for... the game I was playing right then and there. I was interrupted while playing the game to watch an ad for the same game. Unskippable. Also unfathomable",3,3,3.1.3,2026-02-11 05:39:20,,,3.1.3,com.biglime.cookingmadness,Cooking Madness: A Chef's Game
606a17d6-1101-4239-8eb5-12ebb51281ef,Ann Gothy Thelusmé,https://play-lh.googleusercontent.com/a/ACg8ocKmZgeUsjEkNmAooEbiZ9zpQZ16oxvydMNl3fx3nW8hJKtkKA=mo,i like it omg,5,0,3.1.3,2026-02-11 05:34:41,,,3.1.3,com.biglime.cookingmadness,Cooking Madness: A Chef's Game
f5e02db4-93c3-4351-b869-ac89402c99d9,Vicki Banks,https://play-lh.googleusercontent.com/a/ACg8ocJp_L5-cELYAX4ZZENYAPp_TwQxUB8vVD-F7N1ok7xbnQ7kiw=mo,good game,5,0,3.1.3,2026-02-11 00:23:43,,,3.1.3,com.biglime.cookingmadness,Cooking Madness: A Chef's Game
02813aee-eb4a-43ec-9466-4e35a4c50274,Tochi Iheanacho,https://play-lh.googleusercontent.com/a/ACg8ocK38envcLvS3aatLyoEK9ue45pV3wO-g57TB0D0Ub9iehzHkQ=mo,Love this,5,0,3.1.3,2026-02-10 23:38:56,,,3.1.3,com.biglime.cookingmadness,Cooking Madness: A Chef's Game
2389250e-9b91-425a-b376-bf6338734b01,Tahmina Khan Shovnom,https://play-lh.googleusercontent.com/a-/ALV-UjWYiBuVGuXi3b0XiBq5_nsWmTUcEzhV6W4XtpuiSbsw1L8EZzg,My favorite game.,5,0,3.1.3,2026-02-10 23:18:54,,,3.1.3,com.biglime.cookingmadness,Cooking Madness: A Chef's Game
927bb201-878f-4998-b7b9-22c9ed1de9a6,Adrianna Grant,https://play-lh.googleusercontent.com/a/ACg8ocLeZc_i7wBDKBBm3xPV4CFOlyMTqKjINrmCTUv4QFU3n7dKbA=mo,i love this game it is truly amazing,5,0,3.1.3,2026-02-10 23:03:32,,,3.1.3,com.biglime.cookingmadness,Cooking Madness: A Chef's Game
ac5837ca-6280-4a45-9aa3-bceb6fc421cd,Mj Campbell,https://play-lh.googleusercontent.com/a-/ALV-UjUFdaZxsfi1eFzg7rOQDq6qBZo0kMj4Rw8cs2NrnHJBUFNsYDBOVw,great game!,5,0,3.1.3,2026-02-10 22:55:31,,,3.1.3,com.biglime.cookingmadness,Cooking Madness: A Chef's Game
d40e96b2-6edd-4290-bea5-3277b581391e,Toniann Dias,https://play-lh.googleusercontent.com/a/ACg8ocJ3rk05RQDfxZg8snvM_eyTX98Bq4mgs-UtQKldWqjNohIPTA=mo,I love this game so much 😭,5,0,3.1.3,2026-02-10 22:20:57,,,3.1.3,com.biglime.cookingmadness,Cooking Madness: A Chef's Game
5ef93f5f-0c78-4963-8230-b28a5020b08f,Neelakanta Neelu,https://play-lh.googleusercontent.com/a-/ALV-UjX-wJx_oQAxzlj2hUHv3OGj9G4xikqmN0PW5AwdsRptMXSJgv5Bhg,best game ever,5,0,,2026-02-10 21:22:49,,,,com.biglime.cookingmadness,Cooking Madness: A Chef's Game
4f843fe2-d6ac-4946-aa71-81dcfc5822ba,Vivaan allagundula,https://play-lh.googleusercontent.com/a-/ALV-UjV5lBOc2dKole4LZuq3kHTUc3EdDMVXByXeTymsSgKB47Y1LOXF,i learnt cooking by this,5,0,,2026-02-10 20:51:24,,,,com.biglime.cookingmadness,Cooking Madness: A Chef's Game
81adedf2-8dd5-4634-92df-779416c446db,Nidhi Singh,https://play-lh.googleusercontent.com/a/ACg8ocLXNto0TtYf5qHC1B0lxeQn5BigHbJKSaMSOJeCoF-qvuw_lg=mo,Very mediocre game and money hungry for most of the levels you need to have tools which are brought by diamond for which there are 10k option of cash transactions the game is designed in such a way where you can't go very far without paying real money,1,1,3.1.3,2026-02-10 19:42:58,"There are difficult levels that require more trying and skills, but they are definitely passable. Boosters are helpful but not necessary. We will also continuously reward players with free boosters and diamonds in the game. Hope you can give us more stars. Thank you very much.",2026-02-11 14:54:21,3.1.3,com.biglime.cookingmadness,Cooking Madness: A Chef's Game
300f5485-1505-4987-b348-0879be18fa70,Ravi Teja,https://play-lh.googleusercontent.com/a-/ALV-UjXYqAXTG6mJ0F3oRniBkG1G90dmGAMcEeZ5JKPQayk0KLdm1nONKQ,good game,5,0,3.1.3,2026-02-10 12:37:01,,,3.1.3,com.biglime.cookingmadness,Cooking Madness: A Chef's Game
2ac1fac4-16dd-48a4-b43e-1d7e3cde8403,Jasmine Secorata,https://play-lh.googleusercontent.com/a/ACg8ocJ9LvGWWvWSpO9glEDqQq5TCdCI6_R7F5flF__0H4Mi75hdtg=mo,nice game,5,0,,2026-02-10 12:30:02,,,,com.biglime.cookingmadness,Cooking Madness: A Chef's Game
525d6154-f93e-4fb4-9c2a-08b3e4e59142,Day,https://play-lh.googleusercontent.com/a/ACg8ocJiPrCT5e-QEeQmmJJS157Nliu02cTpnEmmAw34qtG8ScedEA=mo,"Enjoyable but as you start advancing up the levels, you will soon realize that you'll be spending more money just to get energy, boosters, cupcakes, flan, etc. you'll be using more gems just to advance. I've spent well over $40 just buying stuff like that. I download a PS5 game and play it for as long as I want without all the extras. The ads are ridiculous, if you pay to have the ads removed they're still going to try to show you ads just with your permission. 2 much $$$$ In the end.",3,0,,2026-02-10 05:56:05,,,,com.biglime.cookingmadness,Cooking Madness: A Chef's Game
df457faf-8e87-44d6-b3cc-f6bd3316dff7,Susan Wolfman,https://play-lh.googleusercontent.com/a/ACg8ocLuViXNi5nGcZKDVn7ZnABJ1b2fVHjnxFqPFGaPUmJFNkVHcg=mo,nothing at all I like about the game.teash,1,0,3.1.3,2026-02-10 05:53:07,"Hi! Thanks for your feedback! We never stop polishing the game, so feedback is really helpful. What would you most like to see improved? Please contact us via the game with any requests. We hope you continue to support our game and consider giving our game a positive rating. Thanks!",2026-02-10 09:20:29,3.1.3,com.biglime.cookingmadness,Cooking Madness: A Chef's Game
71d60925-1d28-496b-a241-fba3bc679969,c J Enterprise LLC,https://play-lh.googleusercontent.com/a/ACg8ocKHUUui79nv-Z3Zc5PLYFTnA0vQj4p5QXMNvU0DEyRKMjSIeg=mo,love it. I use to work in quick service as a Manager. All employees need something like this to help better serve customers with high volume stores,5,0,3.1.3,2026-02-09 22:36:08,,,3.1.3,com.biglime.cookingmadness,Cooking Madness: A Chef's Game
583c0be4-e01a-4489-ab5a-214ba7159664,Riya Jha,https://play-lh.googleusercontent.com/a/ACg8ocLSi0oiP-IE_ZDmhF1zqWkkQ8DptRQY7AARe3VwPycMUYdcbw=mo,Very Very very nice game I love it,5,0,3.1.3,2026-02-09 21:49:01,,,3.1.3,com.biglime.cookingmadness,Cooking Madness: A Chef's Game
a8bcd784-020e-4883-b09e-c00a4352d324,Farhat Majid,https://play-lh.googleusercontent.com/a/ACg8ocL8ySaq5E01WnCDcSTGVt3bAsJShDVyFveBQAew_gZn7Rs8QQ=mo,"Hi,ths game is rlly gd but it gets too difficult for children to play... all over its a nice game I really like it! 😍",5,0,3.1.3,2026-02-09 21:34:19,,,3.1.3,com.biglime.cookingmadness,Cooking Madness: A Chef's Game
594394bb-43b3-49a8-819b-34bb87e63837,ameriza aquino,https://play-lh.googleusercontent.com/a-/ALV-UjVtB1dvsnF6Fjms73rlLZnP_TS87N4uqthJWPpOjvRX7BprqmBwhg,I really like this game and soo much fun. you can cooked different food in different countries and you can play also without internet connection.,4,0,3.1.3,2026-02-09 21:30:44,,,3.1.3,com.biglime.cookingmadness,Cooking Madness: A Chef's Game
2019527b-5c2c-443f-9c8a-44a06d011b99,Panagiotis Tsiamakis,https://play-lh.googleusercontent.com/a/ACg8ocJm5Q81GViaDaQoSmqocLZqUfeoJzcFlH9FV0oQfZh7ATFc6jQ=mo,"Good game ,time passes but every mission you play there will be an ad after. A good example of a game being destroyed by ads for money",2,0,3.1.2,2026-02-09 21:28:05,"Thanks for your feedback! We do understand your feelings. To provide our players with a free game, we use ads to keep the game running. The ads can be removed by a NO ADS purchase. Thanks for your understanding and hope you can give us a positive rating.",2026-02-10 09:11:06,3.1.2,com.biglime.cookingmadness,Cooking Madness: A Chef's Game
0e1ae665-1fcb-4cd6-b79f-1fb9aa8d64e4,ravi kumar,https://play-lh.googleusercontent.com/a/ACg8ocK1ycf3LwhRvV2W6egkj853DvbvL3y_aUAJ6vvzy9Awb9XglQ=mo,wowwwwww goodddd,5,0,3.1.3,2026-02-09 21:01:45,,,3.1.3,com.biglime.cookingmadness,Cooking Madness: A Chef's Game
6b24e181-977e-459c-b994-17e82ff80a9e,JESSE ALDEN DAGAAS,https://play-lh.googleusercontent.com/a-/ALV-UjXMqoa5-7TCigDkjq1J_jD8CzhgFIz-FzWl4TTp38TkKR_jUe8k,"good game, but when you get farther levels the less forgiving this game gets, now if you have the ULTIMATE skills try this but it wont be so forgiving... If you aren't fast at clicking like I mean you should be VERY FAST at clicking, then get ready to pull out your credit card.",5,0,,2026-02-09 17:54:03,,,,com.biglime.cookingmadness,Cooking Madness: A Chef's Game
e9a717de-9e2e-444f-9cf7-d236a1b2622f,Clarita Ricamonte,https://play-lh.googleusercontent.com/a/ACg8ocLfLoHLHy5qt08SMZS94aUb-YDbO-FAodOAEl0wis-EJfmtOA=mo,"This is my chuldhood game, it gived me alot of memories in 2021-2023.. This game is the best!",5,0,3.1.3,2026-02-09 16:42:06,,,3.1.3,com.biglime.cookingmadness,Cooking Madness: A Chef's Game
4c7c0742-f475-479c-a5ec-48fc9a9d5d17,Vinayak,https://play-lh.googleusercontent.com/a/ACg8ocI5cW9k0mhNbs_9Sco6_dXemlZuqUEv2GQHpxNyq1hOcYVT3w=mo,good,5,0,,2026-02-09 16:41:18,,,,com.biglime.cookingmadness,Cooking Madness: A Chef's Game
493f54e9-5a1a-4ca1-aa50-b76b8b97be0f,Cameron Guynes,https://play-lh.googleusercontent.com/a-/ALV-UjXLMacqMmC2wacpXEUt208R6nCvl-evucP7l4XpmPIyQA16mAEU,this brings me back memories of cook cooking Mama on a 3DS? or was it NDS or other handheld Nintendo console that was before the switch. it just brings back memories. childhoods man taught me out to cook When I was little I love it,5,0,,2026-02-19 08:47:05,,,,jp.co.ofcr.cm00,Cooking Mama: Let's cook!
5a48f927-a4d6-4fcc-9079-287acb004f56,Manisha Devi,https://play-lh.googleusercontent.com/a/ACg8ocJJGldCoSmEJ8UXdPzq_q7PzRPc5AewgyOJ_5Ig6DzHIEgx=mo,good 😊👍,5,0,1.127.0,2026-02-17 12:05:45,,,1.127.0,jp.co.ofcr.cm00,Cooking Mama: Let's cook!
6013cd85-7ff0-4930-95bc-8127a1b69c2d,Maisha shanjida,https://play-lh.googleusercontent.com/a/ACg8ocLRqZ8i7I-ifzttakRhEPFD2uPTcNpOjmk8zAJ0lM7iJpBs2A=mo,its soo good !! I played it for 5 y/s (Guys i am an Engene saur🤗),4,1,,2026-02-16 20:24:20,,,,jp.co.ofcr.cm00,Cooking Mama: Let's cook!
457679fe-d748-4355-940c-86742b74a6e8,Chef Rude,https://play-lh.googleusercontent.com/a-/ALV-UjXmNQ73Erm4pczsIo0RHdDcMfbYU3eT4YqexQGSRMVtZny_1Tw,"the most disgusting, ad ridden money grab of a nostalgia classic. avoid",1,0,1.127.0,2026-02-16 06:30:20,,,1.127.0,jp.co.ofcr.cm00,Cooking Mama: Let's cook!
678eaddd-6767-4f7f-ad0f-acd97e8da1f4,Enerlen Elle,https://play-lh.googleusercontent.com/a/ACg8ocIgxWDVNuQhs5Culr4x9uqGE6E2PDS-p2ptv0ueUtOMqrZ-Wg=mo,This game is super fun,5,0,1.127.0,2026-02-15 21:10:57,,,1.127.0,jp.co.ofcr.cm00,Cooking Mama: Let's cook!
8a7e758d-8d0c-4968-9be0-5ac77b61177a,Ajim sajea,https://play-lh.googleusercontent.com/a-/ALV-UjVx3F3g1qPCIyxKAHEN0vkD3L_OoE8OTbr9Jw2rckNGZ-WBQYc,VERY GOOD GAME,5,0,,2026-02-15 17:27:13,,,,jp.co.ofcr.cm00,Cooking Mama: Let's cook!
ca327b38-3dc4-4d62-8886-76b8cafc01a6,Nigora Sharopova,https://play-lh.googleusercontent.com/a/ACg8ocJ5Dymd6fOvz1dEenE2Fic8zLS-AXn3rDn0Qgdw1Vjo8-Buyw=mo,"thanks that it's a offline game. I was looking 4 this kind of game such a long time. This game is cozy, cute, fun and everything the BEST. But it'd better, if every season there will be new recipes.",5,0,,2026-02-13 22:07:13,,,,jp.co.ofcr.cm00,Cooking Mama: Let's cook!
ddce5748-984b-4419-91ee-097d0e9e1de2,Friendly,https://play-lh.googleusercontent.com/a/ACg8ocKZyn-tU2aY3E_FR-45WNlyasctPoPyaebYZlvkBl_b-xJRqg=mo,"I really like this game, it's too bad that special chef modes are impossible to complete (like tonkatsu slicing). Maybe it varies by device (I saw a video of a guy completing it but he was moving just as fast as I was) but I hope you guys look into this.",2,1,1.127.0,2026-02-13 05:50:51,,,1.127.0,jp.co.ofcr.cm00,Cooking Mama: Let's cook!
c6c5fd0d-e377-4ac6-80cd-60d963cb9d44,Angelica Delosa,https://play-lh.googleusercontent.com/a-/ALV-UjXBtDtPBiGjtg92-SiHnk9xIqFLbD0MEZ08es8OrimPOCppEYc,Love it.,5,0,,2026-02-12 02:49:01,,,,jp.co.ofcr.cm00,Cooking Mama: Let's cook!
b0d8cab8-ff8e-43af-82d6-5a0367823734,Amanda Van Beek,https://play-lh.googleusercontent.com/a-/ALV-UjUcbhjR83uXTHRpeOcx7fxZ-NBPB9tHhm4IFUOs2KitjYpKUZFr,I love this game so much 5 stars u can also use these recipes in real life this sis the best game ever it's really fun you should try it,5,0,1.127.0,2026-02-11 14:49:19,,,1.127.0,jp.co.ofcr.cm00,Cooking Mama: Let's cook!
3a535210-5de2-4790-b2af-219d7ab8927a,Mephiles,https://play-lh.googleusercontent.com/a-/ALV-UjWyYJB6u0VW9PzFj-pDExACzyiJBUGfe4XUk68dFCSdM4GiNUcb,riddled with ads. used to be good.,1,0,1.100.1,2026-02-11 08:18:57,,,1.100.1,jp.co.ofcr.cm00,Cooking Mama: Let's cook!
a6542687-280a-45e7-bb22-a1e770e157ec,Lyric Simmons,https://play-lh.googleusercontent.com/a-/ALV-UjUMkfiOe6Omhma3cT42uVdO14vIhxV6K0hn2Xy8KzBQgfV9AE8,this game is awesome like there is so much to explore in this game. I like to do mama dojo it is a awesome challenge i give this a five star rating🤩⭐️⭐️⭐️⭐️⭐️,5,0,1.127.0,2026-02-09 21:44:30,,,1.127.0,jp.co.ofcr.cm00,Cooking Mama: Let's cook!
f7fb8188-98b7-4fc5-aa6e-f6021a1a2d48,Ngadino Rudianto,https://play-lh.googleusercontent.com/a/ACg8ocK3k1cfKkMhO5-zkojQ9yw4ylSJMWO4xFf3ySoX0wmJctSfrg=mo,gamenya bagus banget aku suka main masak masakan,5,0,,2026-02-09 06:10:57,,,,jp.co.ofcr.cm00,Cooking Mama: Let's cook!
8b9139bb-e3eb-4097-88c7-50aef8d84cf5,kalinka dash,https://play-lh.googleusercontent.com/a-/ALV-UjVgjtpXKZJmfyyG8RnRV3cXZx1CyBS3WdCiai4hAyfc6j_YhBE,LOVE THIS GAME🩷🩷,5,0,1.127.0,2026-02-07 07:13:10,,,1.127.0,jp.co.ofcr.cm00,Cooking Mama: Let's cook!
ea19668e-3114-4164-bbf9-66a75a33d369,Sarah Boyer,https://play-lh.googleusercontent.com/a-/ALV-UjX8A6MtK8wiLNw28jvE-Ub-8ztLva0bkDmDxpnYPMZkhZpXeOLt,my progress is GONE. all my hard work and the money I spent on this game went down the toilet!!!,1,1,1.127.0,2026-02-07 07:10:47,,,1.127.0,jp.co.ofcr.cm00,Cooking Mama: Let's cook!
32aa2969-4b63-4606-a18c-0bbf3bd5551c,gie ellacer,https://play-lh.googleusercontent.com/a/ACg8ocIshyNJMWCU6DS8hnrNCAmZofa13rD4EhjxnlbRGz1YAQYfiw=mo,🌟🌟🌟🌟🌟,5,0,1.127.0,2026-02-06 19:35:56,,,1.127.0,jp.co.ofcr.cm00,Cooking Mama: Let's cook!
8d301851-8f9f-4784-b0c8-a80ba4f728aa,Rachel Cabante,https://play-lh.googleusercontent.com/a-/ALV-UjUUxeEmRw04OH_58j52Qj88k6auO9o3qGUuf3jRmbwXEqc_caoI,because this game i played for 5 years and i love this since time i was a child and i want this game to show everyone that cooking is not just work but learning something that you can use for your everyday life,5,0,,2026-02-06 16:05:55,,,,jp.co.ofcr.cm00,Cooking Mama: Let's cook!
827d1849-5334-4bf8-8421-e5647991e876,Gezelle Villarama,https://play-lh.googleusercontent.com/a-/ALV-UjW3PVIEril4vpTJ_9hf01_EZ-TknwaHYdBWEL1BIqg6DBU_eTw,it's cute but I got bored so fast,4,0,,2026-02-06 16:05:41,,,,jp.co.ofcr.cm00,Cooking Mama: Let's cook!
4e4897af-91d8-4210-a936-843af98cd0c1,Kk,https://play-lh.googleusercontent.com/a-/ALV-UjWkFaxkTtahYnj3x_8s7VgpgCVwGHhIRowmdLwVDhTXu5UYo0NO,love it love it!!!,5,0,,2026-02-06 11:49:38,,,,jp.co.ofcr.cm00,Cooking Mama: Let's cook!
4f5f1c40-100c-43cc-b9a5-5cd5c9779007,Lauren Joyner,https://play-lh.googleusercontent.com/a/ACg8ocLUakCnIyMIQTUfkIy2kA2nBypTHpor9UJ3sfdoBm4WwWrRMg=mo,"Good game, I have enjoyed playing it for about a year now. However, unfortunately recently I haven't been able to download the recipes to play them. it says ""Recipe data needs to be downloaded. Please connect to a network!"" I have tried downloading and re-installing, using with Wi-Fi & mobile data & I still have the same problem.",3,2,1.127.0,2026-02-05 16:54:14,,,1.127.0,jp.co.ofcr.cm00,Cooking Mama: Let's cook!
e16ea652-fef0-417b-8555-a86164f666de,Humna,https://play-lh.googleusercontent.com/a/ACg8ocJshIWkpBotPYJLr8UPRxPIAn1re-P_i0HG6U5jdRU9SHM16A=mo,love this game but add more things,5,0,,2026-02-04 22:32:40,,,,jp.co.ofcr.cm00,Cooking Mama: Let's cook!
7d07ee58-9ec2-4e97-9ecf-4c4e59332932,Anan Jaro,https://play-lh.googleusercontent.com/a/ACg8ocJTpPnu0Kz9uwTjpJrgSZYpWZ9JTltNroiAviS_bRtq3ZsJcw=mo,its help me cooking in fr.,5,0,,2026-02-03 15:51:31,,,,jp.co.ofcr.cm00,Cooking Mama: Let's cook!
475ac603-b4c0-4c66-857f-43aebfe4b038,Ana Lay,https://play-lh.googleusercontent.com/a-/ALV-UjV3xIe50Vo1LirW8UIv6wyX8bo921UP8KhXlyyOAJagFb6COGxF,"so much is happening at the same time, so many ads and just AGAIN! TOO MUCH IS HAPPENING! as an autistic person, this makes me overstimulated.",1,1,,2026-02-03 15:08:57,,,,jp.co.ofcr.cm00,Cooking Mama: Let's cook!
ec6db954-ec1c-4854-bd8b-bb66c5d87fa3,RJ,https://play-lh.googleusercontent.com/a-/ALV-UjWMXEyIXHBaOml5dKS0M8xvcaaGEDcVSeSp-AH9Iqt8WOisWXvx,Does anyone else remember the original evil cooking with Mama game?,5,0,,2026-02-02 03:48:26,,,,jp.co.ofcr.cm00,Cooking Mama: Let's cook!
bcd100d7-cd37-4977-9828-4dddf6bb1a17,ᴊᴀsᴍɪɴᴇ ʀᴏsᴇ ᴀɢᴀᴘᴀʏ,https://play-lh.googleusercontent.com/a/ACg8ocLIzl4CrCrRIsi9fDL80FpXAUFYDQvl4oxDXsjcXzraMQjyUA=mo,it thought me how to cook well!! must try!!!,5,0,1.127.0,2026-02-01 10:59:32,,,1.127.0,jp.co.ofcr.cm00,Cooking Mama: Let's cook!
91fbb741-9f23-4cf2-be3f-6ac609263edc,Anthony Hamilton,https://play-lh.googleusercontent.com/a-/ALV-UjVrH_zGcwx-zOS3Blr7BVrQ71FNWyypb0D0yxTi19X51GVl0fHV,"Fun gameplay, but my god, the ads. Why did you think it was okay to at random replace the request for water in the restaurant(which you get extra money if you click it fast enough) with an ad that I'm going to click on? I know I could just by a recipe pack and not deal with ads like you're claiming, but I would rather pay like 8 bucks for an ad free paid version and a couple additional recipes. Throwing ads in my face before I even really experienced the gameplay makes me not want to spend money",2,5,1.127.0,2026-01-31 23:49:33,,,1.127.0,jp.co.ofcr.cm00,Cooking Mama: Let's cook!
5fd6a98c-1baf-445d-974f-3852f256bf37,Ria Maria Barrion,https://play-lh.googleusercontent.com/a/ACg8ocKXIO25wfhPk0IlpDGHEXXly4Ep25ijvtKAJkg8MRA8xSNZqg=mo,very cutesy,5,0,,2026-01-30 18:02:21,,,,jp.co.ofcr.cm00,Cooking Mama: Let's cook!
e618baf9-9767-4534-9c61-f019ba5fba95,Hannah Nabilah,https://play-lh.googleusercontent.com/a/ACg8ocIiKRehXkyAedKBqN9i4pAfmmHQSs9WQneqYDB5jT2RuMtvlA=mo,it soo fun but have a problem with the screen touch I touch it already but it didn't move I use all my revive plss fix this : ),5,0,1.127.0,2026-01-30 12:48:29,,,1.127.0,jp.co.ofcr.cm00,Cooking Mama: Let's cook!
9c51b3c1-25f9-4b7e-a778-bf1ba01450cc,Aubreysharkie Pink,https://play-lh.googleusercontent.com/a/ACg8ocKS73gOvT2zP1BWqAgMtUu2CqRy9lBd5mtpemV0RlBrO2EMEg=mo,"Is was fun and if i can cook by myself, i will copy the Recipe",5,0,,2026-01-30 12:43:19,,,,jp.co.ofcr.cm00,Cooking Mama: Let's cook!
d783c07a-b5fe-4c72-a958-6e4a9394b083,Amirou Rezki,https://play-lh.googleusercontent.com/a/ACg8ocKPLWzlq7Wkue2k7RwYEtGHvD7JfL8mb9gx2ERvgq5YMnNrVA=mo,It was a fun game in which you could cook different and beautiful foods,5,1,,2026-01-30 02:42:38,,,,jp.co.ofcr.cm00,Cooking Mama: Let's cook!
db8ff817-49b8-4cfa-a6a4-e32ae2d7e531,Mackenzee Huffman,https://play-lh.googleusercontent.com/a/ACg8ocKNZptmtYhhdyvCYJ-f2lCIF9n7ResMQaJJpuki_VfbV_k2yw=mo,LOVED this game on the DS but it is a horrible mobile game. lots of ads and pop ups the game is overwhelming and kinda hard to navigate i wish it was the same as the DS version.,2,6,1.127.0,2026-01-26 13:33:29,,,1.127.0,jp.co.ofcr.cm00,Cooking Mama: Let's cook!
847d9a08-818f-415f-882c-19b9fd6ec504,Patricia Bautista,https://play-lh.googleusercontent.com/a/ACg8ocLZVB18yRs5lQy9a3r6QmpDSwKRrwQetQtjOdnvSx4HmdXg_w=mo,really fun!,5,0,1.127.0,2026-01-25 16:49:28,,,1.127.0,jp.co.ofcr.cm00,Cooking Mama: Let's cook!
3338f36f-21fe-4f9e-bb10-1db199da9ce2,Sin Tachikawa,https://play-lh.googleusercontent.com/a-/ALV-UjWA5syXBFjg2Lh1qdY5MpgSjpMN8e0r6oQtftFuipqTYtVE-d8,"The original iPhone version is still better, but this is a good modern alternative. I will upgrade to 5 stars if they add a download all data option. Offline play can be inconvenient.",4,2,1.127.0,2026-01-25 15:53:36,,,1.127.0,jp.co.ofcr.cm00,Cooking Mama: Let's cook!
288e3e1f-7676-4e17-82b9-a12893c56e85,Aenon Lithium Logan,https://play-lh.googleusercontent.com/a-/ALV-UjUghvvMSMQ-1gxJohJRQJAwcMNIj9jTHkJBb29XIKv4THqwt4r2,"Very good GAME! Also, a coincidence because it updated on my b'day. 1/18.",5,0,1.127.0,2026-01-25 11:36:39,,,1.127.0,jp.co.ofcr.cm00,Cooking Mama: Let's cook!
3cf2cc64-ff3f-4415-8070-7b528907ae70,Alieu Jallow,https://play-lh.googleusercontent.com/a/ACg8ocLpDIYXDU0Sahvj87HMVp7pSviYp0IFBXexTcVbCwJdZJxjfHw=mo,"This game is sooo good. I recommend playing this when you are bored, finished studying, or at any time at all because the food kinda makes me wanna eat it lol but anyway DOWNLOAD DAT GAMMMEEE 🩷",5,16,1.127.0,2026-01-24 20:05:21,,,1.127.0,jp.co.ofcr.cm00,Cooking Mama: Let's cook!
3a613b61-dcaa-4062-b0b6-07f9050f1f1b,Batrisya Humairah,https://play-lh.googleusercontent.com/a/ACg8ocK0OVs27470jr3zLateElrYEnUvfURxkEKPSv0svqIRfiUSqw=mo,"I love this game cuz why cuz it teach u how to cook.But not that it ,it have,fishing,framing and much more I think this game have much memories and this is good for kid to!",5,0,,2026-01-24 10:18:37,,,,jp.co.ofcr.cm00,Cooking Mama: Let's cook!
abaeda77-1a95-424c-9168-629338eae8ec,Majid Khan,https://play-lh.googleusercontent.com/a/ACg8ocIOu_IdLhfUvFIenqSz1vZ0Z-vzfi62XCsUGG_5B8k0Kwdv=mo,it was an amazing game kids can learn a lot from it,5,0,,2026-01-22 17:03:05,,,,jp.co.ofcr.cm00,Cooking Mama: Let's cook!
9092bd45-44dc-4faf-992c-c7392cad2576,Diana Diana,https://play-lh.googleusercontent.com/a/ACg8ocLElFu3d_ktGHPtbWV-IgeVC4aymc3w1VUkAXlEu4K365j2GA=mo,Love you 😘,5,0,,2026-01-20 21:42:16,,,,jp.co.ofcr.cm00,Cooking Mama: Let's cook!
9f28a202-3428-477b-9f7e-748ee409de0a,zelaaa,https://play-lh.googleusercontent.com/a-/ALV-UjX2wchSenaNvcCOEUuYTP9_Rtk6YpoXEz5wNlLTaf5YXQHv3IY,this game is super awesome!,5,0,1.126.1,2026-01-20 21:31:22,,,1.126.1,jp.co.ofcr.cm00,Cooking Mama: Let's cook!
764a6073-148a-4568-8949-39b1fdc31638,Chioma,https://play-lh.googleusercontent.com/a/ACg8ocIPGz58fH5i9xtsBXGOqNVc6miRsQFFPGUnqduk8FhtARfDZg=mo,This game is so wonderful,5,0,,2026-01-19 18:40:54,,,,jp.co.ofcr.cm00,Cooking Mama: Let's cook!
d24b4ab6-b14a-41d2-8290-3d24427c95a0,Connie,https://play-lh.googleusercontent.com/a-/ALV-UjWl_aXqcy7aMnUhWJxAlpLncrrfrAJ5Pcxw2pmL6Dyr22WM9fL2,i love the different game modes in this game! the adventure of running the restaurant with food you cooked and the recipes you unlocked in an amazing feat. i am only giving it 4 stars because SO. MANY. ADS. i feel like i'm watching ads more than playing! i wish there was an easier interface to work around and less ads.,4,22,1.126.1,2026-01-19 17:33:30,,,1.126.1,jp.co.ofcr.cm00,Cooking Mama: Let's cook!
ef01d02f-5da0-449c-8dda-aed3c01b8357,Zendaya B,https://play-lh.googleusercontent.com/a/ACg8ocKs0lswZQBF1fraJCLrtUJwgviUOdmfxYTGxn6wI8yuM5KZFQ=mo,love it my mom said she played it when she was a kid so love it 😁,5,0,1.126.1,2026-01-18 12:08:37,,,1.126.1,jp.co.ofcr.cm00,Cooking Mama: Let's cook!
f9f173f3-4256-40a4-a0f2-12afff3e3a88,Samreen Khan,https://play-lh.googleusercontent.com/a/ACg8ocIk7dRf39VqTrUfAOMIpM6cYTs69gUy4qWVqHyp5dRade_VXg=mo,i love it especially when you have to make the foods but it does not work on poor quality like i have,5,0,1.126.1,2026-01-15 22:58:05,,,1.126.1,jp.co.ofcr.cm00,Cooking Mama: Let's cook!
e31ec9af-b65b-40de-a37b-d6eed16b9737,Everett Carver,https://play-lh.googleusercontent.com/a/ACg8ocIX0UaSam-KpHOR3bEJId0vzsjJQL1OS3a8NqgElCOGR3WKzA=mo,"Inpressive game! I remember playing Cooking Mama back on the Nintendo DS as a kid. Thanks for giving us this treat. It's kind of annoying you have to buy more recipes and they can't work offline, but I can't stay mad a you! Great Game! I would surely back up it's data to the cloud for the future!",4,4,1.126.1,2026-01-14 05:45:22,,,1.126.1,jp.co.ofcr.cm00,Cooking Mama: Let's cook!
d6016b62-2154-4450-b291-9dfa1fd5b00b,Suk Grewal,https://play-lh.googleusercontent.com/a/ACg8ocIMymCytnSZ94JK-thPvLk8ljS5C78uBu7e47aJ1u_4vRzutA=mo,😅😅😥😥😥😥😡😡😡😡I hate game,1,0,,2026-01-12 12:55:28,,,,jp.co.ofcr.cm00,Cooking Mama: Let's cook!
05ae4b6b-98cc-4a5c-8ad8-e957ca9fd3ea,noah solo,https://play-lh.googleusercontent.com/a/ACg8ocKmzkV6hrAobMwsqD1M5Te95-c1biUdxCFX5u6wJczflFZdoA=mo,I downloaded as was maybe 5 minutes in the game. It bombarded me with ads making me buy something or mini games non stop!! uninstalled it.,1,0,,2026-01-12 10:00:45,,,,jp.co.ofcr.cm00,Cooking Mama: Let's cook!
5fcf1809-1565-4082-ab2a-eb29161f47be,muhammad raffi,https://play-lh.googleusercontent.com/a-/ALV-UjWbi6Z17BxQxj-FNmU6s6_qX6FP2Dcyudu9VoMFZTrYIyE5BXc6,me genuinely cooking for my neurosurgeon wife after her 20 hour shift n showing her my christmas steam wishlist at the dinner table(im a stay at home househusband),5,0,1.113.0,2026-01-11 21:47:21,,,1.113.0,jp.co.ofcr.cm00,Cooking Mama: Let's cook!
aed82677-7eaa-4155-ad8c-8bf5e304d628,Jasmine Raheed,https://play-lh.googleusercontent.com/a/ACg8ocKZYkaKkruxwMWSidnb2sQ_HmtvwqWXPoECI8O1ym-i5XvZIw=mo,I like this game it is to cool,5,0,,2026-01-11 14:06:59,,,,jp.co.ofcr.cm00,Cooking Mama: Let's cook!
bfc257ce-6deb-4332-98c1-0ef4b0a62909,Sofia Jade Laberinto,https://play-lh.googleusercontent.com/a/ACg8ocLNp8oNojBeozXUY0HVuw_z8Pd-Ezf8Unf9AZJNHfHJyAWJ-g=mo,itttssss cooollll too cookkk yahhh,5,0,,2026-01-08 21:41:26,,,,jp.co.ofcr.cm00,Cooking Mama: Let's cook!
333e4da4-6b4d-4e12-9bb8-5ae073bb302d,Elisa Bede,https://play-lh.googleusercontent.com/a-/ALV-UjXeUCe9UUpJXucfDKAgvtUmyGdSxGe4j98pnyWFrZeUS1kw9vU-,This game is cute! I wish I had some more time to play it! :),5,0,,2026-01-08 20:16:39,,,,jp.co.ofcr.cm00,Cooking Mama: Let's cook!
86584564-da24-4953-9000-b4230c1313e6,Jibran Shakir,https://play-lh.googleusercontent.com/a/ACg8ocLX1q53DqMmAQK-ycSXIU3YVpYqHQ3HDk8N8skaPlGmHTPeYg=mo,game nya bagus 👍,5,0,,2026-01-08 16:15:01,,,,jp.co.ofcr.cm00,Cooking Mama: Let's cook!
71f11d9d-d0f7-4070-b990-ec9c8c155eb8,Jay Rose,https://play-lh.googleusercontent.com/a/ACg8ocKU1-yRj92GX1xd1A1YAyIxrKJrJ68VLof3jsH4tBrL3NkC3w=mo,can't load into the first title screen,1,0,,2026-01-04 09:00:24,,,,jp.co.ofcr.cm00,Cooking Mama: Let's cook!
44b6c651-1acb-4c8c-a0c0-685b8515f41f,Rai Shikha,https://play-lh.googleusercontent.com/a-/ALV-UjWJ62RK9Tk_mW7F2eeVb7iD2kXR3pjSEOr1sADmj30IZZWFN9k,Da gam look super cutesy but 2 many pop ups :(((!! O I'll !?,4,0,1.126.1,2026-01-03 14:18:29,,,1.126.1,jp.co.ofcr.cm00,Cooking Mama: Let's cook!
cf740e92-3398-4326-bb66-6c961bd461bd,Elena Ashari,https://play-lh.googleusercontent.com/a/ACg8ocI6fwph6y1n_dTM8fk1kPMbc-G7WDwb-nzG9PFt5O90Tq_dTg=mo,a full pack of simulation games ! love this game.,5,0,,2026-01-03 05:26:43,,,,jp.co.ofcr.cm00,Cooking Mama: Let's cook!
5c8d552f-e024-457d-80dc-f67e932201c6,lia,https://play-lh.googleusercontent.com/a-/ALV-UjUlAnTcAOccgbEBKUPbh52DWSTYtwZkrEFkbxZREgsz0JAa0sQLzA,"honestly love the app. the thing is, u gotta pay for most recipes. kind of a bummer.",3,0,,2026-01-02 18:14:43,,,,jp.co.ofcr.cm00,Cooking Mama: Let's cook!
ea702ee0-a778-4a3c-9e27-0fe2560705b0,Ember 90,https://play-lh.googleusercontent.com/a-/ALV-UjVXk-jRsBcqWzekO65GCQjkX2pRP1nC3H51LVqvcRHmqKI_fxQ,It's very hard to do the pasta and the time is too fast.I waste all of my coin!,2,2,1.126.1,2026-01-02 08:10:10,,,1.126.1,jp.co.ofcr.cm00,Cooking Mama: Let's cook!
42c840cd-ab64-4370-8cef-9577c034ef61,SLASH generation,https://play-lh.googleusercontent.com/a-/ALV-UjUXf_I4Ubx8NFi-HJuY4zqRUqs6kXuPushj81kVd9i1bSS46K4J,🤙,5,0,,2026-01-01 16:14:52,,,,jp.co.ofcr.cm00,Cooking Mama: Let's cook!
a9a57e10-fcf6-49f7-925d-ff28df5a6340,Cherry Kam,https://play-lh.googleusercontent.com/a/ACg8ocKxcSd4PBb341yBt08w3oHzGz6A5_9OBqqzId4b5QuiZJD76w=mo,very fun,5,0,1.126.1,2026-01-01 00:01:29,,,1.126.1,jp.co.ofcr.cm00,Cooking Mama: Let's cook!
d3762d1a-f9ab-4c05-a946-cdec18ad8d38,Sadaf Fatima,https://play-lh.googleusercontent.com/a-/ALV-UjWRvqrfCaeGBaJPzcTFOswERdVqt9JVEiC9oS4Rqc8Bd4AqSV6Mfg,WAYYYY TO MANY ADS. I forgot if I even liked anything about this game,1,1,,2025-12-31 11:52:59,,,,jp.co.ofcr.cm00,Cooking Mama: Let's cook!
9286b817-26b4-4542-b3f3-008062220b76,Kai Bun,https://play-lh.googleusercontent.com/a-/ALV-UjUdT2f4DmDV4v-7i9zfmgO30br-BZLHjSlXHgY_JIsPe775pVw4Ww,"While this can be fun it is incredibly overstimulating. There are so many buttons on every screen and menu, those buttons also flash and have arrows and hands pointing to them. In all, everything is seemingly designed to give you a headache.",2,0,,2025-12-30 10:12:47,,,,jp.co.ofcr.cm00,Cooking Mama: Let's cook!
50aca4cd-5d73-4378-99e0-11b9fd8ad95f,Rizqi Hezrey,https://play-lh.googleusercontent.com/a/ACg8ocKu-_21z9YcjVGSilYM13ZA7YS9XtlDDLZV18x8T9oLmKwTmg=mo,I used to always play this game with my mom🤭,5,0,,2025-12-30 01:59:39,,,,jp.co.ofcr.cm00,Cooking Mama: Let's cook!
d966900b-b117-422b-8f60-3945e8886d4d,Ice “IceQueen” Queen,https://play-lh.googleusercontent.com/a-/ALV-UjUgbJmfy1qmgHC35ZXCJEM3SEbOXYhGDJLZeqbQ3w9EJ1jxC3zF,so cute the cartoon and food and look yummy and game best!!!!!!!!,5,0,,2025-12-29 11:41:10,,,,jp.co.ofcr.cm00,Cooking Mama: Let's cook!
0873bbd0-cb45-4d6b-aa73-743cd8218fd1,Meytal Vargas,https://play-lh.googleusercontent.com/a-/ALV-UjVH0nvetPaH2G7-3gMvpPS7qqLuFyamzI6FKf1ry11eXCvHF8s,this game is fun to play I played this all the time I'll give it a 5 star good job.,5,1,1.126.1,2025-12-28 13:39:02,,,1.126.1,jp.co.ofcr.cm00,Cooking Mama: Let's cook!
a5a24991-2771-464d-818d-8c6e6eab4abe,Erin Avia Aguilar,https://play-lh.googleusercontent.com/a-/ALV-UjVp9NbdcsXJRRvAMfoHCFnnHpoWvlq4_9u0U_VTLIFnd5fRrawU,as a kid myself I love it it just makes me happy yk?this game is fun and kid friendly or teens and adults can play it too!,5,0,,2025-12-27 01:12:22,,,,jp.co.ofcr.cm00,Cooking Mama: Let's cook!
5b0846fe-eaf3-4618-b734-b32203ac5e86,Fenom007,https://play-lh.googleusercontent.com/a-/ALV-UjX32YWM-a0ZmSioqTvGSaEtYXr4mSQ7fvaQNmx86NV7uK0kHLmn,"The crazy amount of ads ruins this. The menus are also very confusing, cluttered, and unpleasant.",2,0,1.83.0,2025-12-25 14:12:36,,,1.83.0,jp.co.ofcr.cm00,Cooking Mama: Let's cook!
496d3e49-8590-4f2a-93bc-68b60f08c14e,Ariz,https://play-lh.googleusercontent.com/a-/ALV-UjXtSpArgISzaT_cwlGE01_BNRgUGBeNe9wFVL6ed7luy9pzfYwC,I DONT LIKE THIS IM SORRY,3,0,,2025-12-24 20:12:48,,,,jp.co.ofcr.cm00,Cooking Mama: Let's cook!
9385f04a-8858-4e11-a5eb-9e2f6e4e8976,Gisela Kahya,https://play-lh.googleusercontent.com/a/ACg8ocK5ks1GmJPjegJM2LYOdUpcSiUMNb8gosq3pc9V63IbChjmog=mo,this is really usefull not only its a game but can teach us how to cook this is VERY fun,5,1,1.118.0,2025-12-24 15:34:19,,,1.118.0,jp.co.ofcr.cm00,Cooking Mama: Let's cook!
2ac294be-9fff-45d8-aee1-695fe6ac624f,Mortuza Begum,https://play-lh.googleusercontent.com/a/ACg8ocJl6Sr-hCJLl_rgDVq8AEoejRGI90IO2CrfGNw54p65P7PmSQ=mo,"terrible, overwhelming and confusing for new players. DO NOT PLAY!",1,12,1.126.1,2025-12-23 19:42:24,,,1.126.1,jp.co.ofcr.cm00,Cooking Mama: Let's cook!
128ffc3b-ab64-4e7d-9c6b-8b52f4080631,Abi,https://play-lh.googleusercontent.com/a-/ALV-UjUEk35Payt79rADsn27YNIC2UwEv1eCnjFlELUDLSFsZFmIZDcY1A,"Cooking Mama is a fun and cute cooking game with colorful graphics and easy-to-follow steps that make cooking feel enjoyable and relaxing for all ages. The mini-games are entertaining, and it’s great for casual play, but I hope the app can improve by adding more information about common kitchen ingredients and explaining the different kitchen utensils and their uses. This would make the game not only fun but also more educational and helpful for beginners who want to learn real cooking basics.",4,22,1.126.1,2025-12-23 07:44:35,,,1.126.1,jp.co.ofcr.cm00,Cooking Mama: Let's cook!
f94f0266-e4cc-4c21-82ac-0ecb1d4c40f6,Adabelle Rodriguez,https://play-lh.googleusercontent.com/a-/ALV-UjVyN-NJI7SAeeP_xYYJvPycjVQc5pkK_Fla-L_tdZ6XJkBwXBo,"I've played this so much and I love itttt overall it never gave me problems and it helped me know how to cook a bit, don't ask",5,0,,2025-12-21 21:06:37,,,,jp.co.ofcr.cm00,Cooking Mama: Let's cook!
62f5fc82-9dc2-4ccc-9d09-f76bc0377cf1,Canek J Cervantes,https://play-lh.googleusercontent.com/a/ACg8ocLG3yq_9Tr262hapT3-hzweDri-H0-wDi9vKrAEp27AuDtc=mo,I LUV IT S O OO SOSOXOSOSOSOSOSO FUNñi,5,0,1.126.0,2025-12-19 21:00:29,,,1.126.0,jp.co.ofcr.cm00,Cooking Mama: Let's cook!
ad82e1f6-f12f-41f4-b501-937d224541d9,A Google user,https://play-lh.googleusercontent.com/EGemoI2NTXmTsBVtJqk8jxF9rh8ApRWfsIMQSt2uE4OcpQqbFu7f7NbTK05lx80nuSijCz7sc3a277R67g,just love it lol,5,0,,2025-12-19 12:11:22,,,,jp.co.ofcr.cm00,Cooking Mama: Let's cook!
c2e6e391-76e6-4253-b372-4521e778039e,Sundaylux,https://play-lh.googleusercontent.com/a-/ALV-UjUE8Vk54S8QLVZzR-xekBg_JdLvw9xVY8Q_MgdRPtHn-4O0Tmpa,"Great game, very fun, super kid friendly, beautiful. Only downside is that you need to pay for more recipes, but other than that the game is really great.",4,1,1.126.0,2025-12-18 19:12:30,,,1.126.0,jp.co.ofcr.cm00,Cooking Mama: Let's cook!
e13e2ccb-513b-4e70-8893-18dea727b440,Nicole,https://play-lh.googleusercontent.com/a/ACg8ocIoaqrUJnEDT5vktKuaAJnlbUeAmJjtQHc13YifadFT7klFJQ=mo,I love cook,5,0,1.125.0,2025-12-18 03:26:50,,,1.125.0,jp.co.ofcr.cm00,Cooking Mama: Let's cook!
89dfd217-34ab-4df5-872e-2358693a6a8d,r,https://play-lh.googleusercontent.com/a-/ALV-UjXokFzkWOTYE03KrWuQuWjqA27TgtlctNzgrli9lCsJaIKgbGKs,"SUKAAA BANGET SAMA GAME INIIII, FIVE STARSSS, cuma aku agak ngelag sedikit sih but it's okay, game nya seru bgt, bisa dimainin offline lagiii, seruu pokoknya dehh",5,5,1.114.0,2025-12-16 10:48:29,,,1.114.0,jp.co.ofcr.cm00,Cooking Mama: Let's cook!
345b398e-84b9-4b5b-a571-0b790f8ea5e2,Kasyfi Mateen,https://play-lh.googleusercontent.com/a/ACg8ocJ8cByBd-XMBfmyMo4q28le84q01ouAOwdo7GDZ5Ugr5wH5LQ=mo,this game is so fun✔,4,0,,2025-12-16 04:49:37,,,,jp.co.ofcr.cm00,Cooking Mama: Let's cook!
24ad446a-09dc-46fb-9d29-9e0ae160c2a1,Rose Abel,https://play-lh.googleusercontent.com/a/ACg8ocKokrTvLTJ-2iWoPiguDC3KzIPgAyrsR87dSo5qgr4cYXEguw=mo,"The game is nice and all but,u can't cook all the recipe Because u need internet and u need to pay coins which is kinda dumb and I think that they need to make the theater for free and not needing internet. Please the people that made this game should read cause I didn't waste data and time to write this.",4,0,1.124.0,2025-12-15 12:06:51,,,1.124.0,jp.co.ofcr.cm00,Cooking Mama: Let's cook!
62905095-492b-424e-b63f-2fe6b2159611,Beverly Catungal,https://play-lh.googleusercontent.com/a/ACg8ocImohHk-d_D4d1V373n9q6VByngmi-JyZvMzEpDmbeeLwl7gg=mo,absolutely this game is so fun and relaxing I love it so much,5,0,1.125.0,2025-12-14 14:39:42,,,1.125.0,jp.co.ofcr.cm00,Cooking Mama: Let's cook!
ae638bcf-d7fb-4d19-a266-35bf93e872b7,Faiza Sarail,https://play-lh.googleusercontent.com/a-/ALV-UjUnSn1BOhThAYTi1bsSgernR5jrCdHQFe5Lxp0StehFluklOJE,so Very good 💯😊,1,0,1.125.0,2025-12-14 11:32:05,,,1.125.0,jp.co.ofcr.cm00,Cooking Mama: Let's cook!
54b85731-a525-4c47-a4f5-82b06b09edda,moon,https://play-lh.googleusercontent.com/a-/ALV-UjWPy-bXm--kDxfKcU0oUZzvZMvgWgPbC8GTevIeiaAJInJ-OmUp,this is my fav game now 🥇:cooking mama 🥈:swordash 🥉:block blast!,5,12,1.115.0,2025-12-13 12:18:31,,,1.115.0,jp.co.ofcr.cm00,Cooking Mama: Let's cook!
ddd798c0-a356-46fb-92b0-c5e111748e45,Radifa Miah,https://play-lh.googleusercontent.com/a/ACg8ocIyjfkSzXUtqi4e0U8njk6ZwQjZtL5-EkPT2O6YxirgQRbOEA=mo,i have this game on my phone and i genuineley love playing this game so much,5,3,1.125.0,2025-12-13 06:33:55,,,1.125.0,jp.co.ofcr.cm00,Cooking Mama: Let's cook!
b53868de-abb7-4e4f-904c-a01d54fa6e1f,adrian lee,https://play-lh.googleusercontent.com/a/ACg8ocKogPj3-ZCptkq9vvHDjP44IVLgRtDz0NS2sQkeoq0LNaz_Gw=mo,it sucks beacause it's to hard,1,0,1.125.0,2025-12-07 14:50:08,,,1.125.0,jp.co.ofcr.cm00,Cooking Mama: Let's cook!
3ad4740d-dee7-48d2-9fe9-a00d6f4437f1,Shikha Akter,https://play-lh.googleusercontent.com/a-/ALV-UjW-RCKa4blNlFr-ssPg92O8_wkdJ_tAW9Q4uUuTb4PNmIXelyGA,sensational,5,0,,2025-12-07 13:34:09,,,,jp.co.ofcr.cm00,Cooking Mama: Let's cook!
1f6bdd1c-5d01-4c9d-9ba9-3cebb3fdd17d,Theovasco Nolasco,https://play-lh.googleusercontent.com/a/ACg8ocLTUcrI-5-nEuFkXOEx221ZSzw_eZ7PfT7m7bOOtQVE_d2dpQ=mo,they are so cute and the cooking mama i never try this before so I will try it,5,0,1.125.0,2025-12-07 13:00:27,,,1.125.0,jp.co.ofcr.cm00,Cooking Mama: Let's cook!
8b966bca-63dc-442c-9c0a-23f37d5985a5,Blessie Grace Rotazo,https://play-lh.googleusercontent.com/a-/ALV-UjXGkpdDtPMY7ReHEB2MX8Ah79mANwLY2s7VMYEXWE7317qJ8p4b,so good,5,0,,2025-12-06 13:53:08,,,,jp.co.ofcr.cm00,Cooking Mama: Let's cook!
acf2ea18-bab9-4f6d-bb62-2a6c84b570cb,klarissa pollard,https://play-lh.googleusercontent.com/a/ACg8ocKSwHxAVsz6gg8CsrgoJ9dV6cOuuLEOR5-TzrRzQMl1pr_zWQ=mo,nostalgic. too many ads. & u dont get to dress the food anymore which was the best part :/,1,166,1.125.0,2025-12-06 08:49:44,,,1.125.0,jp.co.ofcr.cm00,Cooking Mama: Let's cook!
673eeba8-50ab-4e1d-bdfd-cd05c3a85ade,Name Namee,https://play-lh.googleusercontent.com/a/ACg8ocJ8IabXahbXp-ObEOoBYude-zhr_MsUV2ePxR15YSsCAyK-sA=mo,"immediately no. It's all pop ups and everything, absolutely EVERYTHING is flashing ""Click here"" insanely overwhelming and I didn't even get to play. Also the forced Christmas stuff is weird",1,0,,2025-12-05 17:57:27,,,,jp.co.ofcr.cm00,Cooking Mama: Let's cook!
d6c64048-7a4e-4cad-bd7e-2bb3e63b767e,Parya Noruzii,https://play-lh.googleusercontent.com/a-/ALV-UjXZmCTYibaj5lbvWsKs9BkGfQdDdmevh6LgLUvdp0TPMxE0s_c,💎,5,0,1.124.0,2025-12-05 13:16:37,,,1.124.0,jp.co.ofcr.cm00,Cooking Mama: Let's cook!
13d9d4b5-48e2-4184-b68e-37430a98a7e0,Nan Linn Lae Yee Linn!!,https://play-lh.googleusercontent.com/a-/ALV-UjVva0L3rMhcyHBESXmW0Mit2mn6OQBaa5Lt1Zkhryt7Bi7OvJDt,a nice cooking game!! (✯ᴗ✯),5,0,,2025-12-05 08:29:52,,,,jp.co.ofcr.cm00,Cooking Mama: Let's cook!
15560f27-5adf-4b82-9a28-07f54747ef6f,paven begom,https://play-lh.googleusercontent.com/a/ACg8ocIggqaBq7fvyjmWVJ8s0EMbZakI6nlyhw0_tNwU83Jk4vSJAg=mo,"DONT DOWNLOAD THIS HACKED MY PHONE AND IT KEEPS RESETTING BUT IF YOU CAN RISK IT PLAY IT ITS FUN , 🥲🥲🥲",1,0,,2025-12-04 18:38:36,,,,jp.co.ofcr.cm00,Cooking Mama: Let's cook!
768e9894-e042-485d-8950-1f70d8c92b95,Nasrin Asif,https://play-lh.googleusercontent.com/a-/ALV-UjU9W5QyZkpTu5zHMmNT85IODiIh5vvLYBId5etWPhZeiKhlZVKv,I love this game,5,0,1.125.0,2025-12-04 18:02:30,,,1.125.0,jp.co.ofcr.cm00,Cooking Mama: Let's cook!
48e4a394-d601-4f18-923e-49f251b16795,Mia Khairana,https://play-lh.googleusercontent.com/a-/ALV-UjVduHhGEzELWfPBv0IHVqNsieaeX3ILyYBe5SaPqDbfU0xX3L0,favourite moment🥰🤍,5,0,1.125.0,2025-12-04 15:58:02,,,1.125.0,jp.co.ofcr.cm00,Cooking Mama: Let's cook!
45f0c659-df38-438f-bb80-fe30759bb65c,Somaie Irani,https://play-lh.googleusercontent.com/a/ACg8ocI5L4gP7Fi7UAv1bsFkXNiYXqD3YXN8ZYKvRdt-wY4GoRK9tvI=mo,خیلی بازی خوبیه حتما نصب کنید,5,0,1.125.0,2025-12-04 14:15:47,,,1.125.0,jp.co.ofcr.cm00,Cooking Mama: Let's cook!
3d9f2f98-3d3f-445b-919a-904e30cd6d0d,Floofonsa,https://play-lh.googleusercontent.com/a-/ALV-UjWddWq4cOQXFd2ZTxxNgPDrpprD4RlujHzWmn3TEYIRcjA745M,Ad Filled Trash. if you're a fan of the cooking mama games and have always wanted mama to shove the choice of an ad in your face every time you do anything this game is for you if you however want a relaxing game you're better off with something else,1,0,,2025-12-04 02:06:34,,,,jp.co.ofcr.cm00,Cooking Mama: Let's cook!
178fb3c1-995e-42fb-88a6-ed423899f7ff,Colton Lacks,https://play-lh.googleusercontent.com/a/ACg8ocLYRdhymPaurecxbk__pMa5xJX4SaEP7GC1_R30os6AwvgP6e6a=mo,"I liked the Cooking Mama games on the DS, but this is just a bit overwhelming for me. There's too many things happening all at once.",2,2,1.125.0,2025-11-30 18:27:30,,,1.125.0,jp.co.ofcr.cm00,Cooking Mama: Let's cook!
58669f3f-5bef-433e-8e16-fdf81e6d0a36,Meron Gebru,https://play-lh.googleusercontent.com/a/ACg8ocKvDMMvE4afVKaT3gcFWHH25JP0fh3ZywMInL7njTioVPQrxA=mo,i love this game so much and it so japanese 2000s asthetic can you make more like this ♥️♥️♥️♥️,5,1,1.125.0,2025-11-29 09:12:40,,,1.125.0,jp.co.ofcr.cm00,Cooking Mama: Let's cook!
7553b480-1bfa-4e41-8e9e-8b5a012e04ef,Emma Gibney,https://play-lh.googleusercontent.com/a-/ALV-UjXD4P_wkWGEYEtrt_uQ2c3YGdVEgPi3o5m3kcmY0K-na14hseq2zg,I love Cooking Mama! This ones really nice. 🍣🐟🫑🍎🍚🥚🍖🍙,5,0,1.125.0,2025-11-29 07:26:50,,,1.125.0,jp.co.ofcr.cm00,Cooking Mama: Let's cook!
ff8e528d-f288-4ad3-82c2-4e31cc60fd62,Kukikoo Luv,https://play-lh.googleusercontent.com/a-/ALV-UjWFTDAQQFP0sjIdsKSrfvIdehKjRUrpDmAmvwIM5NZ0Bm042XRQ,amazing,5,0,,2025-11-26 09:28:36,,,,jp.co.ofcr.cm00,Cooking Mama: Let's cook!
a0942dac-ba00-4eac-8a77-826aec85d37f,muhammad rafiq,https://play-lh.googleusercontent.com/a-/ALV-UjW7fSpz19VIpH4p9wRt8Jp39m0GQ-eXec8PdvEbeaxJf6Yra7U8,very comforting game,5,0,1.124.0,2025-11-26 01:43:17,,,1.124.0,jp.co.ofcr.cm00,Cooking Mama: Let's cook!
cf9bfa77-ea02-4e42-80df-33f1ac22bbfb,alisha mohd,https://play-lh.googleusercontent.com/a-/ALV-UjUCMXdbjupbGRhR3fVDhe0tIZosSAdl5QhOwnJ8p4011O3nUDsK,"This game is really disappointing! The quality is so bad!! In the year 2025 this game is the worst! The lag in this game is too bad!! Also, the ads are excessive!! Please stop this game as soon as possible!!",1,0,,2025-11-23 00:16:31,,,,jp.co.ofcr.cm00,Cooking Mama: Let's cook!
e870ef1e-a362-4b30-bd86-4c3c1b43a156,Winter haze,https://play-lh.googleusercontent.com/a-/ALV-UjXKhVcqBRMS389UEtarBcjOEoVxUs1FBPWw8VaqrJwvuGg0YRKQ,𝐌𝐲 𝐡𝐚𝐧𝐝𝐬 𝐠𝐨𝐭 𝐬𝐮𝐩𝐞𝐫 𝐜𝐡𝐚𝐨𝐭𝐢𝐜 𝐰𝐢𝐭𝐡 𝐦𝐲 𝐬𝐜𝐫𝐞𝐞𝐧 𝐥𝐨𝐥 𝐚𝐧𝐝 𝐭𝐡𝐢𝐬 𝐠𝐚𝐦𝐞 𝐢𝐬 𝐬𝐨 𝐟𝐮𝐧! 𝐡𝐢𝐠𝐡𝐥𝐲 𝐫𝐞𝐜𝐨𝐦𝐦𝐞𝐧𝐝𝐞𝐝 𝐟𝐨𝐫 𝐠𝐢𝐫𝐥𝐬 𝐚𝐧𝐝 𝐛𝐨𝐲𝐬 𝐭𝐡𝐚𝐭 𝐥𝐨𝐯𝐞𝐬 𝐜𝐨𝐨𝐤𝐢𝐧𝐠 𝐨𝐫 𝐡𝐚𝐬 𝐬𝐮𝐩𝐞𝐫 𝐬𝐩𝐞𝐞𝐝 𝐟𝐢𝐧𝐠𝐞𝐫𝐬 (𝐰𝐢𝐬𝐡𝐞𝐝 𝐭𝐨 𝐯𝐨𝐭𝐞 𝟏𝟎 𝐬𝐭𝐚𝐫𝐬 𝐢𝐟 𝐈 𝐜𝐚𝐧),5,31,1.124.0,2025-11-22 17:17:23,,,1.124.0,jp.co.ofcr.cm00,Cooking Mama: Let's cook!
008c31ec-06a9-463b-9f25-0f56ef48b7d0,Rice,https://play-lh.googleusercontent.com/a/ACg8ocKjZyEHNzPbyz8LYmSIHQQPnoig_iRXceBDxy4UiYT7rpS6uA=mo,i need more of these games,5,0,,2025-11-22 02:55:44,,,,jp.co.ofcr.cm00,Cooking Mama: Let's cook!
87cd7493-330f-4885-98f9-0e50827dcc02,Mika Ozeri,https://play-lh.googleusercontent.com/a-/ALV-UjW1iF6eOhvesZCElIMAnmom2sD6ERuSxcva90Zv0nuEQlrr0zGe,So Good (:,5,8,1.123.1,2025-11-20 21:16:20,,,1.123.1,jp.co.ofcr.cm00,Cooking Mama: Let's cook!
19fa51b2-1555-4688-b1ba-c69086fab50c,貞享新港,https://play-lh.googleusercontent.com/a-/ALV-UjW-BkOHKIbpmsLCbfQsZ1uJjL5IzcWxfYncyHId-LuLftTiE_kOng,"I've spent point and leveled up the stall in the Happy Market after I got to level 25, but it hasn't been saving, so it's like I'm just throwing money away. I've had to redo it twice now, and I'm about to have to do it again a third time. Please fix it.",4,1,1.124.0,2025-11-19 12:27:56,,,1.124.0,jp.co.ofcr.cm00,Cooking Mama: Let's cook!
080e933e-038f-498c-a994-aad6cb185d8b,KawaiiSharkSnuggle,https://play-lh.googleusercontent.com/a-/ALV-UjW_U3KJOfH8SYKdEyx2jTqNPEJYdUJKa0FarzqxwtML9egctlJ_,"This is one of the most bestest cooking game ever, the quality is sooo cute! perfect for cooking vibes😋😋😋💕💕",5,0,,2025-11-17 16:28:28,,,,jp.co.ofcr.cm00,Cooking Mama: Let's cook!
433a3ead-800b-462f-bf52-386a481c9094,Cutanda Elkha,https://play-lh.googleusercontent.com/a/ACg8ocLJ-tUtFkVAeMI5UO5WSe1i7qSrA4HKEW_zImGwpPrzccMtYQA=mo,wow,5,0,,2025-11-17 14:08:13,,,,jp.co.ofcr.cm00,Cooking Mama: Let's cook!
576cf3af-2b89-492a-b204-a1279c000feb,kayna bear,https://play-lh.googleusercontent.com/a-/ALV-UjWVZzIjwTEdjHzQUohfopUCrezG6jmOw9ofN4zSYIMPASMvVfOL,I love the game,5,0,1.124.0,2025-11-17 03:29:04,,,1.124.0,jp.co.ofcr.cm00,Cooking Mama: Let's cook!
9d2a2465-284a-45a2-a1f2-05bb1b340c4c,fay yayay,https://play-lh.googleusercontent.com/a-/ALV-UjUZqkb0cSIN1IZmROA652qG4LE4jL7ejYkgMtWsj7gGcewabKM,ILOVE THIS GAME,5,0,1.124.0,2025-11-16 14:06:48,,,1.124.0,jp.co.ofcr.cm00,Cooking Mama: Let's cook!
e75ace51-f511-40c0-ada6-7ce733397148,Jonna Samson,https://play-lh.googleusercontent.com/a/ACg8ocLr0r8cGkBho9TuElnDxC1HUnC5z7GrSkNSRQl8VkY4X9bOuw=mo,"I used to play this game when I was about 6 if I remember correctly, now that I'm older. I came back to download it again so I can play the ministry games and cook! Nothing was a problem in this game, it's just so beautiful.",5,0,,2025-11-15 11:02:43,,,,jp.co.ofcr.cm00,Cooking Mama: Let's cook!
bf88e361-5e75-46e0-8cab-cf823a5c448d,David Vilar,https://play-lh.googleusercontent.com/a/ACg8ocLu1XT5f5joiAfvAtdhtO-SMt9gwc-QDzxirLYrn__CMERsfw=mo,"Me gusta mucho el juego pero de vez en cuando te ponen anuncios insaltables que son obligatorios de ver. Me acabo de tener que tragar un anuncio de 1 minuto que no he podido saltar... Eso me parece abusivo, si fuera de los anuncios que te dan alguna recompensa pues vale, pero uno que salta automáticamente? nopeeee. 5 segundos y me tienes que dejar pasarlo.",1,0,,2025-11-15 04:07:42,,,,jp.co.ofcr.cm00,Cooking Mama: Let's cook!
7ba8ca91-0378-4939-a97d-d483b81d0ccc,laila krista saning,https://play-lh.googleusercontent.com/a/ACg8ocL4-XFdeZOPe0JyIfM2uV9yFHkKIQUmwnxy7uIcv2X91b7Cqw=mo,alov dis game,5,1,,2025-11-08 13:28:58,,,,jp.co.ofcr.cm00,Cooking Mama: Let's cook!
16ad7aa1-255f-48fa-81ad-b392912c61f8,Alice Machan,https://play-lh.googleusercontent.com/a/ACg8ocLqkoZ5A93Yx4gLH-JeGbavl8pezWGN75mxLg4b116Yrnj8_A=mo,It's nice i like it,3,0,,2025-11-06 20:24:46,,,,jp.co.ofcr.cm00,Cooking Mama: Let's cook!
c484d33c-e1e4-4723-8223-f01893b1ca33,MissPetty 210,https://play-lh.googleusercontent.com/a-/ALV-UjWM21_4jeGa4i-3-wW9QnlTv9y8ZF1X6_nIteI1f4noGw-rHMYa,"This game used to be amazing. it didn't have as many ads, and everything was less crowded and much simpler. now, it begs you for money, harasses you with advertisements, there are so many useless mini games added, you can't even play the mini games for longer than 15 minutes, almost all of the recipes are either pay walled or you have to buy it with ingredients or coins for only ONE TIME of using it, the list goes on! there's so much wrong with this game now, and it only keeps getting worse",2,55,1.124.0,2025-11-03 02:10:31,,,1.124.0,jp.co.ofcr.cm00,Cooking Mama: Let's cook!
b9ba6a39-625f-4640-8e56-819834ec2770,Raisya Adelia,https://play-lh.googleusercontent.com/a/ACg8ocJlnOP976a25v7yPdH15_nHFvfNXolvcIkvAZ_udgCQIPzqRQ=mo,WOHOO!,4,0,,2025-11-01 22:27:11,,,,jp.co.ofcr.cm00,Cooking Mama: Let's cook!
cc2b9ece-0e65-4ed0-9668-aab14912f950,Rian Pabon,https://play-lh.googleusercontent.com/a-/ALV-UjWqUUB_5WdJoUZv25XYtuVWwHlhDTiHhSEh7iOBhtP2werM58k4,hi team! love your game I play this when I was a kid but still playing now as a teenager. the game is good n all but the bad part is that on the beef stew minigame on special chef mode. Pls add more time for cutting. thats all I'm asking for.,4,1,1.124.0,2025-11-01 16:26:32,,,1.124.0,jp.co.ofcr.cm00,Cooking Mama: Let's cook!
886ead57-6330-4f68-9c02-d9c3b332332a,Gunnu Bhambhu,https://play-lh.googleusercontent.com/a-/ALV-UjWMEBAUe8q8Vib82hE5S98kI1kFBMsLC64cvA1yj7AqrMLNQJs,👍,4,0,,2025-10-30 20:47:46,,,,jp.co.ofcr.cm00,Cooking Mama: Let's cook!
9743c2fb-3d4d-4409-b1f9-8ea7d7382cbb,Unknosterious,https://play-lh.googleusercontent.com/a-/ALV-UjVU9JOBGjfq1FM3GP6umEcTABEGTWH9vfj352_NFoN1XMff0lxX,"not recommended cause you to other buy recipes, Don't waste your time in the game",1,0,,2025-10-28 22:02:48,,,,jp.co.ofcr.cm00,Cooking Mama: Let's cook!
cd22c879-ad75-4218-847f-28ef464518d5,Malihe,https://play-lh.googleusercontent.com/a/ACg8ocJtp2aBl33OlX6n1hesZ1Wjp5rjD0F8I-NLHriExq9zyboRDQ=mo,literally my childhood it's so gooddddd😭😭😭✨️✨️✨️✨️,5,0,,2025-10-27 23:05:59,,,,jp.co.ofcr.cm00,Cooking Mama: Let's cook!
b0a6a5e4-95ea-4d09-b538-5c3642da6e47,Rajeev Divya,https://play-lh.googleusercontent.com/a-/ALV-UjWtpq-AIY5bvfkln6odMRgyy5ETnXXgy9DccxA0su5Q3ROlKswL,😹😹😹,2,0,,2025-10-27 21:35:37,,,,jp.co.ofcr.cm00,Cooking Mama: Let's cook!
c6a06b61-28ad-4d0a-8e27-8e632d76042e,Zion Halder,https://play-lh.googleusercontent.com/a-/ALV-UjUZ7gKas5lTpGYX_eaLtExa-3J2bDYay3TwciZ6Y_NEi_wSYg4,"holy. the amount of flashing lights and pulsating icons and moving hands all at the same time on the same screen, flashing colours and god I'm scared to turn on music. like CHILL. wish there was an option to turn off tutorial atleast or idk tone it down. crazy. no.",1,1,,2025-10-26 17:43:23,,,,jp.co.ofcr.cm00,Cooking Mama: Let's cook!
5e094d26-bdb3-49cc-b9bc-1e7a62a034b1,KeithEunice,https://play-lh.googleusercontent.com/a-/ALV-UjXvK_07kcQAR93QUR3Hki3yXSfPMP0EnQ89d7I5Snha4TxVsRZJ,"It's a very fun game trust me but there's some things that needs to be added. Like saving your progress,they said that the game automatically saves your progress but it only saves your achievements and not the dishes you unlocked or the levels you reached in happy restaurant and etc. They should have added a log in option to save your progress like google, facebook and other available apps. This disappoints me so much because i was planning on purchasing new recipes in the recipe shop.😭",2,9,1.123.1,2025-10-25 09:02:16,,,1.123.1,jp.co.ofcr.cm00,Cooking Mama: Let's cook!
f042bd29-2804-48f7-af25-5fa086101e5d,Steph M,https://play-lh.googleusercontent.com/a-/ALV-UjV6EBX_4zIgn_H7n9S7enBegS1noaQ9yqWtoH6StYHk0-Im1bTW,"Got bombarded with microtransactions as soon as I opened the game, before I even got to play. Hard pass.",1,0,,2025-10-25 05:37:56,,,,jp.co.ofcr.cm00,Cooking Mama: Let's cook!
309a24d9-177e-4728-a63c-3c420cf83273,Aisha Putri Arta,https://play-lh.googleusercontent.com/a-/ALV-UjXNn03UiH28_JmklwDMSohYTyg8UPjqhkksvG49Kp5sVxOCQJQ,"gama ini jelek, gosong mulu pdhl aku jago masak",1,0,1.123.1,2025-10-22 05:07:54,,,1.123.1,jp.co.ofcr.cm00,Cooking Mama: Let's cook!
7967a268-4dab-4bf6-8fa8-824900b47734,Gloria Sekel,https://play-lh.googleusercontent.com/a/ACg8ocLdHHeamTG_L2gAmAJI0RNRYjEgRwwT78qlokAGjgHHpAHj6Q=mo,"I remember growing up playing cooking Mama on my Wii, I would constantly play it for hours, and now that I don't have a DVD of it no more to where I can go play it on there I had to figure out where I can play my game and when I went on here and seen it I was so happy, I'm giving this game 100 out of 10",5,18,1.123.1,2025-10-21 08:37:34,,,1.123.1,jp.co.ofcr.cm00,Cooking Mama: Let's cook!
f82c3007-d649-4a71-af00-9fb56eef678b,LEON S Kennedy,https://play-lh.googleusercontent.com/a-/ALV-UjVtkzdQDIxaA1-W9519f-Q_OU74BokW9GNM5hDZ9I-s9LI6w1yP,"very much mega mega good and nice bro but I don't use it anymore, sorry bro ☹️",5,0,1.123.1,2025-10-20 17:41:03,,,1.123.1,jp.co.ofcr.cm00,Cooking Mama: Let's cook!
3c06d2fb-edb6-4964-aceb-9f3e28bcb352,Stelsa,https://play-lh.googleusercontent.com/a-/ALV-UjV4IRYDXBkG8LAHckC55axcVtCg-p_FEIOzbvA_xpIvexdk-KUC,"This is my favorite game in the app store. I bought every recipe with my own money. The game has a handful of flaws, like the clunky U.I. I've gotten used to it, but new players might just uninstall the game the first day. There's no proper save feature. So if my phone broke, I'd lose all my purchases. Just allow us to save the game via Google Play, so nobody will have to worry about it. and finally, the glitches and no response from the devs. Devs do better. waiting 3 months and no response.",3,7,1.123.1,2025-10-20 02:02:10,,,1.123.1,jp.co.ofcr.cm00,Cooking Mama: Let's cook!
0d80246d-e2cf-4027-b838-19562618fe20,Gerald Mirabel Aycocho (Geraldine),https://play-lh.googleusercontent.com/a-/ALV-UjWlJTH9Z3uxmUWQN5mKkZy1IQPphHRM0qFcQkI6fP4EWlIahHO5,legit games and very beautiful game,5,0,1.123.1,2025-10-18 17:34:10,,,1.123.1,jp.co.ofcr.cm00,Cooking Mama: Let's cook!
5c6aa690-cec6-42f3-b321-01be258d2a72,Khairakhalisah,https://play-lh.googleusercontent.com/a/ACg8ocKh6i7k4zNilqFdwBz1SgIwcUSgigvzzfFEEgREY2A7vtnwWQ=mo,no best,2,0,,2025-10-18 06:31:43,,,,jp.co.ofcr.cm00,Cooking Mama: Let's cook!
078b3aaa-425e-4ee8-a842-c7ef05822b36,Ilyana Jjpg,https://play-lh.googleusercontent.com/a-/ALV-UjUST-RhL7TwXGIJevbIDMRr2OqluuxzS8UCs4bVyL4KbSvW4Wgx,ive been playing since 2021. i saw my brother playin' this until; im the last one with mama until now,5,0,1.123.1,2025-10-17 11:35:21,,,1.123.1,jp.co.ofcr.cm00,Cooking Mama: Let's cook!
3ffe3716-b757-4103-83c8-8d9a4403b288,samara crinshaw,https://play-lh.googleusercontent.com/a-/ALV-UjWg_qDR7YIZlcSNJsI3TAuA0Km2vSGNyoddY1q87cTln4VsAJem,this game makes you fat! 😃,5,0,1.93.0,2025-10-17 10:13:55,,,1.93.0,jp.co.ofcr.cm00,Cooking Mama: Let's cook!
c7908892-ded8-487b-92a3-3525f8f6c92a,Esmeraldapopunicorn Esmeraldapopunicorn,https://play-lh.googleusercontent.com/a/ACg8ocJLNk8iV_MtMBr3hFmiN11pPhkT6q6QyPgCYaCpWDbtUfBORg=mo,"its a really good game,you can even play offline,ofc with some restrictions but still i loved it",4,1,,2025-10-17 02:45:19,,,,jp.co.ofcr.cm00,Cooking Mama: Let's cook!
7d986ddc-7d56-4f01-b7d9-2d2aa4c092f1,Rahila Fathima,https://play-lh.googleusercontent.com/a/ACg8ocIn_zBe2bLWtFEpl_PzuVnLGxJ6bKtktmmuoJVQH4c3ekC3UQ=mo,good,1,0,,2025-10-16 02:08:38,,,,jp.co.ofcr.cm00,Cooking Mama: Let's cook!
4e7cc5ff-3a15-4f49-b440-6a4e9fa2b813,TIFFANY Huebsch,https://play-lh.googleusercontent.com/a-/ALV-UjVt0FToFjzt_u5lkgCrLnLJp8Dw0BYEvgyMCpHjA0vpvtLZApsejQ,"Absolutely phenomenal game!!! Hands -off the greatest game in history. first off, this game has various mini-games including fishing, harvesting,and even running the restaurant! I always loved this game even as a kid, and starting all over again is such a joy. I highly recommend all ages play this. it's a fun, relaxed,and calm way to level up your culinary skills and even impress Mama herself!! there is so much in this game to explore and I hope you enjoy your culinary journey in this game!",5,88,1.123.1,2025-10-15 04:06:38,,,1.123.1,jp.co.ofcr.cm00,Cooking Mama: Let's cook!
56925b65-5f95-45ba-b6e4-b9b1d7a9e6de,Ricky Gamboa,https://play-lh.googleusercontent.com/a/ACg8ocJjLjc704QQod3Czj_XPL71CVlOW_o0C2HfInV0d5dixBo91w=mo,relaxing,5,0,1.123.1,2025-10-14 21:05:26,,,1.123.1,jp.co.ofcr.cm00,Cooking Mama: Let's cook!
dffb5980-6d57-44aa-92c8-483fa59d4577,Bagas Junio,https://play-lh.googleusercontent.com/a-/ALV-UjV0rHqB7LEcrjkeBkmtueTthD9GLsiZF-rE66MdvWl6M0cvmjUK,"actually the game is good, but why it is too many animations, like if you already done for cooking, then they will gave us many many actions, like ads, accepting doll(?), and others, and we need to click the X one",5,44,1.123.1,2025-10-14 15:39:26,,,1.123.1,jp.co.ofcr.cm00,Cooking Mama: Let's cook!
53f69bb0-f34b-4dc0-b007-72c6dc6d1a35,Priyanka Nayak,https://play-lh.googleusercontent.com/a-/ALV-UjUpz7vYTXBZs4mpNjzMa_PrHVlZ03KoY9jv-3pXw2UN9F3jAP-1Zw,ukppp,5,0,,2025-10-14 09:28:25,,,,jp.co.ofcr.cm00,Cooking Mama: Let's cook!
7e28e7d6-ef4e-4fc5-94d8-d698814e6b04,usud,https://play-lh.googleusercontent.com/a-/ALV-UjWRZ5n5Pc2e3h60OKnFrqld9oRSeIgWdPmHzyiLhtFJMPT-atuq,10/10 one of the most serious games of all time😂🙏,5,0,1.123.1,2025-10-14 08:59:41,,,1.123.1,jp.co.ofcr.cm00,Cooking Mama: Let's cook!
cada03b6-dff1-4ce9-a697-3a795fd4de8e,Raisa Batolina,https://play-lh.googleusercontent.com/a-/ALV-UjUPRNX90PJa2CtNEgakZ-TfsQo2Y93_Ak_unH0crRgIMS_u47M,this game is so nice 🙂,5,0,,2025-10-13 11:09:16,,,,jp.co.ofcr.cm00,Cooking Mama: Let's cook!
e8c1c2ce-a00d-49f7-9915-927a0d6eb3a1,KayLynn Cepeda,https://play-lh.googleusercontent.com/a/ACg8ocKkY3qGlEai5yTiNMWbUhcXSHZAbVruku5NSEa6NIyRRXm9aw=mo,"This game is awesome! Orginally downloaded this app because I was bored and looking for something to do while on a long car trip, it's an offline app so you can play it anywhere. Ads don't appear much. Suggestion though, firstly. The first time I opened the app there was a pop up, and they happen a lot more than ads. So please less of those. Lastly I enjoy how you can change mama's hair and stuff but can we change the skin color? But besides that this game reminds me of animal crossing!",4,52,1.123.1,2025-10-12 07:53:08,,,1.123.1,jp.co.ofcr.cm00,Cooking Mama: Let's cook!
fbcdb725-a981-4d5f-a155-5e1e8424b9c8,fathan Ahza Khairullah,https://play-lh.googleusercontent.com/a-/ALV-UjXX3KZswVFzBQmCoXoxY592EbAVrVQ82oQyK7vnymKfaPWooQEh,"seru bgt, game masa kecil 🥺🥺",5,0,1.123.1,2025-10-12 05:26:31,,,1.123.1,jp.co.ofcr.cm00,Cooking Mama: Let's cook!
41d5573c-507a-468f-97a4-b578fe16cf4f,evewilliams68,https://play-lh.googleusercontent.com/a/ACg8ocI6xDVt74N32PELk60vubwkV5x6GfpnXejz8anqEjuBLnwIEZdJ=mo,I love this,5,0,,2025-10-10 06:41:47,,,,jp.co.ofcr.cm00,Cooking Mama: Let's cook!
5e5f03a2-d0dc-491a-a2ae-7ed7ee2178a3,Nuzhat Naaz,https://play-lh.googleusercontent.com/a/ACg8ocJGnntK3WZvVk0eISX4v71bdV_-G5mVkGeDJHOw-iY0Mxqz_A=mo,"It’s my childhood game, and I really love playing it! Guys, if you were a kid and didn’t play this game, then you missed out on a big part of childhood fun! 😊",5,5,1.123.1,2025-10-10 00:17:27,,,1.123.1,jp.co.ofcr.cm00,Cooking Mama: Let's cook!
8a04ad3e-aefe-4d90-aef0-b8949a01f259,Sumaila,https://play-lh.googleusercontent.com/a-/ALV-UjWt_VV4-nEfbf4Gq-C3y4GWH6qTn1bKFfdviWil0J5SZJAOGkCv,This game is my childhood nostalgia 😍🌷 yupppp it's best for kids to learn cooking and with fun 😍,5,0,,2025-10-10 00:16:50,,,,jp.co.ofcr.cm00,Cooking Mama: Let's cook!
9a0090cd-50e4-4e9e-8945-725eaefc3ae4,DILSHAD JUNEJA,https://play-lh.googleusercontent.com/a-/ALV-UjV4bjFg8qqK1k7gVa4xFG2UDfntgerpiscyT4cp46Bcj1hXKJ4J,👍🏻,4,0,,2025-10-09 15:10:44,,,,jp.co.ofcr.cm00,Cooking Mama: Let's cook!
b781b6af-07af-4b37-a593-4f20ca1fc873,Jennelle Aliling,https://play-lh.googleusercontent.com/a-/ALV-UjU0YsKDar7uFGTFnQd_hWlj7OkARJRf6MnfpsS0bOovZijXZOny,it's funn but I don't,2,0,1.123.1,2025-10-09 08:55:28,,,1.123.1,jp.co.ofcr.cm00,Cooking Mama: Let's cook!
211439e0-230b-453b-a1d5-2b514be0dfd5,Zaica Padasas,https://play-lh.googleusercontent.com/a-/ALV-UjWyIYzWZPbyoG_kkEQqJNrTOMg0yOYH2sYxX8pTg_Tt0Am1Ws0z,Played this since my childhood also with nice gameplay in my opinion but please make some or more recipes free to make,5,0,,2025-10-07 14:36:45,,,,jp.co.ofcr.cm00,Cooking Mama: Let's cook!
fe7ccbc9-0d0a-4393-8dc6-002523c3a838,Christine Joy Gavino,https://play-lh.googleusercontent.com/a/ACg8ocK3MozYsFyKdS7r-xv8SLeiWNz6R1SbVvOAzbdHlhEs0YMmQw=mo,I love it,4,0,,2025-10-05 10:53:17,,,,jp.co.ofcr.cm00,Cooking Mama: Let's cook!
7d06ea6c-6e77-4974-96f1-be5a0cd57d3b,Random person,https://play-lh.googleusercontent.com/a/ACg8ocLevkKIdIiVHkx0h052kfdcJn9rnYLlzlbiBVtCQad2VNBxNA=mo,THE OG!!,5,0,,2025-10-05 07:35:06,,,,jp.co.ofcr.cm00,Cooking Mama: Let's cook!
2e758269-3e18-4df4-87f0-b206f4f84985,Sam Arcay,https://play-lh.googleusercontent.com/a-/ALV-UjX7O6w_NX5aWZsymBP5bcdm3NZQ6w_0ukvBoKBD0Dosd99MlKw,this brings me back where I used to love this game and this game actually inspired me to become a chef,5,0,,2025-10-04 17:50:03,,,,jp.co.ofcr.cm00,Cooking Mama: Let's cook!
3ee4e23f-4116-4090-840f-d9f84651ddf3,Sigma Donkor Fam ipad,https://play-lh.googleusercontent.com/a/ACg8ocKY86Oav06An7mTXi1rBPd7T8IFjd4fk-jDt86QWenwVGNT1w=mo,"A pretty fun game,it can help you with cooking,for me it was a bit confusing but overall it's a really great game!",4,2,1.123.0,2025-10-02 16:23:00,,,1.123.0,jp.co.ofcr.cm00,Cooking Mama: Let's cook!
f645c502-a6e3-405e-9eb6-c44f6d0ec9f3,Kaylee Garner,https://play-lh.googleusercontent.com/a-/ALV-UjXsYMMPvabBvpVjIOkHNA0F7C0QCw7Id14KbzWjmff6I5T9wmE,"Played the game on Nintendo 3DS. Grew up on it and have loved it since. Highly suggest the game, it is awesome.",5,0,,2025-09-30 00:27:39,,,,jp.co.ofcr.cm00,Cooking Mama: Let's cook!
ec33ccb5-1623-41f2-983d-9f116930ed35,ghost seeker XIII,https://play-lh.googleusercontent.com/a-/ALV-UjVXnHNAx-yX-toL44ewYmB-DzBntzPsD7-jSos_KLVZ0_jRBizf,it is so magnificent it reminds me of the old days I used to olay cooking mama alot my mom got me two versions of the game it was great on the first one and this app is amazing,5,2,1.123.0,2025-09-28 04:24:41,,,1.123.0,jp.co.ofcr.cm00,Cooking Mama: Let's cook!
51a38b1d-28a5-4138-92a0-36a5330f5404,ashlynn miller,https://play-lh.googleusercontent.com/a/ACg8ocIvncznJrA3PaUXbrhk_KcVFyze6LqIrh98ZC0KpshO_uDZ-A=mo,"Used to be such a good game, now it's just way too buggy and the clock goes way too fast for you to even finish a task. I had to struggle with scooping onion bits into the bowl because there was one tiny piece that wouldn't move and the clock ran out of time way too fast",1,4,,2025-09-27 11:20:34,,,,jp.co.ofcr.cm00,Cooking Mama: Let's cook!
869641c6-ddea-42e3-a0f7-3dd0ae5f8a70,Kik05,https://play-lh.googleusercontent.com/a/ACg8ocKH5qZ1U5frBukXma8WZGZh19VXmSEHhq8J9-qEg0W7_rFwnVE=mo,"had high hopes for this game. the main reason why I downloaded this was to actually try the recipes irl but the game is so slow and it gets boring after a while. i had to wait so long just for another new recipe. but yeah, its fun to play. would recommend to kids who enjoy cooking. also, cant play it offline even after downloading recipes which is a minus point since its just a simple cooking game.",3,0,,2025-09-26 23:34:51,,,,jp.co.ofcr.cm00,Cooking Mama: Let's cook!
c96da1c4-be44-4c89-9081-e024546ae03c,Nadin Sayang Bunda,https://play-lh.googleusercontent.com/a-/ALV-UjUd4W9Jrnu89Uqxs5BCENOqAe910qAbeDG-P0XTap17FKSyzng,ilovethisgamemwah,5,0,1.122.0,2025-09-25 16:14:24,,,1.122.0,jp.co.ofcr.cm00,Cooking Mama: Let's cook!
a7d34abf-1156-443f-91a2-498b5162315d,deepa chowdhary Deepa chowdhary,https://play-lh.googleusercontent.com/a/ACg8ocLw89zTQikBu_Q4JF-he9xHnD8Jk1SOZA7YewkP5JNoeWVCTA=mo,very nice ☺,5,0,,2025-09-23 18:12:20,,,,jp.co.ofcr.cm00,Cooking Mama: Let's cook!
1b9866b1-7802-44d6-abd1-7ec11daff141,Arshia Ghobadi,https://play-lh.googleusercontent.com/a/ACg8ocKFG7wjl814DAK5AUVouT-DSBm7zo7K0FcBv8YmBStlc1xBeA=mo,just like real life I can't cook even if my life depended on it,5,0,,2025-09-23 03:43:10,,,,jp.co.ofcr.cm00,Cooking Mama: Let's cook!
21e2a91e-038a-4e64-8868-09b28d8cc71d,Sarah Martin,https://play-lh.googleusercontent.com/a/ACg8ocKRUQT4IYnPmX14fztjTTQ6y5jWxexT6lJb5_LaEpLyEb6uAA=mo,"This game is awesome! The only thing I want is that can you make recipes permanently unlock with coins? The free recipes are: Salisbury Steak, Cheese Omelet, Cupcakes, French Fries, Egg Tarts, African Chicken, Mendiants, Clam Chowder, Sushi balls and the soup recipe. Its quite a bit but I would like to make a pizza or some other recipe for permanent use for coins. This probably wont happen though.",5,230,1.122.0,2025-09-23 01:08:39,,,1.122.0,jp.co.ofcr.cm00,Cooking Mama: Let's cook!
c6f9ae52-2d53-4d25-b159-ff6a608895a2,Lilia Manubos,https://play-lh.googleusercontent.com/a/ACg8ocJobfSLJKsGKOvUB2VBa-pPEGeiNR5W1CaatjPJPSpec_Fsiw=mo,I learned how to cook here..,5,0,1.122.0,2025-09-22 18:31:04,,,1.122.0,jp.co.ofcr.cm00,Cooking Mama: Let's cook!
6628e7e5-23bc-4618-bffc-3acd84e4ccd1,Astro,https://play-lh.googleusercontent.com/a-/ALV-UjUqKCY4vqtHxaCbX0ys1swZ63S1fObfQE4mrAii3_imbQ5_UvpdwA,I like OG cooking mama but this has so much pop ups like no I don't want to go do all of this stuff I just want to cook,3,0,,2025-09-22 13:41:43,,,,jp.co.ofcr.cm00,Cooking Mama: Let's cook!
ddd0a13a-0e80-448f-96c1-39d0208c299b,Nares Giannes,https://play-lh.googleusercontent.com/a/ACg8ocKlOim2oYfpF-qvBGm3zNhrbtqglmQ48dcA4_sTXibDD45yww=mo,cooking Mama INI sang at menyenangkan sekali sample visa do apdetae,5,0,1.105.0,2025-09-22 11:56:13,,,1.105.0,jp.co.ofcr.cm00,Cooking Mama: Let's cook!
f1a17a85-bd04-454e-8e58-4095a5d8cdc9,Alexandra Mora,https://play-lh.googleusercontent.com/a-/ALV-UjXLsEPtIosPs09oZNc1G8vd2hC-H1cZg_xuDct3JmQ4GLdJ8mHA,Literally my entire childhood.,5,0,,2025-09-21 22:43:34,,,,jp.co.ofcr.cm00,Cooking Mama: Let's cook!
10050f53-5f57-4e8f-a4e5-ee4b0df67fd4,Iav,https://play-lh.googleusercontent.com/a-/ALV-UjUcDp2zTJ3m2YtSKcWG8cIKoCHzd5S72JywKwiXIHJF2sOhjfw,"this game is so nostalgic, i loved it sm when i was 5 or 6. now that i'm 15 i decided to download it back and now... the game feels overstimulating (or overwhelming as another word for it) and it feels like there's just too much ads.. i don't remember cooking mama being this bright and fast like this? i feel nauseous just from a few mins of playing this game :'(",4,1,,2025-09-19 11:55:57,,,,jp.co.ofcr.cm00,Cooking Mama: Let's cook!
9b8e924f-01c6-4c8e-90c7-46c8dfd0c4a4,allison (allison),https://play-lh.googleusercontent.com/a-/ALV-UjUYgm2O8RfbDc4ToCkhGQhXHPex_2E6Jt89s2dJQabmMlMy-uOubg,im overstimulated,5,0,1.114.0,2025-09-19 01:03:53,,,1.114.0,jp.co.ofcr.cm00,Cooking Mama: Let's cook!
e4f4ec6e-f544-4f7b-8982-e7c587baaf0c,Badman inc.,https://play-lh.googleusercontent.com/a-/ALV-UjWbAWbfojLEvJAUgNyV5sGSGkQetUnDYUCB3BRt7Y_tXX7Vims,game looks really fun but putting ads and forced ads is 2 big thumbs down get rid of the ads and then I'll re-download the game....just turning into a gotcha game and get rid of the ads but you won't do that will you oh well it really was fun to play but....well you already know.,2,2,,2025-09-18 23:37:19,,,,jp.co.ofcr.cm00,Cooking Mama: Let's cook!
c571da4c-b75d-4980-b234-d1a5b06a9634,Mahya Parsa,https://play-lh.googleusercontent.com/a/ACg8ocLxUD-x_nRoYQoz7ht_gm0ZdezULP-hgyjhfflOaLIeU9cpng=mo,great 😃,5,0,,2025-09-18 21:13:36,,,,jp.co.ofcr.cm00,Cooking Mama: Let's cook!
74d6a040-1466-419a-a03c-0fb71d3c2b43,Katherine Stonebraker,https://play-lh.googleusercontent.com/a-/ALV-UjUdcR9UQ4e76o8yL1JfDHNnrKqK9MuAsMYMnQcA6XzNx6LmACU,cool game. wish there were more recipes.,5,0,,2025-09-18 21:12:02,,,,jp.co.ofcr.cm00,Cooking Mama: Let's cook!
a53a4ef6-2740-42d2-9cdb-9456c3bb1b82,FuniXD,https://play-lh.googleusercontent.com/a-/ALV-UjXyoTb3tA_2EJ_O52adEJUfJq18fXu6pIYXbvyXlPzvVZlvqKg,80% of the game is behind a paywall. how the hell I'd enjoy that??,1,1,,2025-09-17 19:20:07,,,,jp.co.ofcr.cm00,Cooking Mama: Let's cook!
41504729-41ba-4f7d-acd6-bfca551355d5,Franchille Perez,https://play-lh.googleusercontent.com/a/ACg8ocKbUd9eQar0f2Xs-olCw0Cv3QG8IabkJG0NKFXJTNhBIeqS-A=mo,I like it,5,0,1.122.0,2025-09-17 11:18:02,,,1.122.0,jp.co.ofcr.cm00,Cooking Mama: Let's cook!
9769408b-748e-4945-879f-50931c91e86f,Angelina Krstevska,https://play-lh.googleusercontent.com/a-/ALV-UjUZFLzkBu4X7EBiMC2GG47Sm14qLoaoTArBNwY7IVG9BWB8wOQ,I tried it for the first time and I've been playing it every day for 3h straight I luv this game-,5,0,1.122.0,2025-09-17 00:12:37,,,1.122.0,jp.co.ofcr.cm00,Cooking Mama: Let's cook!
0010a542-28d1-473d-8248-5a23db5f4d3f,Termeh Vahidhosseinnia,https://play-lh.googleusercontent.com/a/ACg8ocK-568OBKBXwa9mMcF2yIf-xFeveYPNVN7ZCCmmcQnJOaE2QA=mo,🤣❤خوبه,5,0,,2025-09-16 16:15:07,,,,jp.co.ofcr.cm00,Cooking Mama: Let's cook!
5f572fde-2e5c-4b91-a2f8-d99e3e4ae589,Bintang Pratama,https://play-lh.googleusercontent.com/a-/ALV-UjXQ-rx5KeDlfSrJpKayLT1YJMvWWBrHZCH4hzplXorvQoME55JK,i love this game so muchh,5,0,,2025-09-15 17:18:15,,,,jp.co.ofcr.cm00,Cooking Mama: Let's cook!
697fa016-63b9-4806-bc3e-b67505fdbe69,Takondwa Chabuka,https://play-lh.googleusercontent.com/a/ACg8ocKlcq_e6HWrG3AkjLydGobojxnDTnKohSjc_f4T7haL1t6emw=mo,nice,5,0,,2025-09-14 19:33:41,,,,jp.co.ofcr.cm00,Cooking Mama: Let's cook!
43bdeee9-b8a5-4526-83e9-e7dfd3d79f69,TeaTea Hudhud,https://play-lh.googleusercontent.com/a/ACg8ocK2kf2RUgGhXFbMdlYfKNuNy64pDiTgrScgZaZUea9u36hcSg=mo,I CANT STOP PLAYING THIS GAME,5,0,1.122.0,2025-09-14 01:04:02,,,1.122.0,jp.co.ofcr.cm00,Cooking Mama: Let's cook!
2299e6f0-f363-466f-a3d5-e07e9c04815c,Maite Mendoza,https://play-lh.googleusercontent.com/a-/ALV-UjXzeAnBUh_a1MB6sApjDThn6GlFsKTFoZJpkoNU1jND7O_ywDdY,it is a good game it's fun and you can learn new recipes!,5,0,,2025-09-13 21:37:33,,,,jp.co.ofcr.cm00,Cooking Mama: Let's cook!
3fba6fd7-1cbb-46ff-af23-e5c5ada43085,Batanani Moroka,https://play-lh.googleusercontent.com/a/ACg8ocJKzFGgEpV7OlJYSxO41laeak15gkzIk8okb26UKIB5uFRX8w=mo,It's very nice game and challenges are very goog,5,0,,2025-09-12 03:30:24,,,,jp.co.ofcr.cm00,Cooking Mama: Let's cook!
70498e10-bcbf-4e50-8abd-fea301c6079d,Harriet,https://play-lh.googleusercontent.com/a/ACg8ocI2WUQHFh8BJI61nioeh8SDldwBjYt9SiFH2ZhA8uAj5hhH3w=mo,downloaded it before mama hits you,5,0,1.122.0,2025-09-11 22:40:20,,,1.122.0,jp.co.ofcr.cm00,Cooking Mama: Let's cook!
1f8c6c07-248e-4544-b100-d8e708634e14,Ayesha Journey Widrig,https://play-lh.googleusercontent.com/a-/ALV-UjXrAR_2OemjCbcnItpUN1_95MerpiZdggXpx0wtymAgACjQ5sPe,"The game is so fun; the only thing that genuinely bothers me is how difficult things is now. Cutting meat in SpecialChef is quite literally impossible. I've gone fast and slow, top to bottom, staying in the middle, fast at the bottom; nothing works, and it makes no difference. I'm either barely reaching six or just beginning to cut seven. I've searched it up, looked for cheats, made other friends do it, used an auto-swiper that goes 100 milliseconds every swipe, and nothing is working. Fix this!",3,24,1.122.0,2025-09-11 07:58:55,,,1.122.0,jp.co.ofcr.cm00,Cooking Mama: Let's cook!
c2219d61-875f-47fb-aa7c-b16503a13521,Jhayleen yzabel Togonon Talaba,https://play-lh.googleusercontent.com/a/ACg8ocIP-MaM4RGixfFeLUlz0rDiibCdRfXGcZx-XO_T-s9i8vwpkA=mo,hand,5,0,,2025-09-10 15:39:59,,,,jp.co.ofcr.cm00,Cooking Mama: Let's cook!
1bb22c80-d1e8-4f1f-bbaf-8027dabce6be,TheDome,https://play-lh.googleusercontent.com/a-/ALV-UjXpHFXp7HKy7ztbUYDNQmkJrY9MOAAwqjtu1lgIpEbNfDe5tT0l,Please add recipes for chicken wings!,5,0,,2025-09-10 04:24:07,,,,jp.co.ofcr.cm00,Cooking Mama: Let's cook!
e7f7cf56-b7d1-4699-a482-ae8497e0ca25,razan RRRED,https://play-lh.googleusercontent.com/a-/ALV-UjWU44ZlMhSE5yVM1Cr9-9Q2CojfkUtsKgbsb5s436-5peXk1dk,I luv dis game chat :3,5,0,,2025-09-09 02:38:31,,,,jp.co.ofcr.cm00,Cooking Mama: Let's cook!
ac8de5c4-b4f7-48c3-800b-c3bf6a970be4,Franchezka Grace S. Peralta,https://play-lh.googleusercontent.com/a/ACg8ocJTaQxN0rKsL2tXbLYnI75llImzl3d2iK4hZ0CMMAXqcldqAQ=mo,please put a dog on this game please,4,0,,2025-09-08 08:36:49,,,,jp.co.ofcr.cm00,Cooking Mama: Let's cook!
d5701d89-c396-4a0b-8f0e-e8e193fb091d,Esmeralda Del Valle,https://play-lh.googleusercontent.com/a-/ALV-UjWGpKANYiDavcHVJR-awlG2MlPtBgduolb4rYGN2DLikiq14FLg,:Dദ്ദി‎◍˃ ᵕ ˂◍),5,0,1.122.0,2025-09-07 21:07:29,,,1.122.0,jp.co.ofcr.cm00,Cooking Mama: Let's cook!
dbba3aef-3dec-4867-8cce-efc5d3811e26,"HIDALGO, John Jacob M.",https://play-lh.googleusercontent.com/a-/ALV-UjWJBp2JDbqJKSG-5_83L92qwT1NL-y1YtSZ6tX4C7FoW1mDxiGc0w,I love cooking mama 👩‍🍳,5,0,1.122.0,2025-09-06 20:25:01,,,1.122.0,jp.co.ofcr.cm00,Cooking Mama: Let's cook!
ce54df73-2f17-4a4f-a0e3-3823c77017d6,anx,https://play-lh.googleusercontent.com/a-/ALV-UjVa_Rfgjd8NVCJ7WAYlSMAs-KiSeIKCwcolCAVoqmaStFaHYcLdOA,"its great, its honestly fantastic, i just WISH you arent CONSTANTLY bombarded with ads. the visuals are amazing, the gameplay is amazing, its all amazing. i wish there was a premium version of this where you can buy it so you wouldnt get ads and the devs would still make money? its honestly such a disappointment because of how amazing this game is",4,33,1.122.0,2025-09-06 19:55:19,,,1.122.0,jp.co.ofcr.cm00,Cooking Mama: Let's cook!
00118748-e1d3-41e4-bb9f-46894166e326,lim ching yoek,https://play-lh.googleusercontent.com/a/ACg8ocLmPZobC_eMriFg8W9k35rmmv8luCFqaXuaz5H38YLBq6TUZA=mo,Terrible in game adv that is unable to close. The advertised video is unable to skip and always auto point to play store,1,0,,2025-09-06 14:38:56,,,,jp.co.ofcr.cm00,Cooking Mama: Let's cook!
beed4ba0-a544-4956-8b0d-5c084fcc198e,andrea,https://play-lh.googleusercontent.com/a-/ALV-UjW7P1X9xaHaYGvQqIhJC7qlbiNk9up2Qnu18h_rf9i7T30zTBXQ,nays gim,5,0,,2025-09-05 10:28:22,,,,jp.co.ofcr.cm00,Cooking Mama: Let's cook!
e0a54e7a-4260-4472-9750-74acce372e61,Tobias Thompson,https://play-lh.googleusercontent.com/a-/ALV-UjWNMKy2f9HxmxMzWLC7C3G95V6hr8Cypn7wKx1hg4423vrhVIOd,Just get a DS,2,0,1.122.0,2025-09-05 09:08:30,,,1.122.0,jp.co.ofcr.cm00,Cooking Mama: Let's cook!
a06148bb-bb35-46b4-95be-1fad8b7648e6,eshu robloxyt,https://play-lh.googleusercontent.com/a-/ALV-UjUMKszzJJjrFRW3-GXs2-AHpF3oA-ejC_QqbO4AyoZAkplkwQ0,cool game plus no ads keep it going,5,0,1.113.0,2025-09-01 19:48:10,,,1.113.0,jp.co.ofcr.cm00,Cooking Mama: Let's cook!
042a7208-0764-4573-9c64-c2d8b1ee0720,Gabriella I. E. Melodi,https://play-lh.googleusercontent.com/a-/ALV-UjXXWH3bNaOQvDS0WyjtZPkDTj1LyRiaQY6-2Qq78VL7m9LhPgkv,Childhood game tbh,5,0,1.120.0,2025-08-30 20:47:04,,,1.120.0,jp.co.ofcr.cm00,Cooking Mama: Let's cook!
da5ca24c-1e79-4637-a14e-e85e4acb5531,Diane Anika Tundag,https://play-lh.googleusercontent.com/a-/ALV-UjWbupB4PzGjXC3zUV1TUQytAzQpF9kBIMc9eCvzT8JIWSJ9NAk,this brings back memories even though I hate it when I mess up cooking but I don't really care about that this game was fun! I used to play this as a child and I got mad every time I messed up like burning or cracking the egg too fast or too slow and other foods that I am mad about but still a fun game.,5,64,1.122.0,2025-08-30 17:39:49,,,1.122.0,jp.co.ofcr.cm00,Cooking Mama: Let's cook!
c8024ac7-df8f-4345-a43b-a58792161e61,Noraizah Ramli,https://play-lh.googleusercontent.com/a-/ALV-UjUMKyvFaT2PdJuLO2HPaKDePr7BiMjnhpQcOQjzCTC2UaFXIot6,i love this game so much ;-;,5,0,1.121.0,2025-08-29 12:21:40,,,1.121.0,jp.co.ofcr.cm00,Cooking Mama: Let's cook!
011ae224-4e3b-4994-9b1e-5432014945ed,April Hodgman,https://play-lh.googleusercontent.com/a-/ALV-UjXrI-UpxwnMjjJ5j-EnxAE9eqGOvn2cCEEKpG1qpANzKedUM5x9wg,I love it,5,0,1.121.0,2025-08-28 00:05:05,,,1.121.0,jp.co.ofcr.cm00,Cooking Mama: Let's cook!
94b7a297-34bc-4eff-8640-426877d8ddaa,Zain Amjad,https://play-lh.googleusercontent.com/a-/ALV-UjU3SrlSOW7h8HfRLtPaH0ds7UdghjeioM0D5xSiebbEuAJ4RBw,love it,5,0,1.120.0,2025-08-26 21:45:22,,,1.120.0,jp.co.ofcr.cm00,Cooking Mama: Let's cook!
4283d155-eb8d-4fdf-b0d2-249e063bf0dc,Sasha Rivera,https://play-lh.googleusercontent.com/a-/ALV-UjUcAOBrWSchX9QpImnq6E-69jX2sxWL1jGqP8v_26_XxJHbeSs,I like the game it's just that it gives you very little time to do things and I have to rush a lot honestly everything else is really fun except for the fact that if you don't have enough seats customers will leave which is like any normal restaurant game but I just really wish we could get bigger upgrades at first so that way we can have more space to fit more customers but I really do like it kind of like the original🫶☺️😑😮‍💨🤤,4,1,,2025-08-25 11:09:58,,,,jp.co.ofcr.cm00,Cooking Mama: Let's cook!
d5e50efe-c5c8-4eca-941b-de7bada8ba00,Elena Roshanshah,https://play-lh.googleusercontent.com/a-/ALV-UjWOSQ8XXKULzxkGb_9JWBTv8kafSWEndyhA-Azg3PJmYIGtV6Dg,i love this game:),5,0,,2025-08-24 21:42:43,,,,jp.co.ofcr.cm00,Cooking Mama: Let's cook!
a9178e5b-9083-4983-bf3f-964c1bf7ae82,Almie Jean Davin,https://play-lh.googleusercontent.com/a/ACg8ocKLHnTTktDlXQd8dAClI_vIWdzoyfgYJ3Jt02YLicMmUnLJSQ=mo,this is my Old childhood game. but now I forgot how to play. but still my favourite game🥺,5,0,,2025-08-23 08:48:43,,,,jp.co.ofcr.cm00,Cooking Mama: Let's cook!
36a555d7-5ccc-40b7-be8a-6fe93f540127,Armish Tariq,https://play-lh.googleusercontent.com/a/ACg8ocKumybfp-yKwKSvvJQrPKJR98BKQCmDnDJs0etm3kET81G_zLc=mo,When I was young I used to play this game but now when it is my turn I still play it because it is such a good game i love it🙂🙂,5,0,,2025-08-23 05:47:16,,,,jp.co.ofcr.cm00,Cooking Mama: Let's cook!
8fdbeaa1-5068-452b-aa86-29dfdd74f8d4,Zoe Ali •_•,https://play-lh.googleusercontent.com/a-/ALV-UjU-ybC_VHkAiHdcdHSruFi234cCXk_5lu_MvchSIiprRpVTnISP,"cooking mama is such a cute 2000s game , sooooo juminocore as an app in general , not very stressful and very easy to understand, it's quite vibrant and crowded but to be honest that's the reason its so cozy and fun! Overall 5 stars",5,79,1.121.0,2025-08-22 21:23:51,,,1.121.0,jp.co.ofcr.cm00,Cooking Mama: Let's cook!
94965c53-74e1-4f31-9b1d-d139b3c50755,Mirab Imran,https://play-lh.googleusercontent.com/a/ACg8ocJG3ItnkKLBhDuXJBEgPtCiAlhlsCHI7OqXW6RUW5gcRrrwUA=mo,very very good game to play with friends on PC cooking mama this game is also play with your friend and PC and I love love love love love love love love this game because this game is for kids kids and big and old man old girl this games for all type and this is like cartoon cartoon cartoon cartoon cartoon cartoon my brother sister love this game and enjoy this game and I love this game bahut acchi game hai kya kah sakte hain yah Maine Jo upar English bahut mushkil se boli hai kyunki main Urdu,4,0,1.121.0,2025-08-21 21:38:12,,,1.121.0,jp.co.ofcr.cm00,Cooking Mama: Let's cook!
