reviewId,userName,userImage,content,score,thumbsUpCount,reviewCreatedVersion,at,replyContent,repliedAt,appVersion,app_id,app_title
eb613b9f-4dc5-4064-be25-e7ce4637bfd1,Pelita Ariate,https://play-lh.googleusercontent.com/a/ACg8ocLtxcEn8_q81He5DsGWX20R86zx6lI5bf7oxFCqvJiZvHFzsw=mo,it's really cool,5,0,496.0.0.10.103,2026-02-19 16:11:30,,,496.0.0.10.103,com.facebook.lite,Facebook Lite
bbf1dab3-840c-4a06-9ae9-6445b07ce1c5,Md Mojaffor966,https://play-lh.googleusercontent.com/a/ACg8ocIdYEJGt_drGxfSzMAE5QyuPcgR3XHC0wtHcEqqZq8jbN5C3g=mo,good,5,0,499.0.0.9.106,2026-02-19 16:09:56,,,499.0.0.9.106,com.facebook.lite,Facebook Lite
43248855-b919-41e3-996a-93f8f0eb5ee8,Faith,https://play-lh.googleusercontent.com/a/ACg8ocKkFYomdQ7VYu5iljX2g1i8YxjpCAJzbI4BvfFIlrT20G7u_Q=mo,very convenient uses less data,5,0,497.0.0.19.104,2026-02-19 16:04:08,,,497.0.0.19.104,com.facebook.lite,Facebook Lite
b735b1d5-a8ea-4975-9a76-9f4f53c3e94a,Joseph Adam Wyngaard,https://play-lh.googleusercontent.com/a-/ALV-UjVO-mqSInvumW-pGs5h4HlRNUmrwPozdHW-K_lqTjMykrw1gUo,No complaints,4,0,497.0.0.19.104,2026-02-19 16:02:32,,,497.0.0.19.104,com.facebook.lite,Facebook Lite
236b8207-e004-4c0d-9896-ab58ea0a838e,Lawal Maifada,https://play-lh.googleusercontent.com/a/ACg8ocIqSQ1i1wYZ6fXOi9e4x-cBvTDvJJ2jb5rC0JegQVN79aZ9_Q=mo,Very good experience,5,0,,2026-02-19 16:00:15,,,,com.facebook.lite,Facebook Lite
adfa2d05-881f-4173-a2fb-2a01ea895f5e,Hleketani Chabalala,https://play-lh.googleusercontent.com/a/ACg8ocLLWEnfE2a9Br4XCRKZZ854sG8CiUdIULaBPKf0f4pUPqheyQ=mo,outstanding,5,0,499.0.0.9.106,2026-02-19 15:57:49,,,499.0.0.9.106,com.facebook.lite,Facebook Lite
2bd101ef-9f03-42a2-8c43-a118cc895c30,Castrol Mayonda,https://play-lh.googleusercontent.com/a/ACg8ocK01mjBbbgLFfcM_5getRPd3Fx0xX_jC0_IgBxDd4Y1YdvARg=mo,my account,5,0,493.0.0.8.108,2026-02-19 15:57:41,,,493.0.0.8.108,com.facebook.lite,Facebook Lite
fcdb29d1-4587-48d8-aa45-b93a9e639e50,Darliz Macono,https://play-lh.googleusercontent.com/a/ACg8ocKW7sMYBWOEHSgpeoTeKq6Yu61oUpQn6Ing9nrYZmYvzi_k8A=mo,so far so good 💯,5,0,499.0.0.9.106,2026-02-19 15:55:17,,,499.0.0.9.106,com.facebook.lite,Facebook Lite
78f305a7-71ec-45fc-9455-966f68acc497,herman keta,https://play-lh.googleusercontent.com/a/ACg8ocKjau_RIG4Twvu92C8FZR-grGLmiksyLF42ggPjI85V39CZ5w=mo,it is the best of all apps,5,0,497.0.0.19.104,2026-02-19 15:50:34,,,497.0.0.19.104,com.facebook.lite,Facebook Lite
26955d87-24ed-4b84-a840-98e2602e24db,Daniel Platon,https://play-lh.googleusercontent.com/a/ACg8ocI7arjfGtO6QniOf-DVgQriOO7spcePtIqBdQg_86Bve3aaoA=mo,Good,1,0,499.0.0.9.106,2026-02-19 15:43:51,,,499.0.0.9.106,com.facebook.lite,Facebook Lite
7d28d522-5f56-41a4-babb-a3d796ca3cd3,mofizul,https://play-lh.googleusercontent.com/a/ACg8ocI93XUpEvPtrKuFpijExBYWs9FOm7pPfmg7CuAt-zgpkno6zQ=mo,It's work very well,4,0,497.0.0.19.104,2026-02-19 15:43:25,,,497.0.0.19.104,com.facebook.lite,Facebook Lite
5634b7b7-3a76-47be-beb2-958d04fe4fc9,Kim Gementiza,https://play-lh.googleusercontent.com/a/ACg8ocIpJ6Ejh2hZ3RpvjrrUBFgE3-ByHwEvdX39I32SIYBzA1nFqA=mo,good,5,0,499.0.0.9.106,2026-02-19 15:42:40,,,499.0.0.9.106,com.facebook.lite,Facebook Lite
45e3e188-f569-46cc-b1b2-a4bcdbe96925,Md Asif Ikbal,https://play-lh.googleusercontent.com/a-/ALV-UjXFFhuI_Vy2Bimoe5pfetMbbakb394EPFgsqlvAYoBlhmN8ayt-,good 👍,5,0,497.0.0.19.104,2026-02-19 15:40:03,,,497.0.0.19.104,com.facebook.lite,Facebook Lite
89c49ca3-5139-4f5d-bdc2-1ef95e1db45b,suneswar daimary,https://play-lh.googleusercontent.com/a/ACg8ocK_ZXX-AH8mnnR8o8Gwqf7eiuUXrwJNpOeJQYliIrl_OqF5OYg=mo,good,5,0,499.0.0.9.106,2026-02-19 15:39:28,,,499.0.0.9.106,com.facebook.lite,Facebook Lite
a2db19ed-1d4b-473e-8464-0bf05b1ce304,Sohan Ahmed Dipu,https://play-lh.googleusercontent.com/a-/ALV-UjXVAN30CK9QTHcXuR0ANU42UfZuGuhon8Z1LAh-KPdXif_HwR3gLg,ok,5,0,497.0.0.19.104,2026-02-19 15:31:07,,,497.0.0.19.104,com.facebook.lite,Facebook Lite
1a55af19-d40b-4cb4-9d0f-da81e02a4ff9,Dolan Das,https://play-lh.googleusercontent.com/a-/ALV-UjWpw5mWH9eJP1Xf-8nLAnbn9AagZM40qSvKc_E38oJRV772SZ7_,nice,5,0,,2026-02-19 15:30:06,,,,com.facebook.lite,Facebook Lite
0b44f3d4-40c8-4804-a87b-d26aa45660d6,Mrs White,https://play-lh.googleusercontent.com/a/ACg8ocJwKbxQcJ6QdGGV3a6NnlAqYw7-HyB2F5Df2Zge0ECxMFYeiw=mo,it wonderful 👏,5,0,499.0.0.9.106,2026-02-19 15:26:40,,,499.0.0.9.106,com.facebook.lite,Facebook Lite
b591f1a5-7252-4d07-8db1-cc4fd5a5c7f1,Datong Isaac,https://play-lh.googleusercontent.com/a/ACg8ocIez6KN-KqWDIYLOoj3Gbt5KCoX7HNXALnNn0I6Ere2Uwum=mo,excellent,5,1,231.0.0.5.122,2026-02-19 15:24:21,,,231.0.0.5.122,com.facebook.lite,Facebook Lite
eaafd064-4bc4-405f-9dd0-481de2c19034,Philip Andrew,https://play-lh.googleusercontent.com/a/ACg8ocJ2KN3PKI8Pq0rkLcgOYxw4ThZSoLQNHjCTx128Ct680grYNQ=mo,clearcut,5,0,496.0.0.10.103,2026-02-19 15:22:09,,,496.0.0.10.103,com.facebook.lite,Facebook Lite
f8c0772e-f118-4b65-91a6-93f9d421fbcd,Min Min,https://play-lh.googleusercontent.com/a/ACg8ocL6C8ZJ-HQJhEMYj9wx5FjScoeNSbnuv1lKD3IW2-3xRfQ5FQ=mo,good exp,5,0,499.0.0.9.106,2026-02-19 15:21:33,,,499.0.0.9.106,com.facebook.lite,Facebook Lite
4421ddab-bfe6-4ddb-9821-604ff1959655,Hafez Arman,https://play-lh.googleusercontent.com/a/ACg8ocLlZ-gD9DbPimAYv6rPw2GaPpCeQQrWS-2Ap_F7YVMngaJfFQ=mo,Good,5,0,499.0.0.9.106,2026-02-19 15:17:54,,,499.0.0.9.106,com.facebook.lite,Facebook Lite
daf2eb60-8061-4c67-b4b8-f4cabcc12f59,Varta Rout,https://play-lh.googleusercontent.com/a-/ALV-UjWgOFWSe2vIlBOqo6Mlw1SHvd_wTAhMS3ZYb7Vq-gWga5L5XVA,super,4,0,499.0.0.9.106,2026-02-19 15:17:37,,,499.0.0.9.106,com.facebook.lite,Facebook Lite
d3e0d684-2ed4-4a77-8621-c063090a9a0b,Riaz Ahmad,https://play-lh.googleusercontent.com/a/ACg8ocKHh5dlLqmM34j0YWigzg3KvGeo3RLyKWDR2d6XNNUPw7D9mA=mo,love you ❤️,5,0,499.0.0.9.106,2026-02-19 15:13:00,,,499.0.0.9.106,com.facebook.lite,Facebook Lite
b29fe199-6efb-4f45-aa72-7deb1264eda9,Qais Aslam,https://play-lh.googleusercontent.com/a/ACg8ocI4ZpsCOF5NkNYV_COnodCFtllJIUrLwC3aXHLGXwwpK2XYYg=mo,Alhamdulliah,5,0,499.0.0.9.106,2026-02-19 15:11:35,,,499.0.0.9.106,com.facebook.lite,Facebook Lite
0830f207-bbfd-49ed-9521-4c5a87a0db7c,Primitivo Lantapejr,https://play-lh.googleusercontent.com/a/ACg8ocL7bkIYyDhOhFwsHPbAS12R1vVwnJ_7cE8FdoJtGsie53kZ4A=mo,good fast reliable,4,0,495.0.0.10.108,2026-02-19 15:08:09,,,495.0.0.10.108,com.facebook.lite,Facebook Lite
5709daec-d818-444b-bffc-2b8aa73e1519,Chidera livinus,https://play-lh.googleusercontent.com/a/ACg8ocKLnOHRZ6TTt6_CHXzxu8WHUrljfKayX_gqHMH3EGGjJunLiw=mo,I love the app,5,0,,2026-02-19 15:07:26,,,,com.facebook.lite,Facebook Lite
50d6c486-dd86-4655-93bf-961915f4da8e,Anthony Rooi,https://play-lh.googleusercontent.com/a/ACg8ocLCtaPbq1zU5rf9PIgWWBYmf28u4EHmWn8KZYCMpV-y5Erytg=mo,nice,5,0,499.0.0.9.106,2026-02-19 15:05:59,,,499.0.0.9.106,com.facebook.lite,Facebook Lite
de8f5ee4-eae6-4b15-89d7-1d6c7d7a07c0,Penuel Mdumseni,https://play-lh.googleusercontent.com/a/ACg8ocLBZQ2LxAh6FdSctr5Uv0-evhj8NJKhpSXOyNst1RMopIc11Q=mo,good 💯,5,0,499.0.0.9.106,2026-02-19 15:04:55,,,499.0.0.9.106,com.facebook.lite,Facebook Lite
7530359b-1f4d-49f9-a79a-bca199799855,Baluwa James,https://play-lh.googleusercontent.com/a/ACg8ocKHTgZjXF5aTA9Ixfc-Z-SxmgMS3y-aVqmcPrLe0vq_OZom3w=mo,great performance,5,0,499.0.0.9.106,2026-02-19 15:01:28,,,499.0.0.9.106,com.facebook.lite,Facebook Lite
33120b19-391a-4ab8-9eb6-922ce3ea6600,Waris Alade,https://play-lh.googleusercontent.com/a/ACg8ocJtvNbTwWfCDOi8NrOrWN4OZAbD9l-LEZeYvkglL6P-ifWlJg=mo,suchfun,5,0,496.0.0.10.103,2026-02-19 14:58:12,,,496.0.0.10.103,com.facebook.lite,Facebook Lite
167a67d4-8504-4ceb-a76e-55b0f4edb322,Rovelyn Salazar,https://play-lh.googleusercontent.com/a/ACg8ocIGuwv7h0JiL-iwkkoNY4lJqAHlXb3LtMbRWdmKZrulOJJBng=mo,perfect,4,0,499.0.0.9.106,2026-02-19 14:57:47,,,499.0.0.9.106,com.facebook.lite,Facebook Lite
0befc929-c36d-4e76-8ac2-16cd233d9a94,Sagun Thegim limbu,https://play-lh.googleusercontent.com/a/ACg8ocJr6dJ9T4tfAquXkazv5pNfkPfb6wQpMQNIA87W-RHAITnaqw=mo,good app I'm very injoy,5,0,499.0.0.9.106,2026-02-19 14:56:09,,,499.0.0.9.106,com.facebook.lite,Facebook Lite
cf2544f3-3412-4e4b-8e2f-7ab89d551453,Patience Phesheya,https://play-lh.googleusercontent.com/a/ACg8ocKjLZIShAwb4AYax2mZh-JGNMmA_UF_n4lEgL1ijP1CMEO9=mo,I love the style of the app,1,0,499.0.0.9.106,2026-02-19 14:53:48,,,499.0.0.9.106,com.facebook.lite,Facebook Lite
7961668c-82b9-4701-b345-723f8ae77527,Raman Pundhir,https://play-lh.googleusercontent.com/a-/ALV-UjUZ6vuBb2SK9BLakROAPefZt9LBDkH7gju_HZNfTwHdyrgRj7w,ho gaya payment,4,0,497.0.0.19.104,2026-02-19 14:51:56,,,497.0.0.19.104,com.facebook.lite,Facebook Lite
b0391784-4576-4b96-bab8-439fb896e4a2,Berlito Bayeta,https://play-lh.googleusercontent.com/a/ACg8ocKj8KlTUH5HmZnUFsU9yHxvjI4gQJw3JpvjZqBb6O4oCywE4w=mo,sana all the kaw n ang lifetime partner,5,0,497.0.0.19.104,2026-02-19 14:51:10,,,497.0.0.19.104,com.facebook.lite,Facebook Lite
dd338458-8ae4-40cd-b0e3-2220507297e2,BD SHAON,https://play-lh.googleusercontent.com/a/ACg8ocIPyge883-jq15MzWgsW8p7cO34qCi_bzzfF8bfCP49O9fKQQ=mo,nice,3,0,499.0.0.9.106,2026-02-19 14:50:53,,,499.0.0.9.106,com.facebook.lite,Facebook Lite
bf32ecf3-1b7b-4a40-b948-8fabed8f2dfb,Katriona Mercadero,https://play-lh.googleusercontent.com/a/ACg8ocLjYrtK6WuxQ0LTuy2p4W3wImZ0utdVWhQ2t4pmXWF1cn9aNg=mo,4 star because so many needs to log in.,4,0,499.0.0.9.106,2026-02-19 14:50:28,,,499.0.0.9.106,com.facebook.lite,Facebook Lite
e4ef5823-60ab-43eb-8726-9bb84943dba0,Ajoy Adhikari,https://play-lh.googleusercontent.com/a/ACg8ocL9Ozard1zJA97n9VdOtoA4bVnq3wqf6dtspdtfarM5OFZy=mo,nice 👍,5,0,499.0.0.9.106,2026-02-19 14:49:34,,,499.0.0.9.106,com.facebook.lite,Facebook Lite
8ebe211a-c29d-43ea-8626-38ce3edbb18f,Munna Khan,https://play-lh.googleusercontent.com/a/ACg8ocJyBboiLoDN9wV4Y_jzpkAJGufORUY7FS2GY2RIWKpALsMT=mo,nice,5,0,499.0.0.9.106,2026-02-19 14:49:29,,,499.0.0.9.106,com.facebook.lite,Facebook Lite
922dba7d-a8bb-40e4-9362-805eedf7984d,Jonathan Hope Idoteyin,https://play-lh.googleusercontent.com/a/ACg8ocI73zRoeaNpbowoUo08GoSndp9Wim-ARZ3focH3_685af4_Ew=mo,Great,5,0,,2026-02-19 14:47:26,,,,com.facebook.lite,Facebook Lite
688530f3-8fa6-4b70-a14a-3f564f6ca66e,Nancy Mills,https://play-lh.googleusercontent.com/a-/ALV-UjVEKZIc_JNwadXfNAOYuezO9SI84IHoRQdDG_sEonb-iGTc2A,I love u,4,0,448.0.0.11.101,2026-02-19 14:46:09,,,448.0.0.11.101,com.facebook.lite,Facebook Lite
f7ee7487-aa1d-4dbd-865f-0a3ef800a2d8,Aghogho Rejoice,https://play-lh.googleusercontent.com/a/ACg8ocJAmsa_d-2h8Tp8C6yJ4pJ0ed2Gb-rOhxfQ0dQTk2n7ZEV8vw=mo,great,5,0,488.0.0.10.107,2026-02-19 14:43:57,,,488.0.0.10.107,com.facebook.lite,Facebook Lite
f0ca494b-1b1b-4272-a16e-85bd756885bc,Olga Mabokachaba,https://play-lh.googleusercontent.com/a/ACg8ocKi1Sbc-DPC9AOFlRQ3BF1J7BrHOhWk86gIIlZRCSTtzg6zMA=mo,reliable,5,0,462.0.0.10.115,2026-02-19 14:43:46,,,462.0.0.10.115,com.facebook.lite,Facebook Lite
772c4e73-ba32-4920-b287-67863658c87d,Ramesh Kashika,https://play-lh.googleusercontent.com/a/ACg8ocIkshEwlHmzal1oJl22h-5rnswmhWsQW2ECVdFlN-X5DQjREw=mo,love u,5,0,496.0.0.10.103,2026-02-19 14:43:45,,,496.0.0.10.103,com.facebook.lite,Facebook Lite
87f38597-60f4-44cc-a5bd-d7ed95faed49,khadijaakter mim,https://play-lh.googleusercontent.com/a/ACg8ocIT8YHt6bSTvHXvcNL3hn-QgaImJXQ1PHu-pSKgigBdA1Ef6w=mo,একটা খুবই ভালো 😊😊😊😊😊😊,5,0,,2026-02-19 14:43:39,,,,com.facebook.lite,Facebook Lite
69ea0257-024c-4448-ab38-c89f8c4ebf90,Musiiwa Rambau,https://play-lh.googleusercontent.com/a/ACg8ocI89wDrQuIP86NmerWVZ-fUlCBWdalPDfhUBfukGAAu8ay3sQ=mo,post pictures and comments and friends,5,0,499.0.0.9.106,2026-02-19 14:41:24,,,499.0.0.9.106,com.facebook.lite,Facebook Lite
59299289-45ed-4c95-82b4-6a6eeecc03ae,Tshepiso Khathatso,https://play-lh.googleusercontent.com/a/ACg8ocKox8SRuq7i_MZ2MgpxZdf6MTJU-n65Uz5ohaLbrpFgph8PGg=mo,brilliant,5,0,497.0.0.19.104,2026-02-19 14:38:28,,,497.0.0.19.104,com.facebook.lite,Facebook Lite
d44a18b7-1f9e-4b39-a46c-0d0e32b6b1e3,Ozongwu Chukwuebuka,https://play-lh.googleusercontent.com/a-/ALV-UjU8gVYIf0fXQdcEMZgqZpNGh_BKp9C3HCSNxC-50PFCiguo42LkEg,it's cool.,4,0,499.0.0.9.106,2026-02-19 14:34:13,,,499.0.0.9.106,com.facebook.lite,Facebook Lite
96da095f-f991-4dbe-903e-c600b5f53743,Shanee,https://play-lh.googleusercontent.com/a-/ALV-UjUXxFRhWZQs1brX9a1sMG2UjpL70IQw5lPsG7OYjgjUlkCAgWtu,very good i like it,5,0,499.0.0.9.106,2026-02-19 14:33:36,,,499.0.0.9.106,com.facebook.lite,Facebook Lite
25b2d9e7-c67f-45ff-9941-e890029dc1c5,Sani Maje,https://play-lh.googleusercontent.com/a-/ALV-UjWKDZx_TNYEy7Ig2znu_y7NNgXbXM0Zbp8-fgAju4hOzrS7NNgB,I feel good 👍,5,0,496.0.0.10.103,2026-02-19 14:28:27,,,496.0.0.10.103,com.facebook.lite,Facebook Lite
a8335445-d4fe-499b-bf05-1549acc40dbd,Captain Sisito,https://play-lh.googleusercontent.com/a/ACg8ocJ0FP65xvXGJ4W2Hq0-SWwnN9gQxqjSPeeMdamBtqa9Fo6FwA=mo,good,5,0,499.0.0.9.106,2026-02-19 14:25:36,,,499.0.0.9.106,com.facebook.lite,Facebook Lite
c039dd25-64c7-48d4-abc7-72b5e5f83d34,Daniel Hasompela,https://play-lh.googleusercontent.com/a/ACg8ocKjX7jz-lPWvIrhfULXTXc5ZjOD-K89hWyzTw6tOA-xH3ZoSA=mo,The App is Awesome,5,0,,2026-02-19 14:19:31,,,,com.facebook.lite,Facebook Lite
175afd00-37dd-4aea-8f27-248acae4e6c4,Jahangir Qalandrani,https://play-lh.googleusercontent.com/a/ACg8ocLKOT24UJ56Fp-EcCYyhKrb0qxgjIOsrCOCnGn8oz6d2A6AKg=mo,very good app,5,0,497.0.0.19.104,2026-02-19 14:15:26,,,497.0.0.19.104,com.facebook.lite,Facebook Lite
673c7793-8f15-413d-bacf-f03b86fb924f,Dada John,https://play-lh.googleusercontent.com/a/ACg8ocKjq80ziYL-Jy5kk-RuGt1UDIbVr7IqmgVRx6GmWjblChYdlg=mo,my own is not opening again oo,1,0,499.0.0.9.106,2026-02-19 14:13:56,,,499.0.0.9.106,com.facebook.lite,Facebook Lite
82de19da-9cf2-4c62-92a7-70a57d830a32,Cherley Wagner,https://play-lh.googleusercontent.com/a-/ALV-UjXwUd6ePNI6EIQaSrAGwq3_R89NTrLvHW2u3jUdcNUkoXhePh5B,excellent,5,0,488.0.0.10.107,2026-02-19 14:10:20,,,488.0.0.10.107,com.facebook.lite,Facebook Lite
e43adf51-d936-41d3-99ff-9bb563ae79fd,Christoper Infante,https://play-lh.googleusercontent.com/a/ACg8ocIyaog0UledcdwQgWaQwCMT18fSh9HSumypcIIoUfitv8mQnw=mo,very nice,5,0,,2026-02-19 14:09:20,,,,com.facebook.lite,Facebook Lite
a769efeb-fec6-48d6-879d-0f40ed187fbe,Mr Brand,https://play-lh.googleusercontent.com/a/ACg8ocIONx_XbCXLlybFrrC1tOPr-UVsKzTPrTyJhSdGTRTyumHWzQ=mo,brand ht,5,0,497.0.0.19.104,2026-02-19 14:08:20,,,497.0.0.19.104,com.facebook.lite,Facebook Lite
795b717c-3717-49c0-a165-234e28091fe8,Hamal Tamang,https://play-lh.googleusercontent.com/a/ACg8ocIDmpC45FNAMcshI4E8sl6XcxbC74y9LLXoKcQiV9L6Jkb4Hw=mo,i didn't do any bad activities or harm other so whey did you not allow my id to used,1,0,499.0.0.9.106,2026-02-19 14:07:25,,,499.0.0.9.106,com.facebook.lite,Facebook Lite
f993ddf2-c822-4e57-a52d-b2f8f9eaaa94,Chizzy Feli,https://play-lh.googleusercontent.com/a-/ALV-UjUdQBAqABQUAfZtyItOkl-IkY_XExEK1BKeKf9XQlNpx4VH42k,Nice one,5,0,497.0.0.19.104,2026-02-19 14:06:04,,,497.0.0.19.104,com.facebook.lite,Facebook Lite
66800e32-51d1-4336-9bc6-36ba1370ba98,Daniel Ejakpofo,https://play-lh.googleusercontent.com/a/ACg8ocKtJBq8qweqzDSaM5_7c3E45K3vWM3M8ibwlv9Oh4_AWMNBGw=mo,nice work,5,0,497.0.0.19.104,2026-02-19 14:05:28,,,497.0.0.19.104,com.facebook.lite,Facebook Lite
7915e598-dcad-4d16-a7e7-c466f58663ca,Ayuba Paul,https://play-lh.googleusercontent.com/a/ACg8ocKemICyU-dgCctvBZbjUUDiuIqwZU9RhOgqZKDBFw3ZV4POWQ=mo,I'm always a happy man ♂️,5,0,499.0.0.9.106,2026-02-19 14:05:16,,,499.0.0.9.106,com.facebook.lite,Facebook Lite
0d404391-b6a1-4b43-bf3b-f1483e2d6b73,Sami Abdullah,https://play-lh.googleusercontent.com/a-/ALV-UjVyneIXcTv717ryD0fZQcP5EONUqGCuOZTsPUTU9NfnmP0awkA,❤️,5,0,,2026-02-19 14:01:01,,,,com.facebook.lite,Facebook Lite
b93b2a97-ad0e-4a5e-99ac-796998243587,Xolani Mhlongo,https://play-lh.googleusercontent.com/a/ACg8ocKWUNwrlJJpztjl-D820A3lA3ZDfZmjmnMgsPOZ8y4EaMfcFA=mo,it's great for me,5,0,496.0.0.10.103,2026-02-19 13:58:16,,,496.0.0.10.103,com.facebook.lite,Facebook Lite
33cc0e95-2aec-4dc7-a069-30a92225a135,Wilknell Chivayo,https://play-lh.googleusercontent.com/a/ACg8ocIlXECktVxHBY2FyR14AUYaf6SxXj3Ls4RuwcdtS1bjTmy8Lw=mo,"i love this app , but you have to fix creating Facebook quickly on Gmail",4,0,496.0.0.10.103,2026-02-19 13:57:53,,,496.0.0.10.103,com.facebook.lite,Facebook Lite
98c19b37-44e9-4f05-95c1-f9fd6796b84f,An Dres,https://play-lh.googleusercontent.com/a/ACg8ocJWqCHdqa9jOdlOlJkgH_l80bRTiDQzevRF6uBEIamBmfHY_Q=mo,crazy apps always restricting my acc,1,0,,2026-02-19 13:55:36,,,,com.facebook.lite,Facebook Lite
55a3cd9e-a709-4e95-8da0-84479f53271b,Adi Amachon Luka,https://play-lh.googleusercontent.com/a/ACg8ocLahP4lWxhe5Nedf5u0uqKTwpS-nX5VHzFjMg6aL7mjXAgQ=mo,Nice book,1,0,494.0.0.9.107,2026-02-19 13:54:50,,,494.0.0.9.107,com.facebook.lite,Facebook Lite
17519293-2b91-4c59-8b9a-63ad4ef77f7a,Rajput Riyasat,https://play-lh.googleusercontent.com/a/ACg8ocKIFuvi3Dy5mXIDlwf8KQbNJuAb2kbp5sVI9NGc_EWlIVO69To=mo,nice 👍,5,0,497.0.0.19.104,2026-02-19 13:54:21,,,497.0.0.19.104,com.facebook.lite,Facebook Lite
f8395c82-27a6-49f0-a905-80260a6b9be0,Zoealon Eathome,https://play-lh.googleusercontent.com/a/ACg8ocIYLQI499vU4EDGK1-KRHaoey7XsS1sWy_OH16OKlZbQJTGaw=mo,I like how it's working,5,0,,2026-02-19 13:42:57,,,,com.facebook.lite,Facebook Lite
67718d01-0fda-4c71-9bd1-85d57cdfd612,NOMHLE MBONGWA,https://play-lh.googleusercontent.com/a/ACg8ocJ_9IHQZmLJ2Swh32xDLfa2FJqo1Rql_CHrBeu8mtCYz7mdqA=mo,Good,5,0,497.0.0.19.104,2026-02-19 13:41:14,,,497.0.0.19.104,com.facebook.lite,Facebook Lite
d6dfcbce-6a60-4379-87fd-631e0f75cf30,ThakurSanjay Kumar,https://play-lh.googleusercontent.com/a/ACg8ocK7krirleYiMMoDArAct6Zsc_-braex1uYwa0IBA9ejaRQrog=mo,What a beautiful app,5,0,496.0.0.10.103,2026-02-19 13:39:57,,,496.0.0.10.103,com.facebook.lite,Facebook Lite
a7cba918-7523-4073-9839-7a07692c5b4d,David Estrella,https://play-lh.googleusercontent.com/a/ACg8ocKxB1jjirbQwoi5kGfXBfmGYB3J9sRPP1PR8ujdArKDtDtKHQ=mo,so many inappropriate ads,4,0,494.0.0.9.107,2026-02-19 13:39:08,,,494.0.0.9.107,com.facebook.lite,Facebook Lite
b7fe4e3c-7bdd-471f-a86e-6030a84e6871,Melannie Gaspar Valdez Alnas,https://play-lh.googleusercontent.com/a/ACg8ocK9p_0Og479WO-qk7XAZmkMWO8ktQDfrw4oDygWEYHeET48zg=mo,I like this apps,5,0,499.0.0.9.106,2026-02-19 13:38:09,,,499.0.0.9.106,com.facebook.lite,Facebook Lite
5fb1e9d3-5c2f-436e-b32f-b27a41147f61,Melanie Mateo,https://play-lh.googleusercontent.com/a-/ALV-UjWiLnLrcpIMWL8aX_fe-Hg0qjugf2wAcOYxgQ3hp-A6V_nmBwgS,ga loding²,5,0,,2026-02-19 13:37:12,,,,com.facebook.lite,Facebook Lite
5dadf93b-c880-45dd-9e1c-a63d64b162cd,Panashe Kurai,https://play-lh.googleusercontent.com/a/ACg8ocJ-ke3tfOomXVc1EWxwAdC-0veMBl0AvqlSjVyMVjvyRsF-uA=mo,perform nice 👌,5,0,499.0.0.9.106,2026-02-19 13:35:06,,,499.0.0.9.106,com.facebook.lite,Facebook Lite
6ee02431-adfe-4193-82c5-42667179f2fe,Ruth Chauk,https://play-lh.googleusercontent.com/a/ACg8ocKyN_COUT4pO-mrSr3wIfUFcQ8OYG_7i2Y-x_3KIhzdEcaVOw=mo,enjoy,5,0,499.0.0.9.106,2026-02-19 13:34:23,,,499.0.0.9.106,com.facebook.lite,Facebook Lite
baa8dd22-6e0f-4920-9607-57f04e15e01b,Mariloum Zamora943,https://play-lh.googleusercontent.com/a/ACg8ocIXxrZADm30kBdcpoCH0YgHpA-Plwh5YsHVMU3oXj7cTnh_bQ=mo,I can't create an account.,1,0,,2026-02-19 13:32:22,,,,com.facebook.lite,Facebook Lite
e7e8be82-cc68-4623-bee4-a1959a63ad20,Jeninu Ekekhide,https://play-lh.googleusercontent.com/a/ACg8ocJ-ubzkcJ3-OJsULKQxk90rOEA8IH8bkIFnY8b-n4gPPP6iJA=mo,amazing,3,0,496.0.0.10.103,2026-02-19 13:29:28,,,496.0.0.10.103,com.facebook.lite,Facebook Lite
5918f12b-7067-4ac4-a0cf-21785a1d029e,Chukwudi Umeodunukwe,https://play-lh.googleusercontent.com/a/ACg8ocK8ryxLYxREW6GW0SElwb2xXWo7ERJp1ukjNlrzlBGwPBqs0w=mo,"this is chukwudi pius,Redmi 15c it is good",4,0,494.0.0.9.107,2026-02-19 13:24:39,,,494.0.0.9.107,com.facebook.lite,Facebook Lite
02ea4d95-19cf-4f96-bdec-3847c7a8a365,Satyajit Das,https://play-lh.googleusercontent.com/a/ACg8ocJJlOjp9IdBVq_XwYmVTWpkTVIS05eRTrAvxtgLOxX9ERM80ST1=mo,it's good & lite,5,0,499.0.0.9.106,2026-02-19 13:24:22,,,499.0.0.9.106,com.facebook.lite,Facebook Lite
5799508c-9a7d-4c04-ab6f-5e8e628c40fa,SOHAN Hasan,https://play-lh.googleusercontent.com/a-/ALV-UjXooMN7fSaMlkQglvWVc27lH8b2izM-9ZDurjBG_xbHzpI3Z68,good,5,0,499.0.0.9.106,2026-02-19 13:19:07,,,499.0.0.9.106,com.facebook.lite,Facebook Lite
e4a78be1-1263-4d96-b704-b2128b91fcb8,Keanu Reeves,https://play-lh.googleusercontent.com/a/ACg8ocJoIvuP9eI_0b_NnrAQ9371jk8w3NgBhGVcjUKj7YGReKPd6g=mo,very good,5,0,,2026-02-19 13:14:17,,,,com.facebook.lite,Facebook Lite
b9ccb0ce-7416-480b-8a2c-2f4c0a777d98,Patrick Koroma,https://play-lh.googleusercontent.com/a-/ALV-UjVLyC856wODcQf6ndhUqO4sYoWMLPyH8m5Fa59G2Zg_WMdrB7kg,so good,5,0,497.0.0.19.104,2026-02-19 13:11:28,,,497.0.0.19.104,com.facebook.lite,Facebook Lite
bd532cc3-aed8-4ba1-a8d8-d2b83c10be05,Lucy Phoseka,https://play-lh.googleusercontent.com/a/ACg8ocLOq0YNpSxra3P0uuA3byhiKvcryTEKv5qU4IeIXWCfjsxfTw=mo,My chats are not back how to restore them?,1,0,497.0.0.19.104,2026-02-19 13:11:11,,,497.0.0.19.104,com.facebook.lite,Facebook Lite
f95f5352-62f2-419d-b003-df9e117e807a,Kyla Ortega,https://play-lh.googleusercontent.com/a/ACg8ocKxpMy_rHqddU549jDThEjirVLptkH0u3GcbPRBB-0HPp4Atg=mo,its good,5,0,,2026-02-19 13:10:23,,,,com.facebook.lite,Facebook Lite
9f60dad2-fc35-4285-ad10-ad76555eec37,NITESH PAL,https://play-lh.googleusercontent.com/a-/ALV-UjXw59sYpS8kRQ4SMM_mk0HRREliaeaz1qNb9jOw-hEdl0MwoZVt,ok,5,0,499.0.0.9.106,2026-02-19 13:09:15,,,499.0.0.9.106,com.facebook.lite,Facebook Lite
4d885926-ea93-4239-a2d8-ec181b83d2fb,Bevon Andrico,https://play-lh.googleusercontent.com/a/ACg8ocL_ABWrmmq6bX3_MhHC97-a4iZR1zg1StB0OMhyDJjOiwNivA=mo,very good,5,0,,2026-02-19 13:07:19,,,,com.facebook.lite,Facebook Lite
3f527cc0-6fa1-4341-9606-0477cc38024e,Nyali Gusar,https://play-lh.googleusercontent.com/a-/ALV-UjVLJAqM-KM_YICVS8Ty1f9KrE3y7SH6gZK6hj_48uY7VLj07EzG,would be great if videos n photos can be uploaded in hd quality.,3,0,,2026-02-19 13:05:19,,,,com.facebook.lite,Facebook Lite
746dde6f-32f0-47db-9d72-45d8c497d586,Ibrahim Abdullahi Nakorji,https://play-lh.googleusercontent.com/a/ACg8ocKnSeffmyZTUgf7_AWWvwD_Ik7Sy3tkbH5eSYTqzO9W2CdSNA=mo,Very networking and easy to meet with new people,5,0,,2026-02-19 12:59:50,,,,com.facebook.lite,Facebook Lite
24e0a1b7-8307-4984-964f-46173e502e31,Bright Maseka,https://play-lh.googleusercontent.com/a/ACg8ocKVhNR6N3puRV5PiGxH1dVduxVMePR_AtY157Pj0TbE55G3Og=mo,my inbox is not working,1,0,493.0.0.8.108,2026-02-19 12:59:47,,,493.0.0.8.108,com.facebook.lite,Facebook Lite
8ca3a3b8-6d19-452c-840e-0aa303bf482a,Clinton Oguebu,https://play-lh.googleusercontent.com/a-/ALV-UjWM9LdK4d61eO8rp3-Q1Va2n4Rgy-Q5YNXsP2Ni1Yt5YwgsdcLO,"The best social media platform, keep it up Meta",5,0,496.0.0.10.103,2026-02-19 12:58:28,,,496.0.0.10.103,com.facebook.lite,Facebook Lite
4ad5bb85-3c60-4f7c-8db0-dd85015ad7a0,Ahmed Anas omeiza,https://play-lh.googleusercontent.com/a/ACg8ocIiMjQH48vp2HPNq3QY-oRA3H34d26yId8S5bemzJqqaJxiwQ=mo,you are best app but you suspended account always why please don't suspend my account,5,0,499.0.0.9.106,2026-02-19 12:57:47,,,499.0.0.9.106,com.facebook.lite,Facebook Lite
e83864fa-e6ed-4d87-8477-f3b399bdc61c,sello samuel Manthoali,https://play-lh.googleusercontent.com/a/ACg8ocKAE95CwMf4suWkN-wFaECETHBfSHlTbkxo5bGJWfVT1YCvJQ=mo,excellent,5,0,499.0.0.9.106,2026-02-19 12:53:57,,,499.0.0.9.106,com.facebook.lite,Facebook Lite
b860d074-0a15-499e-a106-6aa30aff653b,Ms Sadia,https://play-lh.googleusercontent.com/a/ACg8ocLI8l4XSHl3J_TOLXW6XC41LBbxXdvP804Ux4ubGqqIWtgU5Q=mo,there is no support voice chat and repeatedly want upgrade Facebook like but there is no update version,4,1,499.0.0.9.106,2026-02-19 12:44:12,,,499.0.0.9.106,com.facebook.lite,Facebook Lite
da16096a-1a23-4327-beb4-1febecdc2304,Abdul Ghaffar,https://play-lh.googleusercontent.com/a/ACg8ocLmCO1-xiE4OXp4JABTdr7J1Imku4fuTBSMcLbsqR3vc5W_xQ=mo,very nice and very good,5,0,499.0.0.9.106,2026-02-19 12:42:51,,,499.0.0.9.106,com.facebook.lite,Facebook Lite
e71e57a1-2a51-4829-adb9-f8b6afe68e0e,Daniel John,https://play-lh.googleusercontent.com/a/ACg8ocL7440FqcXBes83x9e1Tqwz1jbVJodEran3rg5DKKf5LSzRng=mo,"i can't send messages on lite. anytime i try to, it will say couldn't send",2,0,499.0.0.9.106,2026-02-19 12:28:18,,,499.0.0.9.106,com.facebook.lite,Facebook Lite
838b91b4-a54c-43dd-a045-c74e9007f3c2,Cebile Mahlalela,https://play-lh.googleusercontent.com/a/ACg8ocLvw5NT6NTBGgfXiYFfI54BIbt7GeRPAQ61vee9GDvcG9fGXw=mo,very good,5,0,499.0.0.9.106,2026-02-19 12:26:33,,,499.0.0.9.106,com.facebook.lite,Facebook Lite
16693a6e-85b8-401d-947b-fe77d73893c3,Kingsley isong,https://play-lh.googleusercontent.com/a-/ALV-UjUcpKyJfcLr85lOcGfeUi7XBoyqYONQL-wIXbMlfi6u1xBXZ5Yr,nice app,5,0,496.0.0.10.103,2026-02-19 12:20:53,,,496.0.0.10.103,com.facebook.lite,Facebook Lite
50cc8e8e-38e4-4591-a405-69b872e3d41c,Destiny Eze,https://play-lh.googleusercontent.com/a/ACg8ocJUd7Ia_X0cfdU0tl_KGZZ7P_C03nnT3iiZDkZQbV13FDMGeQ=mo,best app so far. please stop suspending my personal account here on Facebook,5,1,497.0.0.19.104,2026-02-19 12:11:22,,,497.0.0.19.104,com.facebook.lite,Facebook Lite
9e327ef0-1804-40a7-a2ae-45e4d72fbbb2,Nyambe Mbinga,https://play-lh.googleusercontent.com/a/ACg8ocIB_Qv4MKUuqp1C-b79cRxt5-0yi2kIu03Iii6bxz7fbIKtmw=mo,Nice app,5,0,,2026-02-19 12:09:17,,,,com.facebook.lite,Facebook Lite
aeab8cdd-4e07-4ae9-a8b6-4a48306d1b27,Adane Zerihun,https://play-lh.googleusercontent.com/a/ACg8ocLDCmZi_dkrNYnZn2Wg4gXW2jxqyj-f4U_ktHugbXznZd3BUg=mo,good,1,0,497.0.0.19.104,2026-02-19 12:06:28,,,497.0.0.19.104,com.facebook.lite,Facebook Lite
aca3001a-0e20-4e9d-9e8f-9d362d4ca4d9,Lerato Khatisa,https://play-lh.googleusercontent.com/a/ACg8ocLSpDDSRhTfS7TKjVb5NuRETQGJXqPn9yadvcERxHuMOvthUA=mo,bad,2,0,,2026-02-19 12:06:22,,,,com.facebook.lite,Facebook Lite
2c80d32e-01b0-4ff7-83ca-3aa72342493a,Doreen Phiri,https://play-lh.googleusercontent.com/a/ACg8ocIXY9iAEcMrJIlmtc_zlG79ssb_hPB0ABoQJ4naHb4-dK2FRw=mo,To install apps,5,0,,2026-02-19 12:03:30,,,,com.facebook.lite,Facebook Lite
369f3642-189e-4c5e-85fc-dab049101289,petchi muthu,https://play-lh.googleusercontent.com/a-/ALV-UjU6fu7msKZQUPx5Ekf9-vpvm2v5ZQpR7A2d3b5TLiq3qhzq6k6f,super app,5,0,497.0.0.19.104,2026-02-19 12:01:19,,,497.0.0.19.104,com.facebook.lite,Facebook Lite
b06b7a0c-2390-4d59-b266-123a05a15c93,Judith Obare,https://play-lh.googleusercontent.com/a/ACg8ocIMMpVHuQ1SLQCETNOEX1nIPqDQVXkrYQ-PHXFujtqyNsVYdQ=mo,perfect,5,1,495.0.0.10.108,2026-02-19 11:59:42,,,495.0.0.10.108,com.facebook.lite,Facebook Lite
49e55da0-9924-42af-9559-a47e142e441f,Bibek Lo,https://play-lh.googleusercontent.com/a-/ALV-UjW7AkpHYdZOTmYaEmBcDa-VmhREOj-GClGMpDlGUxoHKauniGCB,good,5,0,497.0.0.19.104,2026-02-19 11:52:04,,,497.0.0.19.104,com.facebook.lite,Facebook Lite
79f41978-37f6-465d-8957-60dbf18177ed,Kelvin Kasempa,https://play-lh.googleusercontent.com/a-/ALV-UjVykfe-67vIHbtENjUFquWKXfnBHwmojoQ_23Cvpkgqi_fD9Dzw,help me to open facebook,5,0,497.0.0.19.104,2026-02-19 11:42:28,,,497.0.0.19.104,com.facebook.lite,Facebook Lite
f6a88ca7-332e-475d-89c2-7dd814130e5d,Francis Wahome,https://play-lh.googleusercontent.com/a-/ALV-UjV22mg6EPvbaTKqJLfMPn9Ebkfuzlg2lC8gPzK0FM4xpnIgIaI,this is the best social media to reach out more clients 😉,5,0,497.0.0.19.104,2026-02-19 11:42:23,,,497.0.0.19.104,com.facebook.lite,Facebook Lite
4614f5bf-c0e2-4ab1-a60a-a0619976a1aa,alabi olushola James,https://play-lh.googleusercontent.com/a-/ALV-UjVekSr3fvKYYYQnkeH53nlwEgxoJu-UyOuu6xHBKJOzeUT7bNY,good,5,0,497.0.0.19.104,2026-02-19 11:42:10,,,497.0.0.19.104,com.facebook.lite,Facebook Lite
b60083a0-a1dd-484c-94de-452fb638d0ec,rapheal okon,https://play-lh.googleusercontent.com/a/ACg8ocJ9BTGdP0PK7fRkTcRqKR3PpfR5yzReQ5mzgY9hVqNMyljLrA=mo,Very good,5,0,497.0.0.19.104,2026-02-19 11:38:14,,,497.0.0.19.104,com.facebook.lite,Facebook Lite
b1be6338-57c7-4deb-8445-438097cbd81d,Sheila Mueni,https://play-lh.googleusercontent.com/a/ACg8ocLPut8W-qcjSZ00VPi2405aZXtQDGy_Nm-ag7lw--LeCkFjkQ=mo,𝗯𝗲𝘀𝘁 𝗮𝗽𝗽 𝗲𝘃𝗲𝗿,5,0,497.0.0.19.104,2026-02-19 11:38:13,,,497.0.0.19.104,com.facebook.lite,Facebook Lite
b66a0e7a-6147-47ea-b007-c63411a8fb35,Yeasin Khan,https://play-lh.googleusercontent.com/a/ACg8ocK6SOqGtuoLZqoP4-SvUTRkjQeC_3D03s5OkJp0V1g1ZI0MHA=mo,good,5,0,496.0.0.10.103,2026-02-19 11:32:33,,,496.0.0.10.103,com.facebook.lite,Facebook Lite
2c105434-c0e4-4a9f-9116-d852e7c8e0bc,H.b.u.p Bandara,https://play-lh.googleusercontent.com/a/ACg8ocLiOWisSTPcXOZsyabqL29irzo1KkHs6K6J77UNnEcPb4PsFg=mo,supar,4,0,497.0.0.19.104,2026-02-19 11:31:43,,,497.0.0.19.104,com.facebook.lite,Facebook Lite
18b577e1-1d47-40a3-b79e-8d6c44876ecf,Fu'aad Zeenuu,https://play-lh.googleusercontent.com/a-/ALV-UjU_b9F1QLaDiqpNUDhXr8wHracTvQiAT-ZxmIglG8SG5Vj5Ezs,thenk you,5,0,493.0.0.8.108,2026-02-19 11:26:45,,,493.0.0.8.108,com.facebook.lite,Facebook Lite
fc4041de-343a-4874-91fe-89470df43439,Ram Soren,https://play-lh.googleusercontent.com/a/ACg8ocJ2FSZfD5MsUQj6Sd529WP_f3Iwj7PNNRyszAkK-jD9jiKV=mo,👋 😃😃😃😃,5,0,,2026-02-19 11:26:30,,,,com.facebook.lite,Facebook Lite
78814ac4-97c5-4871-92a7-49fba323aa7c,Madeline Malintoi,https://play-lh.googleusercontent.com/a/ACg8ocI2XhWBTOy69A0wdJGFJbartWPag2nvEoWZa1rm8SZv9JIDwQ=mo,why it is always making my account suspended even if it doesn't posted anything. Maybe you should make it more less sensitive it's ruining my life,1,0,497.0.0.19.104,2026-02-19 11:23:11,,,497.0.0.19.104,com.facebook.lite,Facebook Lite
9dfa9a9d-e839-462b-b0fc-2ad05284fd50,Amerhassan Hadjinor,https://play-lh.googleusercontent.com/a-/ALV-UjVxtqJ9xCr0AYntwDvp7tx8r1295YMwYX_1Rh6qN03xemj2gqE,so! Beautiful,5,0,498.0.0.12.105,2026-02-19 11:21:26,,,498.0.0.12.105,com.facebook.lite,Facebook Lite
6aea119b-7dc5-4b24-9045-e47b5dbf7d68,Mathapelo Moseletsane,https://play-lh.googleusercontent.com/a/ACg8ocIWwp6I_qYF0o6gcgVueqd0oBn9f0Xpvzpgk2XBfo1LVAw14w=mo,I'm enjoying the app,5,0,497.0.0.19.104,2026-02-19 11:20:46,,,497.0.0.19.104,com.facebook.lite,Facebook Lite
5085c07d-6222-4be4-a74a-c92e11470475,Mohit gour,https://play-lh.googleusercontent.com/a-/ALV-UjU-1F_q1ruBOntY3p2a8UxFb9X_doRTbI4Fx1oIkcC9fMswqUpz,good 👍👍,3,0,496.0.0.10.103,2026-02-19 11:20:15,,,496.0.0.10.103,com.facebook.lite,Facebook Lite
5e62c347-3d4f-4d9c-b853-eadbe9d1497f,Amit Dash,https://play-lh.googleusercontent.com/a-/ALV-UjWvA-qgCANAWhiADLB7J8qw-acyc28J1OcRUmNAPYP98yZU_N4L,good 👍👍,5,0,497.0.0.19.104,2026-02-19 11:12:51,,,497.0.0.19.104,com.facebook.lite,Facebook Lite
4027e71f-3d8b-4e09-addd-6a8c1f8ba003,EaZyDab608,https://play-lh.googleusercontent.com/a-/ALV-UjUg1mPumBCSS8gZaQDSQGCP4HBMdT_8umpI-Pm9jhOpkNY_tZI,I love this shitz !!!!,5,0,498.0.0.12.105,2026-02-19 11:09:50,,,498.0.0.12.105,com.facebook.lite,Facebook Lite
818de61d-b639-45d5-b017-320ca65c317b,Felicia Grace,https://play-lh.googleusercontent.com/a/ACg8ocKHRVUGjfN3CBEdN3vFFghiePl0H1hpPOaH9JCOi39yGYmI0w=mo,Very cool app,5,0,481.0.0.11.109,2026-02-19 11:02:59,,,481.0.0.11.109,com.facebook.lite,Facebook Lite
3924ed25-ad64-4ea5-b0c3-d54c954d8ea8,France Pingkian,https://play-lh.googleusercontent.com/a-/ALV-UjXap6fIX9E81YYFvijpyCP-VBZQ82IggOqg9oslLxfgqzyCTGbL,pls facebook paki balik acc ko pingkian france at france pingkian andon lahat mga memories ko at mga important na mga school gc ko pls lang.,3,0,497.0.0.19.104,2026-02-19 11:00:37,,,497.0.0.19.104,com.facebook.lite,Facebook Lite
7146779e-328d-4d70-956a-5029df6fec46,Tsholofelo Tsa fellow,https://play-lh.googleusercontent.com/a/ACg8ocKISJXXmrXYSZ1DpwcDUqdiGbtqN-HJiGYJWHuDS1mpHR7xhQ=mo,ngi happy 😊,5,0,499.0.0.9.106,2026-02-19 10:50:52,,,499.0.0.9.106,com.facebook.lite,Facebook Lite
2e4e9e20-286e-484d-b651-028b46f0a4c5,ALVA SABAN,https://play-lh.googleusercontent.com/a/ACg8ocKBQbk9G_-U-6u3I9_slTHcjZ2YJPm22ajOtm_n3ZDB3XHGiA=mo,"yung iba, hindi ko ma open agad kay kelangan pa talaga ng napakadaming process pano ma open, Facebook paki ayos naman",3,0,499.0.0.9.106,2026-02-19 10:48:21,,,499.0.0.9.106,com.facebook.lite,Facebook Lite
800f25c5-685c-465a-bc40-4aba36a850e7,Gohetia Wen,https://play-lh.googleusercontent.com/a/ACg8ocK3lyLILi6yjhzqzxjmD8yzaXrY6NvHV8Re3hP4RWw491dpgg=mo,excellent,5,0,498.0.0.12.105,2026-02-19 10:41:17,,,498.0.0.12.105,com.facebook.lite,Facebook Lite
3c866b3b-61b0-4af3-a28d-8100bdd19b4c,Michael Nzimande,https://play-lh.googleusercontent.com/a-/ALV-UjUoLZWw_sv7ruGF5x8ahq2ANzt3Q2ZFmTJZfiVuPjgBoE6M4FA,not much I'm still new,5,0,499.0.0.9.106,2026-02-19 10:35:59,,,499.0.0.9.106,com.facebook.lite,Facebook Lite
1eb0bbd4-b3e1-4556-a793-3632e2fd4098,Nabil Islam,https://play-lh.googleusercontent.com/a-/ALV-UjVOaWGubZHucMdFIUil084Yp7iE_SE4knRh6bcRiMoETt9HfQnE,Best Apps For Lower Android phones,5,0,497.0.0.19.104,2026-02-19 10:35:49,,,497.0.0.19.104,com.facebook.lite,Facebook Lite
ab775ddf-1f60-456f-8c82-916f38206669,Anthony P.,https://play-lh.googleusercontent.com/a-/ALV-UjUFGI7z10ZaTuuUOWShuU6i7-8RJKPjDn_d6zHxobPwayV51ck,i can't open the app,1,0,448.0.0.11.101,2026-02-19 10:34:11,,,448.0.0.11.101,com.facebook.lite,Facebook Lite
9883894d-0544-4913-96a9-2c5313f22f4f,Azizul khalifa,https://play-lh.googleusercontent.com/a-/ALV-UjU_xc8VwAeTsy75B6lu_8Nrb019XUpv9y4TEG0NKqV2todw-xoX,nice,5,0,497.0.0.19.104,2026-02-19 10:33:13,,,497.0.0.19.104,com.facebook.lite,Facebook Lite
3ae56c05-63ba-45cb-aef4-62eecf2fa5b8,Perow Gourlay,https://play-lh.googleusercontent.com/a-/ALV-UjVMvR7CNR72Mail2lvSJ5ItvdGEzq4aBnM5d1SFBkEpU9sPmFs,"I just installed FB lite like I've done countless times before, but feeds is not on the status bar & I still can't add feeds to the tab bar so I can use facebook the way always do, once again facebook lite is uninstalled.",1,6,,2026-02-19 10:32:02,,,,com.facebook.lite,Facebook Lite
f66befc5-80bb-4e34-8584-a5297e9639c6,Jelian Dablo,https://play-lh.googleusercontent.com/a/ACg8ocL1kdM_3WF7A-mww2WlnQX_Uipoc6kHJSfmnPXxaiD9iRLdOQ=mo,Lindur,5,0,499.0.0.9.106,2026-02-19 10:30:56,,,499.0.0.9.106,com.facebook.lite,Facebook Lite
5688bcb5-e4c4-4074-810c-4fa9df0552cc,Kamran Khan,https://play-lh.googleusercontent.com/a-/ALV-UjWfmDEnv7F0JXnEMIrY4IpuCEVu9TSu0A3NoZdHNWVxcCJHnOs,Without any information account disable for personal,1,0,499.0.0.9.106,2026-02-19 10:25:47,,,499.0.0.9.106,com.facebook.lite,Facebook Lite
1de4273d-39bc-4e12-b72d-c5baa80cdf68,Manish Paswan,https://play-lh.googleusercontent.com/a-/ALV-UjVcV6tT3b8bvLB8ydLL5OK5MSASX4Z9G5cAjMnazE8RCCm3UPc,very good 👍,5,1,496.0.0.10.103,2026-02-19 10:22:33,,,496.0.0.10.103,com.facebook.lite,Facebook Lite
397361ee-78b7-4e5d-b3cb-4902112cb953,Clyde Maki,https://play-lh.googleusercontent.com/a/ACg8ocIGc-yh_wB_3Ww4xG5UoTxHYoOCR1Z-wroKspeLnDf56SmyEw=mo,awesome 😎,5,0,499.0.0.9.106,2026-02-19 10:21:12,,,499.0.0.9.106,com.facebook.lite,Facebook Lite
d778cb1e-f02b-4b26-806c-43bd1cf5f425,firwanto Sidauruk,https://play-lh.googleusercontent.com/a/ACg8ocIkCgFjU4fuSRDNEh9EI2hkbiCcybVpTtNd9i8U2Dqai-v9Gw=mo,nice,5,0,497.0.0.19.104,2026-02-19 10:20:38,,,497.0.0.19.104,com.facebook.lite,Facebook Lite
ba928bd0-8643-4c2a-b445-7097a64a72be,abcd,https://play-lh.googleusercontent.com/a/ACg8ocKvtieM-SxUiN0GBZ4vYjGC3Vt6aetOh6qGd1FTHdGDf5VAWg=mo,Comments and replies isn't accessible,1,0,,2026-02-19 10:13:29,,,,com.facebook.lite,Facebook Lite
b1a3474b-bd6f-4e75-9805-2edb88fe133e,Tonmoy Sd,https://play-lh.googleusercontent.com/a/ACg8ocIdbc_71gxA-7CDSDF7RZ61BIP_uOS4qy5GdvyUa1-J_zzFLA=mo,good but improve touch,4,0,499.0.0.9.106,2026-02-19 10:09:53,,,499.0.0.9.106,com.facebook.lite,Facebook Lite
b5b175ea-6754-4b48-b6ee-85a0c93af55d,Mark Nhleko,https://play-lh.googleusercontent.com/a/ACg8ocKdBvc4u6Sl8Hk7VLNOHS0rTaneKQdaOb4jQCpLzZMteYdwnQ=mo,not helping,1,0,499.0.0.9.106,2026-02-19 10:06:53,,,499.0.0.9.106,com.facebook.lite,Facebook Lite
9dbae5f2-2b5d-498b-8743-2745d9ac9d9d,MD SAKIB,https://play-lh.googleusercontent.com/a/ACg8ocJvv1ZeGjZS7vQo2BRMQXib7Mx6_RBRf0ZTuCO3Lpe0o6p4Fw=mo,Nice app❤️ ❤️,1,0,,2026-02-19 10:00:57,,,,com.facebook.lite,Facebook Lite
71215882-feda-483e-810f-72057d9ba749,Nurul Amin,https://play-lh.googleusercontent.com/a-/ALV-UjXFsZERPtt1Ak6oL_pPCOfgCWrW2djl2X5EycvNZ131d5kz88w,I am very happy,5,0,499.0.0.9.106,2026-02-19 09:58:44,,,499.0.0.9.106,com.facebook.lite,Facebook Lite
fb9e2fb1-6d92-4d13-ae88-043ee9dc0ec1,Rupa Akter,https://play-lh.googleusercontent.com/a-/ALV-UjUTATg6Zq37OUboLMHbyZRv_yVR3MK4faxMpgDfuloGogOyRJXB,Nice app,5,0,499.0.0.9.106,2026-02-19 09:58:18,,,499.0.0.9.106,com.facebook.lite,Facebook Lite
fab24cb2-e812-4408-ad10-74ca3c3ae710,lakshmi narasimhan,https://play-lh.googleusercontent.com/a-/ALV-UjXrWNbQ9fcXrYfqy6DJ9-sY5iAHSiCSLQfLQ4UGZQrcsMkE_Iys,super,4,0,421.0.0.14.100,2026-02-19 09:53:20,,,421.0.0.14.100,com.facebook.lite,Facebook Lite
8e5714d0-b3ab-4f17-a08a-f89e502bb61d,Newton Reyes,https://play-lh.googleusercontent.com/a-/ALV-UjXX-0LVVq2fb-7W9fVhWMWT3SSF2nJdz7aPoH4iR8eOEA8pFkMy,"Horribe security, manipulated, not very social anymore!",2,0,499.0.0.9.106,2026-02-19 09:48:07,,,499.0.0.9.106,com.facebook.lite,Facebook Lite
80ee7c3a-5ef3-4579-968c-9b06fd808485,Charrylene Faustino,https://play-lh.googleusercontent.com/a/ACg8ocITFx53uv6TmTpwJBuLo2bQXsP7V_y85BrFK7pl8DmRNBHO=mo,very satisfied,5,0,499.0.0.9.106,2026-02-19 09:46:34,,,499.0.0.9.106,com.facebook.lite,Facebook Lite
20603c74-cbe0-4400-9ed0-1a049559cf69,Md Omid,https://play-lh.googleusercontent.com/a/ACg8ocLdIqyLMAvCY1aPKBg9JiADbg3eDhLzpM8R32hybI1lGsxXOA=mo,Nice thanks Google,5,0,499.0.0.9.106,2026-02-19 09:46:34,,,499.0.0.9.106,com.facebook.lite,Facebook Lite
4f7f2bc3-567f-4fdf-a1dd-060db5a93fc9,Pripes Tripura,https://play-lh.googleusercontent.com/a/ACg8ocJaOwZSKNIuVIn_Mwo4VycCMsfToUon0P3wyBqWvKBgLZ_bgg=mo,No my experience no easy,1,0,497.0.0.19.104,2026-02-19 09:45:10,,,497.0.0.19.104,com.facebook.lite,Facebook Lite
ca324dd2-4f03-4739-b7a5-df0f79c2b034,Ahmed Arif,https://play-lh.googleusercontent.com/a-/ALV-UjW69PAcvtLgu4nVT9tUuc4Sl75OzUgLv-1twWVfwNoLSj1QBWek,Nice,5,0,499.0.0.9.106,2026-02-19 09:39:00,,,499.0.0.9.106,com.facebook.lite,Facebook Lite
fcbefb3a-0128-4b8b-9c33-4387d4697c69,Kiara Brielle Lata,https://play-lh.googleusercontent.com/a/ACg8ocKGXoQSGnYbooXbA59iNN2V13VyZYi8N5MeKtXlceUhSzmUYQ=mo,very beautiful,4,0,497.0.0.19.104,2026-02-19 09:33:37,,,497.0.0.19.104,com.facebook.lite,Facebook Lite
658af7bf-e2cf-4dd7-87b7-b9b6dddc70b9,John Mark Zerna,https://play-lh.googleusercontent.com/a/ACg8ocJWtieeGggzvd8oY6Gv5JFocv1L7p05GV1KOOhVb8ZJTHCD3g=mo,It is so nice,5,0,497.0.0.19.104,2026-02-19 09:29:17,,,497.0.0.19.104,com.facebook.lite,Facebook Lite
57f7e3d4-b2cf-426b-ad30-263a5e630b0b,TABAWA ADAMU,https://play-lh.googleusercontent.com/a/ACg8ocKd0GuSwpAtQaqPOi2hVP_BZDIi_UPUAuuYVvMs68UVEfQfHw=mo,I apriciate this app,5,0,499.0.0.9.106,2026-02-19 09:14:39,,,499.0.0.9.106,com.facebook.lite,Facebook Lite
ee0e254b-5044-4f68-a2c9-a4bec7e91265,Weneth Dela Rama,https://play-lh.googleusercontent.com/a/ACg8ocItAz_yfDVcYAYSTYwGEwex_-g5SLYrzxISezxYcCi9p3O7jw=mo,👍,5,0,499.0.0.9.106,2026-02-19 09:14:19,,,499.0.0.9.106,com.facebook.lite,Facebook Lite
76e2d7b5-4395-4c6c-8d23-940b2185d6ef,Niruta Lama,https://play-lh.googleusercontent.com/a/ACg8ocI-neu614JKaXy1WnW4hMfjN6qhY-C94fAE6tq38IvmFtPyKA=mo,Facebook is bast,5,0,499.0.0.9.106,2026-02-19 09:13:21,,,499.0.0.9.106,com.facebook.lite,Facebook Lite
457ab69b-a569-4135-8e0a-cf7b3cce0660,JESSE TAKIOMO,https://play-lh.googleusercontent.com/a/ACg8ocIauo47o33Yq7dYHlraoyinTF7FXkB0bD02e24zwACBn8np9w=mo,cool,5,0,499.0.0.9.106,2026-02-19 09:11:59,,,499.0.0.9.106,com.facebook.lite,Facebook Lite
cef99c41-5f2e-472b-ac4c-97d205622950,Tapiwa Mpambwa,https://play-lh.googleusercontent.com/a/ACg8ocIAeXGBHUYGlqU1toM-yjLOOtgssLdZhd95uO5SWpFrx8ZV=mo,does this app look bad visually,5,0,498.0.0.12.105,2026-02-19 09:08:03,,,498.0.0.12.105,com.facebook.lite,Facebook Lite
4e5b16c5-bae2-42ba-ad66-c8a3959b8ea1,Sukimong Tcg,https://play-lh.googleusercontent.com/a/ACg8ocJ86FkOYL3ZrrJBMXww7rkkeaW8PxVf3N4AthkgJJXcrOg8lg=mo,nice,5,0,498.0.0.12.105,2026-02-19 09:06:44,,,498.0.0.12.105,com.facebook.lite,Facebook Lite
d1c3dda1-29c5-4695-94b2-c2f6a2e2f943,Hasan Kawwam,https://play-lh.googleusercontent.com/a/ACg8ocK_GfWqQXwA1V_wHOXhfCIp1V15B2GG5Jph6ofwWUYP4VAgRQ=mo,mass censorship,1,0,251.0.0.4.119,2026-02-19 08:55:53,,,251.0.0.4.119,com.facebook.lite,Facebook Lite
1cfeb6e1-82aa-4062-a761-2255c8ca0b7f,Takele Gashu,https://play-lh.googleusercontent.com/a/ACg8ocI32JG5P7Cx2T-XnW3FkrKAgHlNXbYFsFMwzuTt6GqSw2XE3Q=mo,good,5,0,494.0.0.9.107,2026-02-19 08:50:31,,,494.0.0.9.107,com.facebook.lite,Facebook Lite
0364d6a3-6111-48a8-a00e-aee13f3ee89e,DIAGO Phomelelo,https://play-lh.googleusercontent.com/a/ACg8ocJYY0RSSXqlzZbLojTVtikdzmXVsXGFdpIxY2t0LBI8BDBO0A=mo,i love Facebook ❤😘,5,0,,2026-02-19 08:49:31,,,,com.facebook.lite,Facebook Lite
2b2e4c03-5ea6-4b83-89e8-cb645b2be240,HACE Gsjsh,https://play-lh.googleusercontent.com/a/ACg8ocK13UZvxTvGiNNBhFZNXjEFLDlZ0zmVkY9l2k3xoCY9rYpzSw=mo,I love this it a great app,5,0,497.0.0.19.104,2026-02-19 08:48:57,,,497.0.0.19.104,com.facebook.lite,Facebook Lite
c43ae3f6-e12e-43ac-ae00-cc6e221a1969,mian miang,https://play-lh.googleusercontent.com/a-/ALV-UjU8DatiBWwJAPZ_6awOnbsttH0rfQvFKXzgzHF1tbsxA8tEWqIA,not login my id,1,0,498.0.0.12.105,2026-02-19 08:47:28,,,498.0.0.12.105,com.facebook.lite,Facebook Lite
00fb630e-554a-48db-a0d1-18718a6988d1,JOHN KENNEDY,https://play-lh.googleusercontent.com/a/ACg8ocKSza_13soA37QxRR_hxHnFwPm5VbZ2KIiEdkpZgitiBAyuLg=mo,best to use,5,0,497.0.0.19.104,2026-02-19 08:46:25,,,497.0.0.19.104,com.facebook.lite,Facebook Lite
c242f169-5cd3-4777-8f8b-341d5380e57e,Manuwa David,https://play-lh.googleusercontent.com/a-/ALV-UjV9xG9eApNBKVZ9lLXuId24kDanOFOd3ilKkcko67IY41HnfTxQ,Facebook lite there network is very strong,4,0,,2026-02-19 08:41:17,,,,com.facebook.lite,Facebook Lite
f85de8d8-a997-4170-95b2-d37027d5e8cc,AR ASHIK,https://play-lh.googleusercontent.com/a/ACg8ocJwQwcaQdG_3Xdd6UKpCgl3Dhgka9NIYof2wKf8aUtoiB4Q4A=mo,good,2,0,497.0.0.19.104,2026-02-19 08:37:18,,,497.0.0.19.104,com.facebook.lite,Facebook Lite
900aa864-2edb-4d34-8fa0-a53f7aa33ab6,Marilyn RODRIGUEZ,https://play-lh.googleusercontent.com/a/ACg8ocK2LB2190c8Z_pXfsLUTjMIndcUqxN4TDzspQUMILj7pq1-CA=mo,they dond help me,5,0,499.0.0.9.106,2026-02-19 08:22:30,,,499.0.0.9.106,com.facebook.lite,Facebook Lite
eb83051e-d018-4dfe-93b2-f7b1aa0183dd,Juan George,https://play-lh.googleusercontent.com/a/ACg8ocJ-JtVi4F8f_ICVShUivZdKxWo5porEKoZTMX42FWKwO2TjwQ=mo,great 👍,4,0,499.0.0.9.106,2026-02-19 08:11:52,,,499.0.0.9.106,com.facebook.lite,Facebook Lite
da2f918b-d72b-40c3-a80f-eb74f752969a,Muluken Adugnaw,https://play-lh.googleusercontent.com/a-/ALV-UjUjJg_Owvy8bSUXOogfIYwR1zfrM1Jq5cjO2BMA5JXD4wEdD4s,I am appreciation and loved the Meta app so I will to continue for a long period of time💚💚💚💚,5,0,497.0.0.19.104,2026-02-19 08:11:18,,,497.0.0.19.104,com.facebook.lite,Facebook Lite
e5aa5c93-b0da-45ed-b830-bd99f18d9e4d,Likamva Ntonga,https://play-lh.googleusercontent.com/a/ACg8ocJoAfp7l4sUjEZ32p0bYqNK-TkFP3g6SEXF7GE7WgExEZoFhg=mo,cute,5,0,497.0.0.19.104,2026-02-19 08:08:41,,,497.0.0.19.104,com.facebook.lite,Facebook Lite
1bd70462-80f0-41db-a2e2-260d78cdd246,Yal Kee,https://play-lh.googleusercontent.com/a/ACg8ocL_JNbhRk7Cd3l5eMXPnmbYgh61n8OP9Jj2VFyu_SZdAM-G9A=mo,it's just alright,5,0,499.0.0.9.106,2026-02-19 08:08:03,,,499.0.0.9.106,com.facebook.lite,Facebook Lite
b4411d60-ed5f-47f7-8309-696871471e77,Veronica Nkestiah,https://play-lh.googleusercontent.com/a/ACg8ocJ2imYaPeFInX_rDk6ACEqr83LbAx02c8l69w0NP0dBYbD0=mo,it is part of best socialisation app,4,0,483.0.0.13.108,2026-02-19 08:01:43,,,483.0.0.13.108,com.facebook.lite,Facebook Lite
c332a106-751b-4dcc-8f8b-dc127f2ec6d8,Thomas Moberly,https://play-lh.googleusercontent.com/a-/ALV-UjV0-HwWU2g-HGYBupGC-tAFE9vo_nKCke1bBfKvi5nGfCYrDBA,eh... it's a'ight 🤫 #roylethoughts,3,0,499.0.0.9.106,2026-02-19 08:00:48,,,499.0.0.9.106,com.facebook.lite,Facebook Lite
07985de1-2af4-46b6-85f9-a40988d09fdd,Jonathan Simakuni,https://play-lh.googleusercontent.com/a-/ALV-UjXl33xR9tls0BNcPkmsat3pLSMotxuYXM0si-94ArD3iJ93ifc,good . nice,5,0,499.0.0.9.106,2026-02-19 08:00:19,,,499.0.0.9.106,com.facebook.lite,Facebook Lite
004afa03-f02a-428b-9628-dc48fc0d5bf7,Tonton Pepay,https://play-lh.googleusercontent.com/a/ACg8ocKBf_jYmCEzQDDVEYWCFe4tiSViiIyuQPGfxzPRxBCHJjM8dw=mo,give me back my account,5,0,,2026-02-19 07:55:15,,,,com.facebook.lite,Facebook Lite
401548c0-f4cb-436f-8fce-1fe9768a9a68,ViLyn Gretchen Lamborghini,https://play-lh.googleusercontent.com/a-/ALV-UjWpg3h1aYXbxk6rCt0w1VebNo0Apv2qwHNubk7IiOBbP4hHvLY,WORLD CLass App Bravo Muchos Gracias PieL Morena Mi Amor 🤩🤩🤩🤩🤩,5,5,497.0.0.19.104,2026-02-19 07:53:54,,,497.0.0.19.104,com.facebook.lite,Facebook Lite
2e53e474-a346-4dc7-b247-2161c3c2d1ec,Shishir Paudel,https://play-lh.googleusercontent.com/a/ACg8ocKVDgIqWzlJrgA1mvG9HkVLL4Sgo-VEKkphuOvZKm1mVmyyrg=mo,"good ,always",5,0,497.0.0.19.104,2026-02-19 07:48:04,,,497.0.0.19.104,com.facebook.lite,Facebook Lite
91125375-7595-4ac3-84fd-782f1567bc1f,Muhammad Ismail Khan,https://play-lh.googleusercontent.com/a/ACg8ocKrulPG6y2TjJqRJ4MkkETqXjVR4IvidlvkYM4Qyipbimxf8Q=mo,Good,5,0,499.0.0.9.106,2026-02-19 07:47:15,,,499.0.0.9.106,com.facebook.lite,Facebook Lite
44f78cf0-c8a2-44ce-9166-626e3e3fa7e3,Manisha Sahu,https://play-lh.googleusercontent.com/a-/ALV-UjX9_Zec00I1XAGr_f3JwpGOAXsaNKr0ubce-2rSQKIi7lv7R29t,ok ok,5,0,497.0.0.19.104,2026-02-19 07:45:16,,,497.0.0.19.104,com.facebook.lite,Facebook Lite
658bacc3-905f-4a16-ae10-7029dc5cf717,Revenjoy Roz,https://play-lh.googleusercontent.com/a/ACg8ocJ7pPhUl3fCSRweDacFA0BW4wL4872knsDGxl794NXTg6IXFw=mo,very good,5,0,499.0.0.9.106,2026-02-19 07:41:41,,,499.0.0.9.106,com.facebook.lite,Facebook Lite
bc40d9a2-fcdd-42d4-9d22-05febe45d543,Muntasin Islam,https://play-lh.googleusercontent.com/a/ACg8ocJBA5IQwNggzwDKsDTGp_Z9LZ8xmd1D3ubhGncWp5go1dZZfA=mo,🖤,5,0,,2026-02-19 07:36:13,,,,com.facebook.lite,Facebook Lite
e50b8820-14ad-4ff2-84ed-002194e8420e,Sit Seaw (Sit2527),https://play-lh.googleusercontent.com/a/ACg8ocICjUYAuEj3Vh7vwapeFU6b1q1CbW3pHm5YlBkheZlZXekQ4hc=mo,good,5,0,,2026-02-19 07:32:43,,,,com.facebook.lite,Facebook Lite
6b156209-55e0-42c3-97a7-323f99757dc4,justinkimruselle gomez,https://play-lh.googleusercontent.com/a/ACg8ocIw6HYBCfUwV0ILi6Iw3oHWJT8P_BRXWijWWAr40ZGES8WHTQ=mo,good,5,0,491.0.0.7.112,2026-02-19 07:29:50,,,491.0.0.7.112,com.facebook.lite,Facebook Lite
bc12b0f2-ce12-496f-b444-ea173264b7ab,Good News,https://play-lh.googleusercontent.com/a/ACg8ocKilUr71P6dowDFm9ovVtg1omVW9HRksAfD1iDFkNoQL9DlYQ=mo,Facebook always the best,5,0,489.0.0.12.109,2026-02-19 07:28:48,,,489.0.0.12.109,com.facebook.lite,Facebook Lite
95d1bb16-cc89-440d-ad87-e779d42164db,Dondon Maganhan,https://play-lh.googleusercontent.com/a/ACg8ocI3vQbmWgTd_kxeKoQ48ojkdU2PfEugvgEXjqBP4kFYjCFlxQ=mo,nice,5,0,497.0.0.19.104,2026-02-19 07:16:11,,,497.0.0.19.104,com.facebook.lite,Facebook Lite
4144888b-793b-418d-b675-72e3b2c393ae,Shivaji Mohite,https://play-lh.googleusercontent.com/a-/ALV-UjX9kRN2cTigN44txIOUxkSIEvvRC-oxlvsZcWJ6ymHLRNqwewk,very nice,5,0,499.0.0.9.106,2026-02-19 07:14:38,,,499.0.0.9.106,com.facebook.lite,Facebook Lite
a6f5716d-7fcd-49d4-8483-b2ac3bd76c44,Airen Cawaling,https://play-lh.googleusercontent.com/a/ACg8ocI3C-UExTKFHv1Ta8Vb47FWOU-F10rGwAhnFS13DAWZVB5Eqg=mo,nice,5,0,499.0.0.9.106,2026-02-19 06:57:39,,,499.0.0.9.106,com.facebook.lite,Facebook Lite
0c75a885-c0d4-4970-b1f6-3d0c483f8c4d,Mheigan Aala,https://play-lh.googleusercontent.com/a/ACg8ocI4nAEPIQiszcclp-zVhvbDg6QMzo9U58GSzmbio2kLTbC6og=mo,It's not working,3,0,496.0.0.10.103,2026-02-19 06:56:32,,,496.0.0.10.103,com.facebook.lite,Facebook Lite
77ae246f-c4e7-4e25-a15a-828a0c83ccd3,Kelly Bonds,https://play-lh.googleusercontent.com/a/ACg8ocLgaYb9asto0ZkzmF2Zjpjqc29DnPYXJe7KGPU1BW-P1dGz4g=mo,Excellent,5,0,497.0.0.19.104,2026-02-19 06:56:29,,,497.0.0.19.104,com.facebook.lite,Facebook Lite
151e1f73-cd37-4600-a8e5-fb28492fba61,Leyo Gorduiz,https://play-lh.googleusercontent.com/a/ACg8ocItc3OO1qQyJQ486LZvlO2ezSLHHjAYutDPav-KPHuTNV5fVQ=mo,Very nice,5,0,499.0.0.9.106,2026-02-19 06:52:25,,,499.0.0.9.106,com.facebook.lite,Facebook Lite
6c0c06ff-3b4c-4670-bebe-c4d539ca8354,Maricel Medina,https://play-lh.googleusercontent.com/a/ACg8ocITuteEfch6RZHKhHOCNh10ucgfIRr165LeeIbEjTvR2ApSww=mo,nice,5,0,,2026-02-19 06:46:54,,,,com.facebook.lite,Facebook Lite
d53f1f83-d7d4-4598-812d-77f9aa866bb8,Jubilee Cristiano,https://play-lh.googleusercontent.com/a/ACg8ocIcX7m-axOchw7dXW_lLCd-p03q1uSWC_9-3bGvEkedXilLvA=mo,good 👍,5,0,499.0.0.9.106,2026-02-19 06:46:23,,,499.0.0.9.106,com.facebook.lite,Facebook Lite
060214de-50d4-42fe-b5e8-0ce2784520bf,Mylene Sarip,https://play-lh.googleusercontent.com/a/ACg8ocK-Qd0qkjyTjZeh0OnltK72X_oFSwA_tHlDyLF6YdVhkNpP7w=mo,good,5,0,499.0.0.9.106,2026-02-19 06:27:55,,,499.0.0.9.106,com.facebook.lite,Facebook Lite
bbe86e28-fff3-4d98-8453-00cf4770ea01,Honesty Wealth,https://play-lh.googleusercontent.com/a/ACg8ocLnm76dJanXE6uIIMjbkNRxpAVHggq_q-cEJH6ZxSHJow8dwg=mo,reliable,5,0,,2026-02-19 06:26:19,,,,com.facebook.lite,Facebook Lite
1c422eed-d91d-4383-b6d2-ad199dd32fe3,abduljami zwak,https://play-lh.googleusercontent.com/a/ACg8ocKR4dFYnWos93K-PhPEB2xUxbSoLDaW_qdo723EUJmLsqdd3w=mo,nice,5,0,496.0.0.10.103,2026-02-19 06:24:55,,,496.0.0.10.103,com.facebook.lite,Facebook Lite
ccab139c-5517-4ed4-a336-7b977043f076,Ginalyn Bunda,https://play-lh.googleusercontent.com/a-/ALV-UjWbGY2Lsr8nUcehtkFJ6EiuRbNwPyzVTMEwBo_tcUmxzOLIPJk,its great,1,0,497.0.0.19.104,2026-02-19 06:21:26,,,497.0.0.19.104,com.facebook.lite,Facebook Lite
5f1a80e2-2491-452c-be7d-a0e4363f1ea2,Santos Ranie,https://play-lh.googleusercontent.com/a-/ALV-UjUSolA3apSkAteomnjHllLE77MY3gtOKjzZPp128fDAcan0l0Q,mas maganda gamitin kesa meta/beta.,2,0,499.0.0.9.106,2026-02-19 06:14:15,,,499.0.0.9.106,com.facebook.lite,Facebook Lite
4a993241-def7-4509-a44d-39261a9830d4,Kwame Simon,https://play-lh.googleusercontent.com/a/ACg8ocJvE7YfHPYxdQrWyQX_eyC_JeS-7-Eyis-SzbmfmcwLYOJlyw=mo,I always to recommend this app to Google,5,0,,2026-02-19 06:04:07,,,,com.facebook.lite,Facebook Lite
b57e788d-bb0e-4263-b23e-6f818d629964,Omar Faruk,https://play-lh.googleusercontent.com/a-/ALV-UjXxqzg2PuvRo2nGI2WNpY7e4YoFMcPJhxPS4GdlT0uk5pmd_Xfv,love it,5,0,499.0.0.9.106,2026-02-19 06:00:11,,,499.0.0.9.106,com.facebook.lite,Facebook Lite
c300fb00-d02a-4371-a03e-80af29779e03,Kothar Mydeensithik,https://play-lh.googleusercontent.com/a-/ALV-UjXrEtQq0zrPUNZFoyA3oX5zAaS3ZvOD-DcbTzLlMkdBPJ5ZCqs,. குட்,4,0,498.0.0.12.105,2026-02-19 05:44:13,,,498.0.0.12.105,com.facebook.lite,Facebook Lite
bf0a0697-7052-4827-9778-cd43964c3993,LUBOWA PETER,https://play-lh.googleusercontent.com/a-/ALV-UjVM4VWhaQTAFaP5ejjPdssQHQUkF0ukfEhhoIdlW08Cpr0IV-M,To thanks,5,0,496.0.0.10.103,2026-02-19 05:42:23,,,496.0.0.10.103,com.facebook.lite,Facebook Lite
9f538737-ffe3-4a4c-958f-ee65d1609801,Jam Wajid Ali,https://play-lh.googleusercontent.com/a-/ALV-UjUjAlotS4OBPrtW8FR6asCThe1fjE2yurNOB6PJRySlryJcWULU,nice 👍,5,0,469.0.0.15.116,2026-02-19 05:29:49,,,469.0.0.15.116,com.facebook.lite,Facebook Lite
05ee7b06-3527-4b20-ac25-5dea3f81f0f6,B Nandini,https://play-lh.googleusercontent.com/a/ACg8ocLsEm5VoI-TjTVrTI6rNkhO8MExO_FPj_NGswOI8qRZ31IKiA=mo,Fb not installingg,5,4,497.0.0.19.104,2026-02-19 05:28:00,,,497.0.0.19.104,com.facebook.lite,Facebook Lite
48407009-9a7a-41ed-a6f9-a05ba457926f,Nasri Basri,https://play-lh.googleusercontent.com/a-/ALV-UjUEXdXj4_M9qPIYh0zP6kkugsBKMyoDP0J1RHlp5V1j_XcJAp8L,terima kasih,5,0,548.0.0.37.65,2026-02-19 16:09:52,,,548.0.0.37.65,com.facebook.orca,Messenger
d66e82b5-d879-4237-9d5a-9c610f2c9c2f,Diwansh Jatav,https://play-lh.googleusercontent.com/a/ACg8ocLVL5gt8qCCK7-zS0ExMi8zgHaVjHgR1YQsl7v0LApj3JEwYA=mo,ओ मेंटेनर,4,0,,2026-02-19 16:09:44,,,,com.facebook.orca,Messenger
86f51767-96d9-48b9-98eb-b4338e42ac24,Noor Khan,https://play-lh.googleusercontent.com/a/ACg8ocJtgrD_J3xisYhOgqxnhTFLUWEByog1MV-etIzIMG7pU663Dg=mo,"I hate it, it made me frustrating, when I apply filter, it's not applied but not working, and sometimes it's crashing in my phone, please fix this both bug",2,0,548.0.0.37.65,2026-02-19 16:08:41,,,548.0.0.37.65,com.facebook.orca,Messenger
93f4b226-1db7-4daf-82c1-7f1a6e870b9c,Ezekiel Adeleye-Adeoye,https://play-lh.googleusercontent.com/a/ACg8ocIC4AKONI9rZ4SQONE7Fv17RkRZdyYHraEdtQ-CGUDl4OB2Lg=mo,good to use,5,0,,2026-02-19 16:08:29,,,,com.facebook.orca,Messenger
6b74baa8-6596-43aa-976d-33e3f5efc274,Jojo ecnop,https://play-lh.googleusercontent.com/a/ACg8ocJJPY8S6UPPUdbIWHmiFSasmciiESQVXrYZfHimHyNqbFozSg=mo,good 95%,5,0,548.0.0.37.65,2026-02-19 15:58:15,,,548.0.0.37.65,com.facebook.orca,Messenger
64bfd5dc-b598-46e7-8c44-c2114f091e4a,Vilma Anos,https://play-lh.googleusercontent.com/a/ACg8ocJDs4daCQ20V6UTRdu_LL5cTYVfAUUywXjog4dBK3bEA7RZwQ=mo,Hindi ako nakakatwag,5,0,548.0.0.37.65,2026-02-19 15:58:09,,,548.0.0.37.65,com.facebook.orca,Messenger
0a7a738f-5820-4317-9e69-300489fe87b3,habiba tamanna,https://play-lh.googleusercontent.com/a/ACg8ocJ9fAwJSFC0typVGO-aaFxHX14KehhyYiZgsGi33UkRNC6qzQ=mo,খুব ভালো,5,0,548.0.0.37.65,2026-02-19 15:45:56,,,548.0.0.37.65,com.facebook.orca,Messenger
ea8d8d5a-7ba2-4c9c-a336-c93e65a9835e,Thamsanqa Nyathi,https://play-lh.googleusercontent.com/a/ACg8ocJlaVnvIuTHXplIU4KZMRAr_yiLQkID4o_nSRNbJ4Sbpd3pDw=mo,very good,5,0,548.0.0.37.65,2026-02-19 15:40:28,,,548.0.0.37.65,com.facebook.orca,Messenger
a8ce9e05-a03c-4942-92c0-046cfc3d5469,Md Khairul Islam,https://play-lh.googleusercontent.com/a/ACg8ocKP71JYArbejy9TUJ1N7faA3GGOqUINDU_hCNpMi7v9EVm54w=mo,wow nice app,5,0,,2026-02-19 15:37:03,,,,com.facebook.orca,Messenger
2b61d328-f620-4a2e-8d28-0d2444d671d9,Keith Mackintosh,https://play-lh.googleusercontent.com/a/ACg8ocJxU4uKxUMGAzA-RT1rzH_YjlsaWxfdFnP4_LEujSGv01YU2g=mo,bloody exquisite,5,0,548.0.0.37.65,2026-02-19 15:36:59,,,548.0.0.37.65,com.facebook.orca,Messenger
0eff117f-4c29-4d2a-9770-cf1817b9bf1e,Matas Urbe,https://play-lh.googleusercontent.com/a-/ALV-UjUBeaFh6bNRUXmeN5QYPdx2YbRi1innBV0FrxrizC2fnTBuSnLi,"I keep getting logged out of my account even though I give the right log in data, I get back into the account for half a second and get logged out instantly and it's extremely annoying",1,0,548.0.0.37.65,2026-02-19 15:33:41,,,548.0.0.37.65,com.facebook.orca,Messenger
10b25412-193a-4893-b151-c0ab169529fe,Mrs. Jannatun,https://play-lh.googleusercontent.com/a/ACg8ocK4QuM4ELfSQMYvWHuul-uoXDclVs3CMBAaD5k4_qi_sEnGkA=mo,good,5,0,548.0.0.37.65,2026-02-19 15:33:40,,,548.0.0.37.65,com.facebook.orca,Messenger
6e97f12f-f7fd-4e54-a7c1-b0aa1425f25b,Bhoj Raj,https://play-lh.googleusercontent.com/a-/ALV-UjUGxKT9Wfq9pSEqIZnJlJwlE7fHvdny1hViAzLXtJJ-cVRqCNC1,very good 👍,5,0,548.0.0.37.65,2026-02-19 15:26:00,,,548.0.0.37.65,com.facebook.orca,Messenger
1ee47514-b684-4fdf-aeb7-826aff99fdfe,Joshylal Vr,https://play-lh.googleusercontent.com/a-/ALV-UjWlfS75JgVPkspXDF2CWgjE0OOU3ck7LTHw2rk7fLXqYEtTXdyMNg,good,5,0,548.0.0.37.65,2026-02-19 15:25:26,,,548.0.0.37.65,com.facebook.orca,Messenger
f5944d54-3bda-4022-a518-629d8cbf0dce,Quinn Berroya,https://play-lh.googleusercontent.com/a-/ALV-UjVQ1At48aGX0aPSGbVULqWNiQfxm7HuvWpu_kxDCJZxOh3h2gU,why did you delete all songs ?!,1,0,,2026-02-19 15:22:31,,,,com.facebook.orca,Messenger
1fc90c54-0512-48f6-87f3-63a9e39679eb,Kirill S,https://play-lh.googleusercontent.com/a-/ALV-UjWo7q6-a2gf1nOhAx_Y8GsYQirhSQ5c5fuHu5KT1vw8eHv0bF2e,full of bugs,1,0,548.0.0.37.65,2026-02-19 15:20:31,,,548.0.0.37.65,com.facebook.orca,Messenger
2e3e0874-1a14-43ed-87c2-91272567c7e3,Angelu Abarcar,https://play-lh.googleusercontent.com/a/ACg8ocIqvm2kOpc3mXRyX2hWtf-41s6nMR9flPZmEDHVE8g48iaL0Q=mo,its good and nice app,5,0,,2026-02-19 15:18:34,,,,com.facebook.orca,Messenger
e6519536-0bd1-4cad-9849-90b83f3886f8,Hser Nay Eh Ywah,https://play-lh.googleusercontent.com/a/ACg8ocKtwLICvBEqHyYedBW8T41L3vKJ7fjwhtKTmxu7_F6rQ9zEmw=mo,Ok,5,0,548.0.0.37.65,2026-02-19 15:16:34,,,548.0.0.37.65,com.facebook.orca,Messenger
52fc6984-c008-433a-a8f1-59572a47837d,ARBOL,https://play-lh.googleusercontent.com/a-/ALV-UjXj4t0Vv5phcPGrL4l6MdxYGX6GiHxZJ1OItn21tdEeSUFOCphi,great,5,0,548.0.0.37.65,2026-02-19 15:14:06,,,548.0.0.37.65,com.facebook.orca,Messenger
f3f96f44-e12e-472e-a75e-e59d00f0807c,ana folau,https://play-lh.googleusercontent.com/a/ACg8ocK-l_WslCInYBYcu1PiFtk1gV8S7LHS94CSFdhoAUCq2bTt5A=mo,best,4,0,,2026-02-19 15:13:05,,,,com.facebook.orca,Messenger
7b9182cf-d822-41d0-b0f1-fa545258983f,Gina Aggang,https://play-lh.googleusercontent.com/a/ACg8ocICz-8Am7dr7Qo5Awg8uqjAHhvJ9i2rBtnBppaUdy-1cEV7-g=mo,why suddenly disappear my messenger app?,5,0,548.0.0.37.65,2026-02-19 15:12:07,,,548.0.0.37.65,com.facebook.orca,Messenger
a313d34d-2b4e-41ce-bb62-49db404002fd,Peter Gustav Wentzlaff,https://play-lh.googleusercontent.com/a-/ALV-UjWNQQsbfM9MfEsDmBTNr-wZ5ddjJV7bF1W2an4iBAqOVRuqHBLIfg,excellent phone connection,5,0,548.0.0.37.65,2026-02-19 15:12:07,,,548.0.0.37.65,com.facebook.orca,Messenger
146f0463-a468-4aba-b0fd-fdfd0362bdbd,mutaleb hossen,https://play-lh.googleusercontent.com/a/ACg8ocLQRkm6dpu7rzLOfQ_yWqrUVCAqWTCb2Ji5fnXOzyUmwKrI=mo,Nice Apps,5,0,548.0.0.37.65,2026-02-19 15:11:00,,,548.0.0.37.65,com.facebook.orca,Messenger
f8002d51-39b1-4316-a2fd-9295833d163c,Sangram Singh,https://play-lh.googleusercontent.com/a-/ALV-UjXU24VDrudFUNgIKgQKQiCAXHnJXmEyqGMXOdykYyEo0L39Jj4,🫵😍🥰👌,5,0,,2026-02-19 15:10:40,,,,com.facebook.orca,Messenger
b37f0143-57e8-4ee1-a005-f2c6749aab85,Eugenio Gutierrez,https://play-lh.googleusercontent.com/a/ACg8ocJsyguD3_HDOiWC0qx-tR5k9HFGm-cpvPEFVy4OjARoRTlC5A=mo,O Won't let me update a name! What a trash Pp,1,0,548.0.0.37.65,2026-02-19 15:08:40,,,548.0.0.37.65,com.facebook.orca,Messenger
be1de1df-68fe-4eea-9912-cd2ae33dd448,SUJIT KUMAR,https://play-lh.googleusercontent.com/a-/ALV-UjWP2RPI3HSGEwdZrgNAaFMjqXSjxebESb8C1xNlEgRRYkMWxz4,good,5,0,548.0.0.37.65,2026-02-19 15:04:20,,,548.0.0.37.65,com.facebook.orca,Messenger
c25dfd2f-26cd-4af9-a9d5-9512b84a9bd3,Clerish Persliy,https://play-lh.googleusercontent.com/a/ACg8ocILRKvcUpQO0ceR9xxUmunWTYj13RUOrIp8Cm1t8dSA7SE7Tg=mo,lovely and nice,5,0,548.0.0.37.65,2026-02-19 15:03:23,,,548.0.0.37.65,com.facebook.orca,Messenger
641284cf-2851-4243-b703-e746aa9540d4,J Foote,https://play-lh.googleusercontent.com/a/ACg8ocKEs2tQboQ-Bvn_j0HJdksthvPToBsqD6rIkRhJox-Hdq_X6A=mo,Channel invites are ruining my experience. Especially the ones at 4:23am,1,0,548.0.0.37.65,2026-02-19 15:01:55,,,548.0.0.37.65,com.facebook.orca,Messenger
07dec8d1-3de4-411a-98fc-1f831d8f5b09,Super Human,https://play-lh.googleusercontent.com/a/ACg8ocK8DigfSw6ij3pXETkXw32g_1F5m-qwCJ9A973v910kxf_qoQ=mo,"It's pretty good. It's been updating a lot more recently, and although it has some good changes, it also has its own equal hand of things I don't like. And one of those things would be the fact that we can't message or add someone in a group chat if we weren't already friends on Facebook not like how it used to be. That's all for now. I generally don't like the new continuous updates. PLEASE change it back, mainly the part where you cant message some1 unless they are your friends‼️",3,24,548.0.0.37.65,2026-02-19 14:54:27,,,548.0.0.37.65,com.facebook.orca,Messenger
00aa2f95-a1d4-47b1-b77c-484f1bd1cdee,smooaa Mhara,https://play-lh.googleusercontent.com/a-/ALV-UjW0VODHBs93-f3BXqvj1OVv7x9e_VT039TcoFdqaNLBfv3yQU5L,"very nice Application ,thanks",5,0,548.0.0.37.65,2026-02-19 14:50:49,,,548.0.0.37.65,com.facebook.orca,Messenger
f2e33fbe-b886-4635-9b5b-722c31d57079,Rose Garsedah,https://play-lh.googleusercontent.com/a/ACg8ocI5nOVS6jQ5FJwbNh8gQ9vrJCzdQQV-svvYkOwkl_hPgBy8gg=mo,"Useful, social and expressive.",5,0,477.0.0.50.99,2026-02-19 14:49:43,,,477.0.0.50.99,com.facebook.orca,Messenger
4ac72a1e-6538-4f11-80a7-b83d55b10d6e,Muhammad Imran,https://play-lh.googleusercontent.com/a/ACg8ocIPs0uap_hhZHqDQbRh-pwg7-enrh02gbytcLmoGpXiG7mObQ=mo,Good,5,0,548.0.0.37.65,2026-02-19 14:44:50,,,548.0.0.37.65,com.facebook.orca,Messenger
c01c7ff7-2e7b-4f47-abd9-db4c6fcb0103,Cynthia Winsett,https://play-lh.googleusercontent.com/a-/ALV-UjVfVWyNjoKPlijdY0ZOx3HsWlULBwJUbzl8fpRE6srfiL-BiVNh,I love it so much,5,0,548.0.0.37.65,2026-02-19 14:31:03,,,548.0.0.37.65,com.facebook.orca,Messenger
6ec37e83-2f4c-423a-9241-f9e1b9c3f954,Senthil Kumar Subramaniam,https://play-lh.googleusercontent.com/a/ACg8ocLmV_ABUK5-6A0G8IdnvhgRn0fp4THFkn8TWGQaVzS3TOyBM9s=mo,good,5,0,548.0.0.37.65,2026-02-19 14:29:20,,,548.0.0.37.65,com.facebook.orca,Messenger
8e4c1321-1ced-4c66-8c47-82a24c37c969,Veronica Carreon,https://play-lh.googleusercontent.com/a/ACg8ocKkuRTAyBk_A_aan2w6U5bUPaGJw22o1qqJZgYWWlh_zaUJcg=mo,nice,5,0,,2026-02-19 14:28:03,,,,com.facebook.orca,Messenger
c3a888e8-bd49-4d8a-885e-22ad3511d063,Princess Raynalyn Ricohermozo,https://play-lh.googleusercontent.com/a-/ALV-UjVlo6SwjQNd0eDh9Fr57pWdEgRlaVnNJ47VGZRSbMHejfCryYLq,I can't see photos when someone se nds a photo and is always not working even when I hav a signal.,1,0,548.0.0.37.65,2026-02-19 14:26:21,,,548.0.0.37.65,com.facebook.orca,Messenger
1196d42f-0f89-4f6b-a206-2e462773686f,Auwal Bala,https://play-lh.googleusercontent.com/a-/ALV-UjUOByOzOLq99TMcgkWZJeTD8Q9p8v7kQ338NwQs5SqRgVk2MzJj,good,5,0,,2026-02-19 14:14:27,,,,com.facebook.orca,Messenger
f813c9bb-fd18-46df-980f-f08e48225431,Mst Ritha,https://play-lh.googleusercontent.com/a/ACg8ocJYA5rDtRtoK8wfj8s1penVunIHNieTB2NObjPvCmfBVjla=mo,nice,5,0,,2026-02-19 14:13:13,,,,com.facebook.orca,Messenger
8b190fe8-a7e8-4f56-a4a3-77c3ae34b051,christine williams,https://play-lh.googleusercontent.com/a-/ALV-UjWPBIAJ7vMXhyLcMC4sqE0WSrfmDJYgw40cW1zfSszLIoPX7keJyw,Just great,5,0,548.0.0.37.65,2026-02-19 14:06:07,,,548.0.0.37.65,com.facebook.orca,Messenger
81ce0df8-c7d0-4756-9d32-a4f55ff54251,md Alamin,https://play-lh.googleusercontent.com/a-/ALV-UjWLrqSY76cbNDvb986uRb_dqECeZnN61-Y8E8sN-qt2dKBMsIjS,Good,3,0,548.0.0.37.65,2026-02-19 14:04:32,,,548.0.0.37.65,com.facebook.orca,Messenger
81f80251-441b-44b6-82e0-1c66218ee5ef,"Malanao, Cryshia Mae Abejo",https://play-lh.googleusercontent.com/a-/ALV-UjUyqs1M14cfXqo3kfn_Ezt2Df3oWKxYJqSdZL8AUrquogaSz4P0,can't have notes,1,0,548.0.0.37.65,2026-02-19 14:04:26,,,548.0.0.37.65,com.facebook.orca,Messenger
b08e18ae-72a7-410a-ba66-c372ebe0b47f,Anthony Gonzales,https://play-lh.googleusercontent.com/a/ACg8ocIoY58CZ9tzYrN--ys2oeAUizX0rmd-lhrQX9YVsdPEGDymrA=mo,realy good use,4,0,,2026-02-19 14:04:13,,,,com.facebook.orca,Messenger
003788e3-e74f-4462-8dd3-ed72fb566a70,Avinash Magar,https://play-lh.googleusercontent.com/a/ACg8ocJTJNXXPgnFckX2qciN5t4LG-y8vm2bKj6ShLcO4H_wOblc0A=mo,oopi aap he 😄😄,5,0,545.0.0.27.62,2026-02-19 13:58:37,,,545.0.0.27.62,com.facebook.orca,Messenger
4aa6e98b-e4e8-47d5-af98-fc344e2807ef,Joshua Garcia,https://play-lh.googleusercontent.com/a-/ALV-UjWR2E5tabpTgc4WQG6MvTf2qUSME-kX78y4r8-IYTbJhbDHYh4,very good,1,0,548.0.0.37.65,2026-02-19 13:51:23,,,548.0.0.37.65,com.facebook.orca,Messenger
c018b53b-d8c8-4376-8f38-936d9a480a4d,Karabo Daphney,https://play-lh.googleusercontent.com/a/ACg8ocJgbWN-sLbP85Ybv2f7AbEPT2EbEsyS4omdCOnBrOH1JOxRng=mo,just perfect,5,0,548.0.0.37.65,2026-02-19 13:50:15,,,548.0.0.37.65,com.facebook.orca,Messenger
e7c2d4a2-2605-4d2a-a30e-f2cc2be68da5,JJ time Mumbai,https://play-lh.googleusercontent.com/a-/ALV-UjVV1gTok3_8Nuzag6T6m3KLwHS7zc62UZv06oKqHvS3hSyv-kM,Nice 👍👍👍,5,0,,2026-02-19 13:47:37,,,,com.facebook.orca,Messenger
e6b74473-fd5c-4013-a149-35872f5e8843,Juboraz Islam,https://play-lh.googleusercontent.com/a/ACg8ocL3oNJqCyRHcVc4W46M_lIogCDGvYncm_zx8eTK6jAJCdro9Q=mo,Nice app,4,0,548.0.0.37.65,2026-02-19 13:46:34,,,548.0.0.37.65,com.facebook.orca,Messenger
2e18400a-3716-4d70-adec-79b0562642ed,Hm Răihån,https://play-lh.googleusercontent.com/a/ACg8ocJ_XNAfOFBXVZvQd4A19RQ4BkNcVSpstbA1j6v6UDhj9doQNQ=mo,nice app,5,0,548.0.0.37.65,2026-02-19 13:45:21,,,548.0.0.37.65,com.facebook.orca,Messenger
5ba939c2-5b19-4d17-9da9-2cb9230254fb,David Estrella,https://play-lh.googleusercontent.com/a/ACg8ocKxB1jjirbQwoi5kGfXBfmGYB3J9sRPP1PR8ujdArKDtDtKHQ=mo,"so many scammers offering money, don't share your phone number to strangers",1,0,,2026-02-19 13:44:08,,,,com.facebook.orca,Messenger
0dcc2ec2-bb80-4e5f-9764-3cce8183f88f,Jheceleene Barlam,https://play-lh.googleusercontent.com/a/ACg8ocLrg2RpeBI-CvGcKnSOWQRIDGScZP-nizOf1WkA8O7K2bKe8w=mo,can't see others message need to update?,3,0,548.0.0.37.65,2026-02-19 13:42:53,,,548.0.0.37.65,com.facebook.orca,Messenger
239baa09-79d5-475a-a4bd-c9cd584f690f,shame gajeni,https://play-lh.googleusercontent.com/a/ACg8ocKacqec7W0i6iDcn5FteKVamzs6xllCgL2NBAKfCLmuW0GeLw=mo,Good,1,0,547.0.0.44.68,2026-02-19 13:34:14,,,547.0.0.44.68,com.facebook.orca,Messenger
82d20b5c-ea74-42f0-8f37-405f091944cd,Rajan Panday,https://play-lh.googleusercontent.com/a/ACg8ocLQG1rpnKMECUqE6-qS2RjgpCZxs-ZX9HhZWDIArnhatS1x=mo,good,5,0,548.0.0.37.65,2026-02-19 13:33:49,,,548.0.0.37.65,com.facebook.orca,Messenger
4eccbda6-f043-417d-8f5b-ea3722957925,nelson dacanay,https://play-lh.googleusercontent.com/a/ACg8ocKor7LJuL8f_BXvAkWuRG5CayuyyLITr13VgRowP4jyWcfifA=mo,ok,4,0,548.0.0.37.65,2026-02-19 13:33:21,,,548.0.0.37.65,com.facebook.orca,Messenger
2fa471dc-9177-4a59-81d7-2e172583056b,Thigulla Uma,https://play-lh.googleusercontent.com/a/ACg8ocKnZfbD1OYwKdxcsVND78TLQA_8kXmVNeCPR6XZz7_4AaZj3Q=mo,good,5,0,548.0.0.37.65,2026-02-19 13:28:19,,,548.0.0.37.65,com.facebook.orca,Messenger
60e3bc7d-410a-48b1-a397-028e25b82ab4,Rasel Rana Ripon Ripon,https://play-lh.googleusercontent.com/a/ACg8ocL-2QCfh62BY-6QGgWdofjFgTibsF6BPqoL5LHfx7WCp02LVw=mo,good,5,0,548.0.0.37.65,2026-02-19 13:25:37,,,548.0.0.37.65,com.facebook.orca,Messenger
85c2cf01-e818-4d62-995b-08a37596cb21,Md Raza,https://play-lh.googleusercontent.com/a/ACg8ocIzXgrYB8DSWfpw3l6oVMmnrtV6DEeGJC1t4ZzcNsEmOUejTQ=mo,its nof goood,5,0,548.0.0.37.65,2026-02-19 13:25:05,,,548.0.0.37.65,com.facebook.orca,Messenger
fc235cdb-26f6-43a6-ab19-ecbabc589ab0,Imran Ahmed,https://play-lh.googleusercontent.com/a/ACg8ocLDCwQk7--R83oZ1r5y8t-o7UNL_wx9T61YrdCUM-A_qkyKZQ=mo,Awesome,5,0,548.0.0.37.65,2026-02-19 13:23:17,,,548.0.0.37.65,com.facebook.orca,Messenger
2b5841a6-55cf-47de-bb0f-efeac417a368,Kent Ferguson,https://play-lh.googleusercontent.com/a-/ALV-UjVUf-ER0GPW3Sx4MkDEqmh8reCH8U761ryruDOnGLSoAx-iK7IG,does the job,5,0,548.0.0.37.65,2026-02-19 13:22:33,,,548.0.0.37.65,com.facebook.orca,Messenger
45a51a9a-d554-4614-bb0f-58b5b98708e8,Teju Bhai,https://play-lh.googleusercontent.com/a/ACg8ocJlsnvl4EzNVmOB86bDurnoQcZsgqLKuS4lwHn8eN2Fm_QfdQ=mo,good service,5,0,548.0.0.37.65,2026-02-19 13:22:09,,,548.0.0.37.65,com.facebook.orca,Messenger
eecef12b-f813-4d08-a3bd-6a85b904a476,David Maslo,https://play-lh.googleusercontent.com/a/ACg8ocK_Wyg46OesevSxcBHHD1pkWMpqCerDgbcIYfw1dk-90nNLKg=mo,just keeping it real meetings face to face🇺🇸💯🤠☠️💞👣👣✍️🤘👌🤟.$!,4,0,548.0.0.37.65,2026-02-19 13:12:53,,,548.0.0.37.65,com.facebook.orca,Messenger
99f57605-c538-4bf1-b959-57b5d5fc27b8,Elisha Mwenesi,https://play-lh.googleusercontent.com/a-/ALV-UjWMAZe0fhDbukzAfhRsudrbYdb2OMkxQU6y5ZRnco8L7evLpX6b,Reliable app.,5,1,546.0.0.35.70,2026-02-19 13:02:45,,,546.0.0.35.70,com.facebook.orca,Messenger
2be62af3-9f64-425b-81d5-c3d3b17bfcf9,Bitu Kumar,https://play-lh.googleusercontent.com/a-/ALV-UjW7JJSqZl6wfhiH4hb1yS7U8JWrviPlsrkmWQNPTF1rldPiF6-WkA,👍,3,0,548.0.0.37.65,2026-02-19 12:55:13,,,548.0.0.37.65,com.facebook.orca,Messenger
892dd421-efe4-492c-8843-ffaa6191f9de,Manjunath Ganiger,https://play-lh.googleusercontent.com/a/ACg8ocIiB0yzIHggUkGuxeF-W3mRRLOinBwyXbgMJ9SKPz4cY6uuag=mo,🙋🙋,5,0,544.0.0.17.379,2026-02-19 12:51:04,,,544.0.0.17.379,com.facebook.orca,Messenger
551bc632-e463-4f22-a6c1-36d91402d7be,Jon Blue,https://play-lh.googleusercontent.com/a/ACg8ocId7oClyJLlXG0PySg7r18mQsHsPK0Cz-Up4ooFGfTnXwDu=mo,ok,5,0,,2026-02-19 12:50:44,,,,com.facebook.orca,Messenger
30e095a7-7db8-45c4-af40-147736a0234f,Ram sharan Chaudhary,https://play-lh.googleusercontent.com/a-/ALV-UjXW2Hp0V6p1fzhePvXtq9gDdCu4U_-yL5X5Od9r7WQvAhTcBobs,why my video call problem,4,0,,2026-02-19 12:44:40,,,,com.facebook.orca,Messenger
72785eb4-2afe-4a4d-a4c7-66117174c1e5,Selwyn Nalus,https://play-lh.googleusercontent.com/a-/ALV-UjXXZB2Wg8kAHhMMSqg6GfFMi_Mpjh1c9bX6qYl4NIp5g0of21pV,so buggy,1,0,548.0.0.37.65,2026-02-19 12:39:47,,,548.0.0.37.65,com.facebook.orca,Messenger
7c281394-f45c-40b8-984f-304aad9b5d3b,Ripon Meherpur Chowdhury,https://play-lh.googleusercontent.com/a/ACg8ocJ0ArKJRINUjGlT5APA6CyzHigrttAA2zYjGubdsDhmDzcN4g=mo,খুব ভাল,5,0,548.0.0.37.65,2026-02-19 12:38:46,,,548.0.0.37.65,com.facebook.orca,Messenger
98ea8f31-0b78-427d-b5d1-ba4e1da4886a,Joseph,https://play-lh.googleusercontent.com/a/ACg8ocJCy3wa5PzcRyXRtVTureUP8mbmJE0kKXN4NbaVMjmlU8Cxhw=mo,Nice,5,0,522.0.0.58.109,2026-02-19 12:35:09,,,522.0.0.58.109,com.facebook.orca,Messenger
6b48a251-8846-494b-8736-72c8219ff865,Moe yu,https://play-lh.googleusercontent.com/a/ACg8ocKIBAbKxdzYov-8D_wi-kDdjKIf680qW13E2Cv8uJNEmvstQg=mo,Moeyu,5,0,548.0.0.37.65,2026-02-19 12:27:33,,,548.0.0.37.65,com.facebook.orca,Messenger
d33c792f-0cb7-42c0-8d1d-b95e6ef12a50,Rifaz Kp,https://play-lh.googleusercontent.com/a-/ALV-UjUD6ZS1yWan10xI4LkiA56FpG56eeJivRnHSw_kTsMD0IZ00jMUTg,good,5,0,548.0.0.37.65,2026-02-19 12:24:56,,,548.0.0.37.65,com.facebook.orca,Messenger
55656bfd-87c0-4857-8d8f-5463ead2d60e,Md shafik Mia,https://play-lh.googleusercontent.com/a-/ALV-UjUNL7pC2AksRtExnRZI0rrpG15aZKOmQXJHDJWffbQq7s0sSLXz,সমস্যা কি,5,0,,2026-02-19 12:24:44,,,,com.facebook.orca,Messenger
aa134c9b-f98a-4bda-a5bf-a53c4a2f206e,Sumit Meena,https://play-lh.googleusercontent.com/a-/ALV-UjUjJ2V0pxeJy8z0ruksFo9UIANJM24koCRpvEnN5HTO02wmUz_0sQ,all good 👍,5,0,548.0.0.37.65,2026-02-19 12:23:31,,,548.0.0.37.65,com.facebook.orca,Messenger
a3817c07-7a87-4677-8cd7-17f0cd1acece,Mfundo Simelane,https://play-lh.googleusercontent.com/a/ACg8ocLGl20qQDInBbZscgMgdPKnUqPyvsUMrwoAOttxGN3l-G-WpQ=mo,so great,5,0,544.0.0.17.379,2026-02-19 12:20:11,,,544.0.0.17.379,com.facebook.orca,Messenger
39ffe638-7909-4a35-b64d-ab51202917be,Ashok B Karma,https://play-lh.googleusercontent.com/a-/ALV-UjXsOIITFbvIHbR2Yj2E_uVKzC1mCK744Ix-xY_d1NMmuegwbFQ,all good,5,0,548.0.0.37.65,2026-02-19 12:19:41,,,548.0.0.37.65,com.facebook.orca,Messenger
029f24d6-a324-4e8f-ad26-9928c3432400,Jamie Kifer,https://play-lh.googleusercontent.com/a-/ALV-UjXcfv1xPQA-kPMJhfGDeq6T_61hrRqxNxpzuAyE6nv2Jj7QuuzDLw,when I am talking to someone thru messenger it lags really bad. my friend will say something and I'll answer but they don't get or hear my response until like 30 or more seconds later. it's becoming quite annoying,3,0,548.0.0.37.65,2026-02-19 12:19:16,,,548.0.0.37.65,com.facebook.orca,Messenger
6bf8119b-b6c7-462d-9a91-307e4c9b04e5,Thresa Nyeleti,https://play-lh.googleusercontent.com/a-/ALV-UjWkKF7QZNONCCvnDdFMtWWBDCJaqLB68JknxlcjOPU0UXm8AKSjfQ,I love messenger it's faster and free hence reliable.,5,0,537.0.0.52.109,2026-02-19 12:17:31,,,537.0.0.52.109,com.facebook.orca,Messenger
2f7d6822-4a54-4d66-a7c6-af9e017dd29f,Liton Hasan,https://play-lh.googleusercontent.com/a-/ALV-UjWlTYO0HUhuDp4py2ctLHgsLLt0WO9F9U24N3m_CiwiJOEGwOzN,good,1,0,548.0.0.37.65,2026-02-19 12:15:15,,,548.0.0.37.65,com.facebook.orca,Messenger
e67f3ff9-6d4a-4e84-b8d8-0e4005694ff1,Azeem Shah,https://play-lh.googleusercontent.com/a/ACg8ocJApC_eFtLc3nWQtt6zr88nDU6Oh8C9K6sf4_uV9JIM_MzQ2g=mo,nice and useable,5,0,,2026-02-19 12:09:46,,,,com.facebook.orca,Messenger
efb9c133-9ce6-450b-b7ff-71447f437703,Teodora Zafra,https://play-lh.googleusercontent.com/a/ACg8ocLDxsMvHw7kzSPHFjzZnVI3sp8dVLXZXBgJ0w0tCFQ4dZxVcQ=mo,Good and nice,5,0,,2026-02-19 12:06:29,,,,com.facebook.orca,Messenger
fefb544c-e86d-4df5-83d8-c25c24923eb2,Otieno John Kanty,https://play-lh.googleusercontent.com/a-/ALV-UjUfjEKlmwNMt6xCnrMh0nLkTa4gOEUWLvxhRO7NBBw0i9tn_ukS,good,5,0,,2026-02-19 12:06:23,,,,com.facebook.orca,Messenger
b9b862bd-bb3f-4f10-986e-a82d144072f8,Pradip Yadav,https://play-lh.googleusercontent.com/a-/ALV-UjUeSVOrJDWGD0rvnqsxEIHkRi8Z--yjKlWvd0czlfUUDStFrC171g,yippee,5,0,548.0.0.37.65,2026-02-19 12:04:04,,,548.0.0.37.65,com.facebook.orca,Messenger
a311ee14-4b9b-427a-9d23-f78e26e1b445,s.k. sathish,https://play-lh.googleusercontent.com/a-/ALV-UjXamgM1AlFWlIHc91ORBvz4PsRSxx7MJoZbJQ8dn96_qpwB51De,"very professional,and stable information",5,0,544.0.0.17.379,2026-02-19 11:59:43,,,544.0.0.17.379,com.facebook.orca,Messenger
0f90236b-0dd9-4d17-9f95-679a15d7ec52,Emerson Condino,https://play-lh.googleusercontent.com/a/ACg8ocL0S_bZ6z1kl6y7o5UNE87MwhsG_ZBdJXCJTKl-G1g9H3dLgw=mo,nahina ang audio ng messenger bat ganon?,1,0,548.0.0.37.65,2026-02-19 11:56:08,,,548.0.0.37.65,com.facebook.orca,Messenger
87474295-3698-41ba-819d-a62082273181,Mehedi Hasan Sheikh,https://play-lh.googleusercontent.com/a-/ALV-UjWza2pQoKg7LacgtTF1TpPDLymHns-W9I_QgzgW2XHYcHV_kPNe,🥰❤️‍🩹,5,0,548.0.0.37.65,2026-02-19 11:55:28,,,548.0.0.37.65,com.facebook.orca,Messenger
082ac562-1f35-4c32-ace7-f23a6c13a15c,"EB-IB, HONEYLYN JOY A.",https://play-lh.googleusercontent.com/a-/ALV-UjWeZMLjbXQkmzjxz9a7o_LN9Pcrk-hLMnILbWXHRH7qId3WIoGU1w,dili ka send ug files samoka di pud mapindot ang options,1,0,548.0.0.37.65,2026-02-19 11:49:15,,,548.0.0.37.65,com.facebook.orca,Messenger
71318808-5d03-4935-8e1b-ba12514f944d,Jesse John05,https://play-lh.googleusercontent.com/a-/ALV-UjX4kNs4RNAB_zZf-6EDESX4eoE6Vy8spjHI7KUVMwnefjGoiKa1,fantastic job,5,0,468.0.0.45.109,2026-02-19 11:42:23,,,468.0.0.45.109,com.facebook.orca,Messenger
f0b42a81-ee49-4463-9a25-6643f2e6d7d2,Tamim Akon,https://play-lh.googleusercontent.com/a/ACg8ocIBKUX0xzdfksiqCKa0LpsgpwRdA-xBlUGlHTxZxHUMyNY2XA=mo,most wonderful apps,1,0,548.0.0.37.65,2026-02-19 11:41:55,,,548.0.0.37.65,com.facebook.orca,Messenger
19272949-198b-4547-b860-008c610105ae,BlazeGamer100,https://play-lh.googleusercontent.com/a-/ALV-UjXpqbLnKtgsvbMoqvyRi8BdT4zKLqjnI7GsRo_fniDEY8RAbPFn,good app I like it,5,0,548.0.0.37.65,2026-02-19 11:39:38,,,548.0.0.37.65,com.facebook.orca,Messenger
f525a5d5-1877-4df3-bcc5-70404c86cc3f,Joven Tatad,https://play-lh.googleusercontent.com/a/ACg8ocIALU5-HpMnq1griE0eueFcQglUMIg2jR5HSvYpdMNHCHkk=mo,dont install messenger,1,0,545.0.0.27.62,2026-02-19 11:28:49,,,545.0.0.27.62,com.facebook.orca,Messenger
268d75ca-123a-4b96-ad4f-0b9f600ecdd2,Amerhassan Hadjinor,https://play-lh.googleusercontent.com/a-/ALV-UjVxtqJ9xCr0AYntwDvp7tx8r1295YMwYX_1Rh6qN03xemj2gqE,I like it,5,0,,2026-02-19 11:25:05,,,,com.facebook.orca,Messenger
f8b1fd0d-58dc-42ac-ba44-f045c2758e66,Among Scovia,https://play-lh.googleusercontent.com/a/ACg8ocLHZH2AtSsWqLhnk4Mr92vCoVsyor0gi1_wedQgBo_L4bMo_w=mo,please very poor its not accepting calls,1,0,548.0.0.37.65,2026-02-19 11:21:31,,,548.0.0.37.65,com.facebook.orca,Messenger
d64fc9f7-aa12-4eb9-b38b-327a0fbc85dc,Ajmal Babakarkhel,https://play-lh.googleusercontent.com/a-/ALV-UjU5dtXyaV2jHhQBYiIZTiUOAq5kSeVHiQpNUAAFBJ_e2wreZ9Va,nice,5,0,548.0.0.37.65,2026-02-19 11:20:59,,,548.0.0.37.65,com.facebook.orca,Messenger
20963584-2ebe-4bc8-9601-1259890d16c6,Mel,https://play-lh.googleusercontent.com/a/ACg8ocJtLO_EJKLqQVp66cZMsp2pn84ZZjH_Rod_TjchMRy5uTtFkwA=mo,@Developer - hope you'll have an option to auto delete messages or delete messages without a trace,1,1,548.0.0.37.65,2026-02-19 11:17:53,,,548.0.0.37.65,com.facebook.orca,Messenger
67b4915a-86a5-43bc-a69d-86d5d8e043f2,mike olguin,https://play-lh.googleusercontent.com/a/ACg8ocK-018pnt0iTDZ0PjtqRoQG8t2toGPy3qB7QkG3X-a8l23DOQ=mo,I love it thank you facebook,5,0,548.0.0.37.65,2026-02-19 11:15:10,,,548.0.0.37.65,com.facebook.orca,Messenger
6b25dfd3-ce44-48ac-9335-adbcfb1de56f,Lalit Bahadur,https://play-lh.googleusercontent.com/a/ACg8ocJ9BO9LhClQ6cCknnc2fKPJTh03timd2Fq3lXwn2VQ6knizTg=mo,message filter not working,5,0,548.0.0.37.65,2026-02-19 11:14:43,,,548.0.0.37.65,com.facebook.orca,Messenger
2f344146-f599-47a5-93c1-e6d7f91c1827,Tamen Blessing,https://play-lh.googleusercontent.com/a/ACg8ocLrQdBrDOk3TVuvQqMZ92xMFvjRsm187KMRapIEA6--R_DDyw=mo,it good and fast,4,0,548.0.0.37.65,2026-02-19 11:13:17,,,548.0.0.37.65,com.facebook.orca,Messenger
5991d3aa-897f-4fd8-9b24-32e05e29ab47,Rald John Aquino,https://play-lh.googleusercontent.com/a-/ALV-UjUydUsiCSjAttKYG4MvEKCVjtHl6M9Ek7lgIm2_KZRuZH87djgA,very good,5,0,548.0.0.37.65,2026-02-19 11:10:10,,,548.0.0.37.65,com.facebook.orca,Messenger
1133706c-fc1d-4d64-bc6a-b5301d1724c0,Anthony Balboa,https://play-lh.googleusercontent.com/a-/ALV-UjUMcTMwpVbZVAELwH29fXVc4uSJSYqU13zFwGQbRJkQHDJq5jI,very good,4,0,548.0.0.37.65,2026-02-19 11:08:26,,,548.0.0.37.65,com.facebook.orca,Messenger
bc723820-4013-4d71-936d-0be9bc8a5099,Rakib Hosen,https://play-lh.googleusercontent.com/a/ACg8ocIx7RxVyiFfCJRMxoIFXwtmEmx-0c3RJqaYUMR-LPCSXwaPzQ=mo,lag,5,0,,2026-02-19 11:06:28,,,,com.facebook.orca,Messenger
4c120b0e-79c3-4375-b170-17a46dd3bbd6,thamizh Arasi,https://play-lh.googleusercontent.com/a-/ALV-UjWslinHi8jLL2cJ7oIB--wdaJDy_ZSd3l_wpZ6ksVQRnTkQvDLZ,super 5 star,5,0,548.0.0.37.65,2026-02-19 10:53:00,,,548.0.0.37.65,com.facebook.orca,Messenger
28617bf5-653c-40bc-ace0-9ff24e85d2bf,Beebo Goblin,https://play-lh.googleusercontent.com/a-/ALV-UjWnV1E9-0DKvwFOJESHrdtgZv1QylZRp9cxGvJ-6RgKdn9gzZhr,Great fun.,5,0,548.0.0.37.65,2026-02-19 10:47:09,,,548.0.0.37.65,com.facebook.orca,Messenger
de4020b0-6186-4d24-874b-a6320f59ff76,Sandeep Kumar,https://play-lh.googleusercontent.com/a-/ALV-UjXQVeKTsPzqktxpaUePJ3qpOSl51tbbyWja6DMG_v0TJ1el3HO6,naic app,5,0,500.1.0.71.108,2026-02-19 10:46:52,,,500.1.0.71.108,com.facebook.orca,Messenger
3050a1a9-590f-44d2-b2d7-5997cc8295f6,Tibor Juhasz,https://play-lh.googleusercontent.com/a-/ALV-UjWBJIRZt3YY_-ni6nBAjIKIW3yxV73nEPC_TFN_jxAQtcMf0Oep,First time trying. But!! with bluetooth wireless earbuds I got too much echoing feedback. Q. Has anyone had this issue? Please let me know how to fix??? - Thanks.,4,0,548.0.0.37.65,2026-02-19 10:46:32,,,548.0.0.37.65,com.facebook.orca,Messenger
b543b1e4-08a9-4f9c-9b0f-1dcc2b825dd0,Khan lala Afridi lala,https://play-lh.googleusercontent.com/a/ACg8ocImooSw3OTzVkB85dT7asnaKT48B1aMw7kZuHNgWJHcdGnOlQ=mo,very good aaps,5,0,548.0.0.37.65,2026-02-19 10:43:25,,,548.0.0.37.65,com.facebook.orca,Messenger
af7b144c-f64f-48df-b1ee-0ae9eb731f32,coty johnson,https://play-lh.googleusercontent.com/a/ACg8ocLho0cciTF_0f09pUFZFO53JHbmj2UK5eqFqaI0Cifcgy6KnA=mo,works well good way to keep in touch with your family and friends,5,0,548.0.0.37.65,2026-02-19 10:38:55,,,548.0.0.37.65,com.facebook.orca,Messenger
e55c1cac-6324-4de7-a7b1-3f91621054f1,Blessymol Joshy,https://play-lh.googleusercontent.com/a-/ALV-UjVt9q7uCP--_N2iXrtBohuMU41uXnuieuzUITZFgLwcQ1s8UdY,bad,5,0,548.0.0.37.65,2026-02-19 10:36:15,,,548.0.0.37.65,com.facebook.orca,Messenger
b602deed-7e76-4d7c-bde0-db64864f960d,Aung Myo Tun,https://play-lh.googleusercontent.com/a/ACg8ocJrSrwdJu4McM3bH3OBnGa_ZIl78WccA1ttNdbehY421O6szA=mo,good app,5,0,548.0.0.37.65,2026-02-19 10:30:53,,,548.0.0.37.65,com.facebook.orca,Messenger
dd811dca-2a0a-4773-bd34-f657b6ce7936,Angie Catalan,https://play-lh.googleusercontent.com/a-/ALV-UjXiW9ChM-tCAK1MC_rIhz6hxM1OalK_Nk5EHH8ex5JWw3DQ2qWs,Good and I communicate immediately And can receive messages thank you for making us comfortable,4,0,548.0.0.37.65,2026-02-19 10:28:05,,,548.0.0.37.65,com.facebook.orca,Messenger
8bc8c02e-02cc-4422-aaf1-db9fbaad646e,heather fawcett,https://play-lh.googleusercontent.com/a-/ALV-UjX7G14Xh4Pe0nl2EGKM0i2TrKkOXnSX1evrj2xY70zpPb13GFqv7g,"calls are good at times, others they suck depending upon nothing I can decipher the reason which is frustrating. but, all I. all decent app.",3,0,548.0.0.37.65,2026-02-19 10:23:41,,,548.0.0.37.65,com.facebook.orca,Messenger
407f90f1-d090-472b-975d-7d6c1c43cb48,Prashant Pal,https://play-lh.googleusercontent.com/a-/ALV-UjXg38R7kwsB4ITOn05l3zr_WK3z5VvzubqCxZ6FZvGsyPfI11LB,excellent 👌 costomer,5,0,,2026-02-19 10:23:35,,,,com.facebook.orca,Messenger
a5d49a72-e6bf-40f5-90fe-a542b163be02,Johnfrance Francisco,https://play-lh.googleusercontent.com/a/ACg8ocLkEJet4GH-ifEDLFkngORKirY9Grey-b4TlOt3SuON9cCNsw=mo,this Messenger is very good,5,0,548.0.0.37.65,2026-02-19 10:22:27,,,548.0.0.37.65,com.facebook.orca,Messenger
dee3901d-4822-4457-8083-003449b5cd71,Valerie Ann,https://play-lh.googleusercontent.com/a-/ALV-UjUdEjkhf9bGS6kziCB3YgfmU0LF0CcojmA_Ud0eod1QXUxhXRliyA,"PUT THE RESTRICT OPTION BACK ON THE APP! I USE IT ALL THE TIME, AND WITH THE UPDATE ITS GONE! 😭",3,0,548.0.0.37.65,2026-02-19 10:22:13,,,548.0.0.37.65,com.facebook.orca,Messenger
7d12b3a9-45f1-43f0-a726-6bc05fad8f2b,Marcus Murph,https://play-lh.googleusercontent.com/a/ACg8ocIoQsSAU7YdaHC7KOg7nNS2XKvZJEsmeTiL2MGKgGOH4FSa1A=mo,Great app. Love it.,5,0,548.0.0.37.65,2026-02-19 10:19:27,,,548.0.0.37.65,com.facebook.orca,Messenger
a04d0ae5-4c14-4c9d-8e8f-b525393d4b1f,شـــاہ زیب خٹک,https://play-lh.googleusercontent.com/a-/ALV-UjVxR4FGXMwos0tXzr3LEOagZ_KNMKpiR3LZtCOPRno6iQpqWrZM,it is a very poor app.. messenger is not fast.. vedio calling quality is very poor..it does not work fast...,1,0,535.0.0.101.107,2026-02-19 10:14:27,,,535.0.0.101.107,com.facebook.orca,Messenger
2d0f05b9-7de5-4bfc-b4ee-b80cf6521daa,Subina Basnet,https://play-lh.googleusercontent.com/a/ACg8ocKWYVFE6pl-7vaIZ24jJ9pI1eTOe4EdKtYplXyUaOD4B4J98Q=mo,lovely,5,0,517.0.0.41.109,2026-02-19 10:12:47,,,517.0.0.41.109,com.facebook.orca,Messenger
e2f15443-05da-4ca8-993d-327fe0e81d3e,Md Imdadul molla,https://play-lh.googleusercontent.com/a-/ALV-UjWzBAKryY9__JqJ-_hW6j-Mpurx-7pS-2oSks3K0fQOr-DoqIQ,thank you,5,0,548.0.0.37.65,2026-02-19 10:12:40,,,548.0.0.37.65,com.facebook.orca,Messenger
f84967b7-9e80-41f3-9030-393aab5af6c2,Ruben Perez,https://play-lh.googleusercontent.com/a/ACg8ocLwqXCH81dISlCG-AunM0Vkvcb1Z47aq4ETPzxhsf7Dlv4u9Q=mo,the communication was very good 👍,5,0,548.0.0.37.65,2026-02-19 10:12:18,,,548.0.0.37.65,com.facebook.orca,Messenger
9308d6b4-a89a-446f-a79b-d0dd1b46c154,Alicia Fujiwara,https://play-lh.googleusercontent.com/a-/ALV-UjXx7aEg7QsGai_97AjBLaHmhgduUTjSqxpzm7VCUxjmzDY9R32s,bugs,1,2,466.0.0.39.109,2026-02-19 10:10:30,,,466.0.0.39.109,com.facebook.orca,Messenger
206b2394-7901-4f58-ad47-fecd4d2b4f12,sonia taylor,https://play-lh.googleusercontent.com/a/ACg8ocL5f-Iibl8D_ddBJNoHVS5ThuyydprzyeYlnFrqV6Vj1IvAWA=mo,I have been hacked twice while on Messenger. Really not a safe app. Will not subscribe again. A pity as I am unable to read my 9 messages.,1,0,548.0.0.37.65,2026-02-19 10:06:03,,,548.0.0.37.65,com.facebook.orca,Messenger
63911b9c-030a-4b3d-b228-7dd2837e1b83,Gary,https://play-lh.googleusercontent.com/a/ACg8ocL1ryT-YIPWhMS-NpEmvYQ34jQq-kvccbTvWnYLZcoIlM2vxA=mo,keep have to install this app. Why,1,0,547.0.0.44.68,2026-02-19 10:04:16,,,547.0.0.44.68,com.facebook.orca,Messenger
c9b31a52-dc50-4813-b3da-7a457085df00,Sndp Rajawat,https://play-lh.googleusercontent.com/a/ACg8ocLf2mvB7ru0VxKw7keAmk38upuEXAUkXk2p5nq5gHmXf0mE5w=mo,new version auto rotated screen ho rha h 😏,1,0,548.0.0.37.65,2026-02-19 10:03:57,,,548.0.0.37.65,com.facebook.orca,Messenger
049a353e-5b6c-4618-a0a0-9855d940f686,Jeffrey Cabagte,https://play-lh.googleusercontent.com/a/ACg8ocI1ZNBy4VV74CKOznYmOvDnAI72NlzKaosIap9XF3nsfsxMtg=mo,very nice,5,0,548.0.0.37.65,2026-02-19 10:01:53,,,548.0.0.37.65,com.facebook.orca,Messenger
44216313-c6f8-4e69-a283-b5e14f3b0536,"Reyes, Richwin Kyle C.",https://play-lh.googleusercontent.com/a-/ALV-UjVKIlFjpbftA5KWE23ihPZzeA2MO-I3WDfsIPWkOn1g1F2pcrY,I have no idea why SEA still keeps this app as its most dominant socmed when it loads new messages as if at random and gives you notifications for messages even after you've accessed the chat. This app has been with me since forever and yet Discord has had better loading time and search features than this absolute garbage. And it has the gall to implement chat history encryption when searching for specific words is as inconsistent as its loading time,1,0,548.0.0.37.65,2026-02-19 10:01:24,,,548.0.0.37.65,com.facebook.orca,Messenger
8f77cde8-370b-480e-ae0d-59cf9fac362d,Cricelia Chávez,https://play-lh.googleusercontent.com/a/ACg8ocIYPr34b5OhAIbUi9HFjDjVYILqQENiAFQm49b4CD2IKtYhiQ=mo,Love it,5,0,546.0.0.35.70,2026-02-19 09:55:17,,,546.0.0.35.70,com.facebook.orca,Messenger
ca15ace0-491a-4693-9e9b-f6433c2efc21,Stephen Nyirenda,https://play-lh.googleusercontent.com/a-/ALV-UjXcTEZOhHUtPoUIvG7eTZQJLl2XyyITewUPMJhUtie-IjIGE7RR,good,4,0,546.0.0.35.70,2026-02-19 09:54:29,,,546.0.0.35.70,com.facebook.orca,Messenger
12fa11a8-1679-488a-8b1c-22a661b58ee6,Greg Williams,https://play-lh.googleusercontent.com/a/ACg8ocJnxWNNahYWr8TxB3sk6sKqgb4z_Mkd3JiWGzWzqRs3oWdJlQ=mo,Good audio and video!,5,0,548.0.0.37.65,2026-02-19 09:52:08,,,548.0.0.37.65,com.facebook.orca,Messenger
e7cba39b-e051-43d5-a4d6-e116aff8b5fc,Moses Ollengo,https://play-lh.googleusercontent.com/a-/ALV-UjUMogBbp0WZyLz4Kd3IerOloMlDs6pau5dkVD7B3oBkDI-LS9sT,good,5,0,548.0.0.37.65,2026-02-19 09:46:17,,,548.0.0.37.65,com.facebook.orca,Messenger
0c7f5167-eae3-44a9-a63c-53f19359e140,Abdul Kalam,https://play-lh.googleusercontent.com/a/ACg8ocJFBPwX_t_FPR1JFLMoPXG05Ngk8vq_xsyIwnNny43HiGS72g=mo,good,1,0,,2026-02-19 09:45:28,,,,com.facebook.orca,Messenger
9baac0e4-6d1a-4eb2-b679-7424b2144b4c,Shuvro Naidu,https://play-lh.googleusercontent.com/a-/ALV-UjXgkPTavYPPnAxu8Qsm5xcAr4Iez1HrLnXSFPCKCE1uTvTkh9I,bad,5,0,,2026-02-19 09:40:06,,,,com.facebook.orca,Messenger
9acb0217-8a2b-4e19-aa54-329d587fbb55,George S,https://play-lh.googleusercontent.com/a/ACg8ocJYIWhKw60PpuCywAzq6rA2uaqlLUG-DNjrVhuFDRLopgo8Uw=mo,Call quality was very good.,5,0,548.0.0.37.65,2026-02-19 09:36:38,,,548.0.0.37.65,com.facebook.orca,Messenger
7448df69-c59f-41ea-9b26-6f008caee5b9,Sajid Khan,https://play-lh.googleusercontent.com/a-/ALV-UjVtZ1hRA4Zz3vuuyuGRg7jaCziliHYGj1jEGJPqYJ0vgW4Be8Z8,good 😊,5,0,548.0.0.37.65,2026-02-19 09:36:20,,,548.0.0.37.65,com.facebook.orca,Messenger
f8158114-4fee-4a69-94f1-604f53febe2b,Moonyen Gomez,https://play-lh.googleusercontent.com/a/ACg8ocJd4l57mQRrva1z1ofZKjw-SiNEkAl0YJRbUnhOG5fJB_DYGA=mo,very good 😊😊😊,3,0,548.0.0.37.65,2026-02-19 09:23:55,,,548.0.0.37.65,com.facebook.orca,Messenger
616abf8b-b9dc-4c3d-aa1f-b7ec30102448,Buenafe Kycee,https://play-lh.googleusercontent.com/a-/ALV-UjXnfSrXtL31xpAn2LGvF1fcVH5rXK4SjgAyc28pnUQXN4S6DhU,its very good for using this app,5,0,548.0.0.37.65,2026-02-19 09:20:44,,,548.0.0.37.65,com.facebook.orca,Messenger
53ef4ba6-f7e2-4fcd-b9eb-92ce0c55faf7,Naresh Yadav,https://play-lh.googleusercontent.com/a/ACg8ocITmbX8gIiO8AIrdG8mPeQtNFD2mTbaF3T8vE05oVA2iB1vqQ=mo,very good,5,0,,2026-02-19 09:18:02,,,,com.facebook.orca,Messenger
45b892d2-c4e0-4d5d-9d73-2861196b31f9,AZS Dws,https://play-lh.googleusercontent.com/a/ACg8ocKIZvjgm0CvAVGS29luu_MMhIgL7owJG1dxtNL9xm-6Sq2hmg=mo,good but I'm sick and brain pain,4,0,,2026-02-19 09:17:54,,,,com.facebook.orca,Messenger
0a1e04f2-fa88-4228-a635-daca54055e71,Richard Merca,https://play-lh.googleusercontent.com/a-/ALV-UjXycX3fFN40vAoHJCMi2BeUcnjAdsfn1qzaxY0YBEAScQI_TZo,Nice good,5,0,547.0.0.44.68,2026-02-19 09:17:00,,,547.0.0.44.68,com.facebook.orca,Messenger
191ed235-67c6-4f84-aab4-da5d43498b19,Bill Jenkins,https://play-lh.googleusercontent.com/a/ACg8ocIqpFbjv9n_SlV5ixpHWD0msde1LuQbXYOaEMb6xyMGW3shag=mo,was a great telephone call I talked to a friend of mine in Florida that I haven't talked to in years could hear him perfectly and he could hear me it was wonderful,5,0,548.0.0.37.65,2026-02-19 09:15:38,,,548.0.0.37.65,com.facebook.orca,Messenger
6dc2c216-05e7-4f2b-a473-a18a2a5099bf,James Mitchell,https://play-lh.googleusercontent.com/a/ACg8ocLahscBKn7RTdNsJdEv1PMNMg5DHi9VNeXDoUyYUpHv1VyqFQ=mo,wicked app!!!! Meaning good app by far the best app ever. Well except for evernote.,5,0,548.0.0.37.65,2026-02-19 09:13:42,,,548.0.0.37.65,com.facebook.orca,Messenger
57b52be4-3d1c-4c61-beb5-5c23a4763f7a,Mohammad Rokanuzzaman,https://play-lh.googleusercontent.com/a-/ALV-UjVshRcZ-5W1Mh0pS84_xwvAsBMSNjTyhGz2CKZMZPdFhnZ_GsI2,"Excellent! No network problem, call drop, and sound noise. I'm happy.",5,0,534.0.0.53.103,2026-02-19 09:13:41,,,534.0.0.53.103,com.facebook.orca,Messenger
99608cb3-9d86-4236-bb13-5eca84f97c76,J-ken'z Sayson,https://play-lh.googleusercontent.com/a/ACg8ocK4uhFiFtLoStr6zM4tVrNB1lEq90mMi2F2ZOwlJrumuL7OiQ=mo,excellent,5,0,548.0.0.37.65,2026-02-19 09:10:59,,,548.0.0.37.65,com.facebook.orca,Messenger
ac325371-2057-4a28-bb96-01ab63267ada,Itzz M Kyle,https://play-lh.googleusercontent.com/a/ACg8ocInqoVW3s4kxbefxuICRYJYFqV-PCf7mm3aksfzh4HlUDAU4w=mo,ok,5,0,548.0.0.37.65,2026-02-19 09:09:15,,,548.0.0.37.65,com.facebook.orca,Messenger
79e94b55-4377-459f-8b99-f8532b3a7291,S.R. Noori,https://play-lh.googleusercontent.com/a/ACg8ocKs_ePWt4r4B-GxBsgXBaLtRSzi7vtIdclFQWnkBYsvd0vQaQ=mo,Owsam,5,0,536.0.0.46.216,2026-02-19 09:05:48,,,536.0.0.46.216,com.facebook.orca,Messenger
c07a9543-8c38-4351-9eb6-3d6be1c8828a,good account,https://play-lh.googleusercontent.com/a-/ALV-UjW_mj_6LBhLMx0vZPZ4B9-EUr8RL6fYUd76BOyS1U2hRGMtSHnc,simple and worka,5,0,548.0.0.37.65,2026-02-19 09:05:22,,,548.0.0.37.65,com.facebook.orca,Messenger
4fc01df7-4d49-4083-9783-9bbf5544e2bf,Husnie Aaron Mampen,https://play-lh.googleusercontent.com/a/ACg8ocL9g4LruGzZYRyZIQAcdNdWagT2z-DG_tc0sLUjdE7tueAGlw=mo,too much just log back on your account,1,0,548.0.0.37.65,2026-02-19 09:05:10,,,548.0.0.37.65,com.facebook.orca,Messenger
8ca39941-08ff-42e0-ace1-fd25fdbf2b4b,Tuton Das,https://play-lh.googleusercontent.com/a-/ALV-UjUMx-z0paeMYROHIr1k-POZSjI7C9r0ZOHs3UukcVrccubX--A,good,5,0,548.0.0.37.65,2026-02-19 09:04:54,,,548.0.0.37.65,com.facebook.orca,Messenger
8024d54d-439c-48fb-b0b9-efed8acdcf44,Ma.Socorro Dedios,https://play-lh.googleusercontent.com/a/ACg8ocLNQchAnX_8mc6a0RJYsojSGW4zE3g5HJG5PQz3pvDiPPjwBg=mo,love helpful,5,0,,2026-02-19 09:02:32,,,,com.facebook.orca,Messenger
e015d0ad-e7de-45dc-ba3b-d3ca3b349cb4,David Michael,https://play-lh.googleusercontent.com/a/ACg8ocKQ4naKlvyspUrInBHLT4ng7ycZvEGzqlmv-LxZf_ciBhqy_w=mo,no complaints highly recommend 👌 👍,5,0,548.0.0.37.65,2026-02-19 09:02:27,,,548.0.0.37.65,com.facebook.orca,Messenger
df6015d3-2233-461f-8a97-2336e2990895,Rissan Mosqueda,https://play-lh.googleusercontent.com/a/ACg8ocJuuAIkShDbklscH7CD4pzhOmPI-Pb8-CeQFTzVJ9kbhDdMqQ=mo,ok,5,0,,2026-02-19 08:57:00,,,,com.facebook.orca,Messenger
7bc575d6-b93e-4052-941c-b1d99fed9f4f,Zian Zozm,https://play-lh.googleusercontent.com/a-/ALV-UjUl5k1IpFyqbweOpq9f833t7HpXd5wkKUKboJnrv2tQO2CwFFVUVA,محدث كتيره ضيعه,4,0,548.0.0.37.65,2026-02-19 08:55:30,,,548.0.0.37.65,com.facebook.orca,Messenger
973cea78-9fc7-4c16-8c73-ab933a272783,Harwinder Singh,https://play-lh.googleusercontent.com/a-/ALV-UjUaONUXwKomZzvEg6O95KD1pFTWFTYJKWfI16RlTB_kl4gz2KpI,good,5,0,,2026-02-19 08:53:37,,,,com.facebook.orca,Messenger
914cfc2b-46df-492a-bc59-b2b90423755d,Matome Dion,https://play-lh.googleusercontent.com/a-/ALV-UjUhMELyqP4enLmgM_4eSp616EIaetIpmk8dRmnWnFwU2jcoYgjS,that's nice,5,0,548.0.0.37.65,2026-02-19 08:52:09,,,548.0.0.37.65,com.facebook.orca,Messenger
cd2d2914-05ad-4211-b691-63657efa3e6b,Bhimsen Khatri,https://play-lh.googleusercontent.com/a/ACg8ocKbczZ_a3YH1xXeWNXWEXcRzstJBSRUSnrQ9Ipf2H9HVyPNbA=mo,good morning 🌞,5,0,,2026-02-19 08:49:48,,,,com.facebook.orca,Messenger
64491614-72e8-455c-90d6-799cce493fc4,Brenda Hill,https://play-lh.googleusercontent.com/a-/ALV-UjW3XgLVUoSV8DfulSbWl8OznH-htCbmSyUPwz1i3DvmbanY1zn0,I'm satisfied thank you,5,0,548.0.0.37.65,2026-02-19 08:48:37,,,548.0.0.37.65,com.facebook.orca,Messenger
20efc59b-3a67-44a4-9c38-1262682b571b,Herman Ash,https://play-lh.googleusercontent.com/a-/ALV-UjWRrRd22gpftqcY18vp1Z1Hme0mBJGsPQcqeIGz9KADdQpk_rV5,it's been good,5,0,548.0.0.37.65,2026-02-19 08:46:53,,,548.0.0.37.65,com.facebook.orca,Messenger
bdf3640e-7a40-4263-a686-1c8ed85175b9,Anna Bagalayos,https://play-lh.googleusercontent.com/a/ACg8ocLuPqKG2-I5h3Cz3AwO0y0Yc8yMidbhGnSUCiSZSSXI1fmr=mo,It's good too,5,0,545.0.0.27.62,2026-02-19 08:46:51,,,545.0.0.27.62,com.facebook.orca,Messenger
7e618c0e-fc40-451d-9fc4-26f7fe2fb35c,Jenisha Smith,https://play-lh.googleusercontent.com/a-/ALV-UjUNbqcwyAlBOjpEWz-edGOTpUr6-wFwXryEd2svHlVCPmsdCl8,"So far so great I will give it a 5 star rating, just keep up the great work.",5,0,,2026-02-19 08:43:58,,,,com.facebook.orca,Messenger
5e0806d7-e582-4450-93b7-715e057fbbd3,Tamanna,https://play-lh.googleusercontent.com/a/ACg8ocIm7iESXOS8bsmES4H3PpxOi-zkerMq2tGIsXTl5ZgWTQKkGg=mo,nice app,5,0,548.0.0.37.65,2026-02-19 08:41:01,,,548.0.0.37.65,com.facebook.orca,Messenger
c264b960-eb0d-4165-941a-ce062ebd6f81,Patricia Moore,https://play-lh.googleusercontent.com/a-/ALV-UjVSjhLJsB6Oc1KKpYzjXoaswEb6JBhJ25nzw7-14M2pBi9x88Nw,fair,2,0,,2026-02-19 08:35:25,,,,com.facebook.orca,Messenger
1bc0d7db-6a9d-4260-9855-eb180d349355,Lina Navarrete,https://play-lh.googleusercontent.com/a/ACg8ocJ1S9UF7WHwm2vQUJl1mpQcfi2SZG--LDvk2xWrkduax9fc8A=mo,nice ganda,5,0,548.0.0.37.65,2026-02-19 08:34:00,,,548.0.0.37.65,com.facebook.orca,Messenger
f05ddea2-6963-4532-8148-4d9881fa4b08,Owen “Hunter call” Calai,https://play-lh.googleusercontent.com/a/ACg8ocKjYvldWF0OmJzZuvV2rS8NtjWII3nqpIouZPrwfPNmfbGbdBs=mo,pretty good app im on Samsung and this is how I video call my apple friends,5,0,548.0.0.37.65,2026-02-19 08:27:20,,,548.0.0.37.65,com.facebook.orca,Messenger
2488c835-7aaf-48c0-9bec-60b09d6c0d7e,Donald Shaver,https://play-lh.googleusercontent.com/a/ACg8ocIijxcuBHbzN6A5nxwrkyariV_AcoPUk0q52wopF9XnD4hWzA=mo,can't hear voice messages or video messages,1,0,548.0.0.37.65,2026-02-19 08:25:40,,,548.0.0.37.65,com.facebook.orca,Messenger
ce2e6f3b-0bc8-41ec-a0d2-8db48adfd822,Raju Chettupalli,https://play-lh.googleusercontent.com/a-/ALV-UjVy0w0FpiBpPmInfN-3M-srewbRyWPgCoGzfptwcr9T345ofrB-,nice,5,1,548.0.0.37.65,2026-02-19 08:24:46,,,548.0.0.37.65,com.facebook.orca,Messenger
3b29286d-74e5-466e-a3a0-bf54accd254a,Meloden,https://play-lh.googleusercontent.com/a/ACg8ocIa2ZP7ftcmTD9RpBSp01_Fl376kfd22G6vB2BaFw5l6zZvEQ=mo,Good,5,0,,2026-02-19 08:23:05,,,,com.facebook.orca,Messenger
eb8d66fa-9371-46cc-9e36-75ffc05c2036,Francis nicdao,https://play-lh.googleusercontent.com/a-/ALV-UjVkVYPUM-i_xdU_c_5XFAO2IkgJmP_XP-TzKWFiYmpROZKHb2k,oky na rin,3,0,548.0.0.37.65,2026-02-19 08:19:41,,,548.0.0.37.65,com.facebook.orca,Messenger
9d6838d6-97bf-4dcd-9224-50a4d6016349,laurel Wise,https://play-lh.googleusercontent.com/a-/ALV-UjUz6XFRKLQc7ePzlB_S-hJUmWJ6vGLbvAnjG9WTnVxKg14O-vBS,I can hear very well but can't see him 😭,5,0,548.0.0.37.65,2026-02-19 08:18:08,,,548.0.0.37.65,com.facebook.orca,Messenger
31598d1b-5840-4c40-aa23-fea02fcfe876,April Delmundo,https://play-lh.googleusercontent.com/a-/ALV-UjVJrCTYnrY4xO3RZH2mzSD7hhX7qnC-2v_6APeKpGxHbe3R4t8,i can't ignore groupchats. what happened? please bring it back.,2,1,513.1.0.46.107,2026-02-19 08:10:44,,,513.1.0.46.107,com.facebook.orca,Messenger
12318cdc-f597-47c4-a45c-b54c1cc9d7b2,Brad Lawson,https://play-lh.googleusercontent.com/a/ACg8ocLyxOiqznD9Qe1GHs9ugDYW7QK6IXP6XR1pLS737BYcQOWeSA=mo,it's gooot,5,0,548.0.0.37.65,2026-02-19 07:57:37,,,548.0.0.37.65,com.facebook.orca,Messenger
f28cb23c-8e9e-4fe5-a9ef-8433d9643cd0,Rolly Arizapa,https://play-lh.googleusercontent.com/a/ACg8ocKx9SUd5i0xiDBz_94N317RyylB85apQZYCZWQyJ6UI-AaV3A=mo,very good,5,0,548.0.0.37.65,2026-02-19 07:51:39,,,548.0.0.37.65,com.facebook.orca,Messenger
d2e7d52a-5a54-4109-8d9f-020769ee3a11,Md Shahan Khandoker,https://play-lh.googleusercontent.com/a-/ALV-UjW4CZvzi-TKBXPu3aUNYKuHDqG0slC2DsBHl_85uD5dSdU1xNM,❤️,5,1,548.0.0.37.65,2026-02-19 07:49:23,,,548.0.0.37.65,com.facebook.orca,Messenger
0912a6eb-3c98-45f7-a632-757f3141f494,Marijo Avenido,https://play-lh.googleusercontent.com/a-/ALV-UjVxVqEpxkhSMKYO2dHEr3CHSZLJmBdI4gVm0SmM2y_VBD7-DzM,very good,5,0,546.0.0.35.70,2026-02-19 07:47:14,,,546.0.0.35.70,com.facebook.orca,Messenger
f94436e4-9ea0-40fb-8e72-4f776ba0a97b,Hauthicus (Hauthicus),https://play-lh.googleusercontent.com/a/ACg8ocKdq7NeronamM0sX1jValvfjrWqKQYff-sEn4mag_xCSDo5YQ=mo,"stop banning me from using payments, its literally the only reason i have a facebook account",1,0,548.0.0.37.65,2026-02-19 07:43:38,,,548.0.0.37.65,com.facebook.orca,Messenger
e6c0e051-2071-4441-9c83-a3af3e046e04,Fernando Bagamasbad,https://play-lh.googleusercontent.com/a-/ALV-UjWji1vBmguyz83Tp2r3mrPSY97azubT7xdYgl9KA3vdlkewRNSM,"Nang Atanggap Ko Ang Gawain Ni Almighty God, Dito Kopo Naunawaan Ang Pag papa Halaga Sa BUHAY Na Totoong Paglilingkod Sa Diyos, Dahil Dito Po Tayo Malalanta, At Maintindihan Ang Totoong Pagtupad Sa Tungkulin, Na Dapat Maging Tapat Sa Diyos Upang . Tanggapin Na Tayo Makasalanan At Upang Pagsisihan Ang Mga Nagawang Kasalanan, At Alison Ang Mga Tiwaling Desposisyon, Amen po",5,0,548.0.0.37.65,2026-02-19 07:38:44,,,548.0.0.37.65,com.facebook.orca,Messenger
7bb5399b-027e-467f-aa7f-f16c3856c778,Sara Rp,https://play-lh.googleusercontent.com/a/ACg8ocJrB4xxtXN7eIC79KaEocNtWwrMF6UhRKK255s4CXpCwYgOwg=mo,Good App,3,0,478.0.0.47.115,2026-02-19 07:35:39,,,478.0.0.47.115,com.facebook.orca,Messenger
fd83f3a7-d8cd-4152-9f24-198c54d63f7a,Diana Tucker,https://play-lh.googleusercontent.com/a-/ALV-UjUgOrx04zmEEm-5iTbT6eeSwe0afjpaMwBxmEgRXzqoNy7kyj4G,"Signal is a far better, more useful, PRIVATE messaging app. The only reason I have messenger is for contact with Facebook marketplace people. Thanks FB for forcing an unnecessary app on your media users.",3,527,545.0.0.27.62,2026-02-19 07:35:14,,,545.0.0.27.62,com.facebook.orca,Messenger
b914a274-36bd-4341-870a-bd54d7895995,Jayson Soriano,https://play-lh.googleusercontent.com/a/ACg8ocJgwZjqo4LWjFH-dSufbinSG39WCeixJfNUNuBy1YXcRdl4SA=mo,not working floating videocall,2,0,,2026-02-19 07:33:10,,,,com.facebook.orca,Messenger
f46428a4-dc58-474a-b424-b1efbf9c6cca,Leinard Cristobal,https://play-lh.googleusercontent.com/a-/ALV-UjX3I_rnpCWgDkM2BcfrGbdFnHkTOjEmtzmmb4abqjfjoqH3dzg,"Hello Messenger Team, I would like to kindly request that you consider adding a premium feature in your next update. Thank you.",5,0,548.0.0.37.65,2026-02-19 07:31:23,,,548.0.0.37.65,com.facebook.orca,Messenger
29fb9f10-53df-40a0-ac18-f2b530978de3,Jonathan pressley,https://play-lh.googleusercontent.com/a/ACg8ocJvkvqNCFuTd0Wb8amwy8ezivw8wZbqHvElKn6s4DimGt3uEQ=mo,good 😊,5,0,548.0.0.37.65,2026-02-19 07:30:58,,,548.0.0.37.65,com.facebook.orca,Messenger
92ad2aeb-34ea-4eb6-9106-2dd7126f8950,End Tak Hasoge Wait For It!,https://play-lh.googleusercontent.com/a-/ALV-UjWViMm8F9VrvAYYe0k_it_Qz2F7gY70wXNY9y6jcAGHV3fEZeQ,me,4,0,,2026-02-19 07:30:24,,,,com.facebook.orca,Messenger
c01b19f1-1f24-4ad6-9ad9-d3daaacef48b,ola chan,https://play-lh.googleusercontent.com/a-/ALV-UjWtSqzlJvM3kP87K_t5rIkzJ3urtNO7Sx2Pnw5y54Wn3QSwyDye,"aku benci aplikasi ini, sampai saat ini selalu ga muncul notifikasinya, pas buka aplikasinya baru pada muncul 🤬😡 padahal udah update memori juga ga penuh",2,0,548.0.0.37.65,2026-02-19 07:27:47,,,548.0.0.37.65,com.facebook.orca,Messenger
93e948b7-14dc-4a02-9319-251793fe40a1,R v Risiban R v Risi,https://play-lh.googleusercontent.com/a/ACg8ocJEkcuH-VZQLz20EJ5FT-s9eBRM5OhrZ6okPtvW1SzhoAfK9Q=mo,🫂🫂🫂,5,0,,2026-02-19 07:27:37,,,,com.facebook.orca,Messenger
2e93e1ba-6e9e-4f80-9a92-9b75c45e5191,Timothy Dobie,https://play-lh.googleusercontent.com/a/ACg8ocI3XZi0F9BvCIKitk4TVIGomjZINgQF0XtwLHrzMSy1PlzCDA=mo,I'd rather hear from others!,5,1,537.0.0.52.109,2026-02-19 07:27:28,,,537.0.0.52.109,com.facebook.orca,Messenger
d0319f42-b6cc-44e3-86e3-763e454c881f,Deborah Hathaway,https://play-lh.googleusercontent.com/a/ACg8ocIDIl1tcle_Na9H7qFmjRWrXpg31B8ddn2v24BqZ0yMvDuWMQ=mo,I am not comfortable with all the information developers have access to.,3,0,548.0.0.37.65,2026-02-19 07:26:45,,,548.0.0.37.65,com.facebook.orca,Messenger
375a4c84-583a-44c6-8af4-d797cd5f0499,KHIM RAJ,https://play-lh.googleusercontent.com/a-/ALV-UjWtyiMlmdvVSTAKKLIdvsyDNAJpfrXBlDxDMPUcWG-EgCbJny0,good,5,0,548.0.0.37.65,2026-02-19 07:25:14,,,548.0.0.37.65,com.facebook.orca,Messenger
6709fad6-c08b-4b02-8de7-331cafea1523,Lynn-C,https://play-lh.googleusercontent.com/a/ACg8ocKxp62l3M3eKbHEzjxl-S--Kz-K2QLVQdQY8pVyxeqrfXtIug=mo,"✨ JEHOVAH GOD, THANK YOU IN JESUS NAME I GIVE THANKS",5,0,,2026-02-19 07:22:39,,,,com.facebook.orca,Messenger
8cfa7c03-5883-4958-a461-65cc030c36c2,Zalim Siyal,https://play-lh.googleusercontent.com/a-/ALV-UjWdU2wibsdbA96_c4NlcLmP5JHwI-FK268vkMWiuItE3_XHyPA,good,5,0,548.0.0.37.65,2026-02-19 07:18:49,,,548.0.0.37.65,com.facebook.orca,Messenger
2dad83e0-fbc7-4a92-bc34-9e08b89b3d01,zabi khan,https://play-lh.googleusercontent.com/a-/ALV-UjURVh5_6z9iyJfxxnmBivCRLcrxhnLnWNOJR3BVZT7Q_-_Y4do,brilliant,5,0,547.0.0.44.68,2026-02-19 07:12:55,,,547.0.0.44.68,com.facebook.orca,Messenger
717fdb60-b416-44d6-a0b0-1394ff1f5dac,Naz Nazo,https://play-lh.googleusercontent.com/a/ACg8ocLmdM-gXlrf11WjqKIQYAplvkVeRH0m9-AYxD8NPIDAtmH57g=mo,vare good,5,0,,2026-02-19 07:10:39,,,,com.facebook.orca,Messenger
dfee12dd-b3b9-4828-9142-ef8689a21225,Dennis Redlick,https://play-lh.googleusercontent.com/a/ACg8ocLO4fXAUA7aNC0VE9FH2MKVFwF8jiETTRMX2VM-PDoNWXFTGg=mo,The quality and clarity of the call was excellent 👌,5,0,548.0.0.37.65,2026-02-19 07:10:37,,,548.0.0.37.65,com.facebook.orca,Messenger
fc7e74c0-40b7-48c7-83d1-23f070837129,S Byrd,https://play-lh.googleusercontent.com/a/ACg8ocIpB3OrDpNWKbb5pZ4qaATw6OpNjBb11yh-VtV5jLQOekFEFQ=mo,little faster than normal,4,0,548.0.0.37.65,2026-02-19 07:09:00,,,548.0.0.37.65,com.facebook.orca,Messenger
abfc53d9-1b9f-4238-9a57-358a5646d706,Angelica Alolor,https://play-lh.googleusercontent.com/a-/ALV-UjWACUcRUEqdj7zDbFQpnFzhMK7PyYkHfQLc4PNkbNuKNNKm5-Ohgw,I don't like the Auto type bruh I mean where the keyboard shows up directly right after I click the message 👿,1,0,548.0.0.37.65,2026-02-19 07:07:02,,,548.0.0.37.65,com.facebook.orca,Messenger
7b289cd9-f506-4e37-aa8a-2eaf76ca5d0f,Peter Jalloh,https://play-lh.googleusercontent.com/a-/ALV-UjVGh9-hhad6O6_MhCwp1JLSn64TnKVWYGOVf8cUeOvQSIYh6BCd,good,3,0,548.0.0.37.65,2026-02-19 07:04:01,,,548.0.0.37.65,com.facebook.orca,Messenger
391e614f-7b05-4029-84ac-36d208ae3074,MD Jumman,https://play-lh.googleusercontent.com/a/ACg8ocJ9bzukkRFc5LTUwHKUJ4sBixR6fSbTnxY_GFW-yRVEkNBS1Q=mo,Thank you very much for providing such a chat app. ঐততূণঢণররছ র শ র র র র র র র র র র র্্্্ র র র র,5,0,548.0.0.37.65,2026-02-19 06:59:49,,,548.0.0.37.65,com.facebook.orca,Messenger
e27676a6-fed7-4280-bcad-4f004cb2c3a0,Elder Vox,https://play-lh.googleusercontent.com/a-/ALV-UjWbUyyhAV7t_neDYRzdqFRhxD98TR07u_MTVVxLlEC8oBPYSbc,been a broken mess for a decade and even more broken mess the last 5. Haven't been able to send videos in 2 years. actually not worth the space or download if you have ANY alternative at all.,1,0,548.0.0.37.65,2026-02-19 06:53:42,,,548.0.0.37.65,com.facebook.orca,Messenger
bfd28cd9-2f33-4f41-9af5-76d40cc69c69,Suresh Shastri,https://play-lh.googleusercontent.com/a-/ALV-UjXHEgScHJMSjxw7AgQcXjCECYvXidtqK2t6jAqsbjsa8ItWrp6k,Okay,4,0,548.0.0.37.65,2026-02-19 06:47:00,,,548.0.0.37.65,com.facebook.orca,Messenger
6ac64d24-47d2-4c7f-ba61-b898e1903578,Joy Cloutier,https://play-lh.googleusercontent.com/a/ACg8ocK9FNmS_yG3BCkrXVtu79pfeck4XyaQymjimtCuN30eLUpfpg=mo,good good,4,0,548.0.0.37.65,2026-02-19 06:42:17,,,548.0.0.37.65,com.facebook.orca,Messenger
96e18e50-73cc-4cf6-a50d-8ad06593a652,Laura Yoch,https://play-lh.googleusercontent.com/a/ACg8ocLfHj6cjAKQzj8Hq1xvhfvOhenn-Amtw7C67191vUF5lKzr=mo,nice reception,5,0,546.0.0.35.70,2026-02-19 06:42:04,,,546.0.0.35.70,com.facebook.orca,Messenger
379c1e54-25da-42c1-bb0f-72e6e9d775e9,Musitafah Sebuufu,https://play-lh.googleusercontent.com/a/ACg8ocI55dasbdS1th6UJhU2rUrq-5cXUgTH3nxu2cd5op6G9IbOLw=mo,volume is slowly,3,0,548.0.0.37.65,2026-02-19 06:41:20,,,548.0.0.37.65,com.facebook.orca,Messenger
c0a9e3b7-7b4c-4e86-ae81-95441791f7ff,JELBERT MORADO,https://play-lh.googleusercontent.com/a/ACg8ocKW9R7kYSheHaJFwJ41vH7pTMdWZgzxZF1RjXAl7TpmNu0yXg=mo,good,5,0,548.0.0.37.65,2026-02-19 06:39:43,,,548.0.0.37.65,com.facebook.orca,Messenger
8679f663-8526-499d-ae6c-f98372a8195d,Wes Haneberg,https://play-lh.googleusercontent.com/a-/ALV-UjWVA2eH0txqyj1LYSK7WnETJlMCaQ2fxmz90w_GXSJtSd-kzUxZ,very good better than FaceTime on iPhone,5,0,548.0.0.37.65,2026-02-19 06:36:27,,,548.0.0.37.65,com.facebook.orca,Messenger
5ea3d9e0-b574-4fa3-874d-0121982a3a60,Moin Uddin Siddiqui,https://play-lh.googleusercontent.com/a/ACg8ocJOojPaGsUd1cKKR5DqxuF__e1ngczYSp7Ibd_3xy-QpS5KfQ=mo,Awesome 👍👍,5,0,548.0.0.37.65,2026-02-19 06:35:05,,,548.0.0.37.65,com.facebook.orca,Messenger
