reviewId,userName,userImage,content,score,thumbsUpCount,reviewCreatedVersion,at,replyContent,repliedAt,appVersion,app_id,app_title
35ad184c-e8f3-4c84-8dfd-b80253b2e3b4,Govind Singh,https://play-lh.googleusercontent.com/a-/ALV-UjWF1Qm4647mGwjon6MDpgegCriW8vQT8ssmuGBYP3lu1HRSmVlv,amazing app with full guide and tracking,5,0,1.5.3,2026-02-19 09:23:17,,,1.5.3,gymworkout.gym.gymlog.gymtrainer,Gym Workout Tracker: Gym Log
180349a8-af88-4717-bf8a-3b1eae069229,suraj sharma,https://play-lh.googleusercontent.com/a-/ALV-UjXF8YwPKkQkbK4JFkEFjuRjH2myIeNZw6UicmypDuCaY0fbwNzt,great app,5,0,1.5.3,2026-02-19 07:24:34,,,1.5.3,gymworkout.gym.gymlog.gymtrainer,Gym Workout Tracker: Gym Log
e2ab7b78-6a98-4451-ab48-d0df22e010c0,Ahmed Sultan,https://play-lh.googleusercontent.com/a/ACg8ocJzx4MZOvP7vhjpQYQVAQrLScKwzfz9_CqYj8oztOON_Qa7pg=mo,amazing,5,0,1.5.3,2026-02-19 01:54:35,,,1.5.3,gymworkout.gym.gymlog.gymtrainer,Gym Workout Tracker: Gym Log
8e101190-1bef-4291-a3e1-ea421059c444,Irina Pratt,https://play-lh.googleusercontent.com/a/ACg8ocJew8s4G43FT6QCgsSL3_UchhIG5ObGjAmmPnDLyYug7emBXA=mo,"I've paid for subscription, only because I actually enjoy a gym app, love the plans and exercises and it's very easy to use. Can replace an exercise or remove it, very flexible and you will definitely find everything you need in your local gym to follow this up and get fit. 😁",5,0,1.5.5,2026-02-19 01:46:43,,,1.5.5,gymworkout.gym.gymlog.gymtrainer,Gym Workout Tracker: Gym Log
2ea7746a-65d8-4f1d-9440-0bd14e9fe74c,Jasfer Rosialda,https://play-lh.googleusercontent.com/a-/ALV-UjU6_XQcRG8E5ErV3TwwUyMQ1hrMMa3rb50-LzsCHsxLK9EXgYGp,Sobrang helpful nya if beginner ka kasi may proper form.,5,0,1.5.5,2026-02-18 16:06:07,,,1.5.5,gymworkout.gym.gymlog.gymtrainer,Gym Workout Tracker: Gym Log
a1ea708a-78ba-407d-b929-ab7b7d47cb34,Donovan Majoni,https://play-lh.googleusercontent.com/a-/ALV-UjXZEBHA6nKqcl-v2T3cypANUFSA2Bi8YJGAcjZNIrt8FBb6V_csEg,amazing,4,0,1.5.3,2026-02-18 13:40:32,,,1.5.3,gymworkout.gym.gymlog.gymtrainer,Gym Workout Tracker: Gym Log
aa8afd83-8e5e-47a4-9c2f-507e6c2a7ddf,Shashank,https://play-lh.googleusercontent.com/a/ACg8ocI1l4LVZf6tGUyCr9Dr9JwCnNPhrj8mDi7OGBsBEnhTbUzkYA=mo,good app,5,0,1.5.3,2026-02-18 12:22:11,,,1.5.3,gymworkout.gym.gymlog.gymtrainer,Gym Workout Tracker: Gym Log
be5e6347-752e-491b-bf69-f93826eb4050,Jazon Leo Navarro,https://play-lh.googleusercontent.com/a-/ALV-UjV8RPfcnICH4oN9vqirqXAfhWOP8k3davL5-6MM0nibRsSg30SE,very good,5,0,1.5.3,2026-02-18 12:21:38,,,1.5.3,gymworkout.gym.gymlog.gymtrainer,Gym Workout Tracker: Gym Log
0be125e4-b4ad-435d-ae5a-0cbdc4509248,Dev Acharya,https://play-lh.googleusercontent.com/a/ACg8ocI7Bn8ZxIP66QbNF7i3eINOgLDS6KU7KdEdFll7Htid4oYkmA=mo,nice,4,0,1.5.3,2026-02-18 11:03:10,,,1.5.3,gymworkout.gym.gymlog.gymtrainer,Gym Workout Tracker: Gym Log
2d5dd98b-41b5-4dcb-972e-c40dbbf53e81,강찬욱,https://play-lh.googleusercontent.com/a/ACg8ocIJ2hkSf0LrhBiFVhyV3ZQguVf_8XdpHPy27S4VuD2kH5IcDg=mo,광고 너무 많음,1,0,1.5.5,2026-02-18 08:41:17,,,1.5.5,gymworkout.gym.gymlog.gymtrainer,Gym Workout Tracker: Gym Log
3cd9920c-1ed0-403b-a5e5-ce1d1913f739,Vicky Vk,https://play-lh.googleusercontent.com/a/ACg8ocJVofMGMfP4gjiHmJwq6nOQWimMvdDYb45ie-IkOQ0NpfXUWw=mo,Best app,5,0,1.5.3,2026-02-18 06:42:05,,,1.5.3,gymworkout.gym.gymlog.gymtrainer,Gym Workout Tracker: Gym Log
dc6285a8-a252-49b2-8610-7abdd7bc25bc,Vishvaa Jeyashankar,https://play-lh.googleusercontent.com/a-/ALV-UjVAgZYwJcRotfTQKmNC-6D5Kh74RP88uUuiqqOSdkAm8ths20Dw,this app is very good for Begginer.,5,0,1.5.3,2026-02-18 02:19:38,,,1.5.3,gymworkout.gym.gymlog.gymtrainer,Gym Workout Tracker: Gym Log
756b2853-672c-47fa-901d-b3115c931d96,Andreea Mocanu,https://play-lh.googleusercontent.com/a/ACg8ocIGfJ097AXjSoF3MMCUrXPs9FVqYwrR1AeYiurMRTFEm6CSWQ=mo,nice,5,0,1.5.3,2026-02-18 01:27:01,,,1.5.3,gymworkout.gym.gymlog.gymtrainer,Gym Workout Tracker: Gym Log
1b4feb31-58aa-4b96-85a2-592629f2b3a6,Shilpa,https://play-lh.googleusercontent.com/a/ACg8ocKB0JlxOTbykmwLCcQLCXxeMcbCv1na3QIOM8-jWVZVfqzb9Q=mo,best tracking app,5,0,1.5.3,2026-02-17 20:05:23,,,1.5.3,gymworkout.gym.gymlog.gymtrainer,Gym Workout Tracker: Gym Log
a6ce80b6-69ad-4968-adbf-26069f9de30d,Ali ghumman,https://play-lh.googleusercontent.com/a/ACg8ocIclx4dOQqat2QVjZ9co8m5lvcPcRIFG8oKIFzP-yTOCMPOQQ=mo,it is best if you can't afford coach,5,0,1.5.5,2026-02-17 19:23:25,,,1.5.5,gymworkout.gym.gymlog.gymtrainer,Gym Workout Tracker: Gym Log
87f0f585-25af-440d-9e18-ff8ca6d8317c,John Son,https://play-lh.googleusercontent.com/a-/ALV-UjVuyPThFRdhhb8R4pyeidVU8DJxBHe3iw-TAXRMcYNUCZDDn67B4Q,"``well train love it,,",5,0,1.5.3,2026-02-17 17:20:25,,,1.5.3,gymworkout.gym.gymlog.gymtrainer,Gym Workout Tracker: Gym Log
c6b1178b-93f3-40e7-963b-d70f7f8466be,Saina Shahreza,https://play-lh.googleusercontent.com/a/ACg8ocL26z33jKAtOWekriSZkAkIsU7ZuP6HeXYn-DrT-En6_-iPrg=mo,Great,5,0,1.5.3,2026-02-17 16:34:12,,,1.5.3,gymworkout.gym.gymlog.gymtrainer,Gym Workout Tracker: Gym Log
d8fe8595-5673-4c05-91ef-0beae1c2fc91,Raja Gupta,https://play-lh.googleusercontent.com/a/ACg8ocIupwNsHqx560FmUNj8RK_mIgmb4Lf57XmgVAii41XRZ-jurQ=mo,this app is really amazing with this app we can complete our workout very easily and effectively this is one of the best applications I have ever used thank you so much to that person who made it I really appreciate.,5,0,1.5.3,2026-02-17 16:33:56,,,1.5.3,gymworkout.gym.gymlog.gymtrainer,Gym Workout Tracker: Gym Log
fc48e315-54e6-4255-8804-9f6955fb813f,rahul rajwar,https://play-lh.googleusercontent.com/a-/ALV-UjURmDl-7O9YMI369pLAEyZl_WRk0w0WKBsN-NEwVK6uEJe3dvdv,good,5,0,1.5.3,2026-02-17 16:27:33,,,1.5.3,gymworkout.gym.gymlog.gymtrainer,Gym Workout Tracker: Gym Log
281cb65d-2531-4f2b-9c55-17676c72c416,rama alkadri,https://play-lh.googleusercontent.com/a/ACg8ocLq_1__FvEzsEV6lx9og1qq4nc7NqlRmME3m6UigVE5Q0ddhQ=mo,good,5,0,1.5.5,2026-02-17 16:15:46,,,1.5.5,gymworkout.gym.gymlog.gymtrainer,Gym Workout Tracker: Gym Log
d7e95594-04c4-4c4a-8dcf-40ac9d7e1f0e,M5 Ufgg,https://play-lh.googleusercontent.com/a/ACg8ocL0900ghXI3xCwDbG3usMrmL8hDjNevPGvLhXqqOJ3mZ3iy=mo,cool,5,0,1.5.3,2026-02-17 13:46:52,,,1.5.3,gymworkout.gym.gymlog.gymtrainer,Gym Workout Tracker: Gym Log
91bef903-b2d9-49f0-a4f9-3d2b243c5faa,Senshaw B,https://play-lh.googleusercontent.com/a-/ALV-UjWdeeK1hszBRhKR1HUiqlSGlYo7VYuCC1yY1t2QTgCf09zWQlae,This is the best thing ever. for those of us who don't have clear guidance. Thank you,5,0,1.5.3,2026-02-17 12:33:47,,,1.5.3,gymworkout.gym.gymlog.gymtrainer,Gym Workout Tracker: Gym Log
0b78e5a2-2d89-40c0-983a-18e418538259,Triparna Khanra,https://play-lh.googleusercontent.com/a/ACg8ocKySJE8BlJNiXPxZBGwbOd_b84J-mDyQgiJH6nK1onuhiIMBg=mo,good but diet should be added,4,0,1.5.3,2026-02-17 12:19:34,,,1.5.3,gymworkout.gym.gymlog.gymtrainer,Gym Workout Tracker: Gym Log
f30e4040-f4ec-483a-a2b1-8f5fc031c2b8,Prakash Oad,https://play-lh.googleusercontent.com/a/ACg8ocJ4D4qckWB8QJbcAGPrByg7RdpqWpzIUX7TX3u2nTZxeqruKQ=mo,it's very good app for home workout age for a discipline boy and girls,5,0,1.5.3,2026-02-17 09:57:08,,,1.5.3,gymworkout.gym.gymlog.gymtrainer,Gym Workout Tracker: Gym Log
3a6cbe12-60c3-410c-b76a-fed5161a43fe,Aravind,https://play-lh.googleusercontent.com/a-/ALV-UjX8DQz2qQMCewPBsJnxzaZEP_7knbPgqHDOLDKN6P-Vp7XjklDw,good,5,0,1.5.3,2026-02-17 09:56:28,,,1.5.3,gymworkout.gym.gymlog.gymtrainer,Gym Workout Tracker: Gym Log
728f5a1f-1fde-459f-a488-cac8bb75e742,Sourav Shakti,https://play-lh.googleusercontent.com/a-/ALV-UjVri7fq9HEEhcgqBu7xPcBMli_PUjm7VbfnmBD2fxfLu8Rbuh0,very good app to track our workouts. We can customise workout for our personal workout which we don't get on other apps. thank you so much 🙏,5,0,,2026-02-17 08:14:49,,,,gymworkout.gym.gymlog.gymtrainer,Gym Workout Tracker: Gym Log
e74a21ca-b529-48ff-b321-f29859c5dd13,Andrei Busalpa,https://play-lh.googleusercontent.com/a/ACg8ocJswWUhZ_y8W7KkfX5SFSYpPT_3k3FZ_-nw7rZp6BIsya7_Vw=mo,good,5,0,1.5.3,2026-02-17 07:13:24,,,1.5.3,gymworkout.gym.gymlog.gymtrainer,Gym Workout Tracker: Gym Log
a60a4480-273c-4b01-9738-2995fa6ea901,Arsalan Fayez,https://play-lh.googleusercontent.com/a/ACg8ocJ5Hu_SmpZmAGnAYtWs414_buQObw1FrbfBh-_5u037MWBffg=mo,best 👌,5,0,1.5.3,2026-02-17 02:29:43,,,1.5.3,gymworkout.gym.gymlog.gymtrainer,Gym Workout Tracker: Gym Log
a94b3e77-ca52-4a07-b5ed-36da914a7808,Manoj Arya,https://play-lh.googleusercontent.com/a-/ALV-UjXQs0a9FmU_3H-s5tQM2fZUFqfzXsy8rFQz8eyEHYuU3glA6oY,nice 👍,5,0,1.5.3,2026-02-17 02:04:31,,,1.5.3,gymworkout.gym.gymlog.gymtrainer,Gym Workout Tracker: Gym Log
a1349744-b967-4dbe-b222-7aa617bfa43a,Kalaga Karrodu,https://play-lh.googleusercontent.com/a/ACg8ocJd49EKuV00V0glr8M7UT5hxninlwDt9orFE_I_N5agXKk3Jw=mo,it is ausom,5,0,1.5.3,2026-02-16 21:56:42,,,1.5.3,gymworkout.gym.gymlog.gymtrainer,Gym Workout Tracker: Gym Log
09ff32e9-5683-45bb-ab64-370f19fffe4d,Hood Al Shamsi,https://play-lh.googleusercontent.com/a-/ALV-UjXbEsWLh4xXxZj5hKwzUg-BVFw78KzgKR101sHI04SUZGIN9Knm,I love it,5,0,1.5.3,2026-02-16 21:18:22,,,1.5.3,gymworkout.gym.gymlog.gymtrainer,Gym Workout Tracker: Gym Log
e8cb33c2-6606-46a2-b079-f9b3ce3b90b3,Chethan Chethu,https://play-lh.googleusercontent.com/a-/ALV-UjV6HX5BRcx5eneVWMQ1eNW-4tRub-JMw2v85_9PCTtAJBeOcVzs,good,5,0,1.5.3,2026-02-16 20:12:10,,,1.5.3,gymworkout.gym.gymlog.gymtrainer,Gym Workout Tracker: Gym Log
3bc2ed4e-9554-4f0e-8ef5-9486ddc1706a,Mayur Rushi,https://play-lh.googleusercontent.com/a/ACg8ocJ2DtN2ZyUO2NwTjPWu6Vs3kXLzGdNStVtOPGjkziqFiJrDz74=mo,"Something went wrong with the app post cloud migration, It's not fetching the data, asking for update and wen clicked on update shows nothing to update, I might have lost history, even doesn't show the images of workouts... Edit - Above issue has been resolved immidietly by customer support.. Appreciate...",5,0,1.5.3,2026-02-16 19:48:59,"Hi Mayur Rushi, sorry for the bad experience. We'd like to learn more about the specific situation so that we can help you solve the problem effectively. If you don't mind sending us a video recording about the issue, it would be greatly appreciated. Please feel free to email us via ""Me -> Feedback"" in the app. Thanks a lot!❤️",2026-02-12 13:48:49,1.5.3,gymworkout.gym.gymlog.gymtrainer,Gym Workout Tracker: Gym Log
ca0d1dbf-ca96-4e82-b114-f7345102f185,Lowrie,https://play-lh.googleusercontent.com/a/ACg8ocJocpONUzkiTb1e252PBT3ZgmWBlwuaBq44cJwrQdT6AoMyaqM=mo,great seems to work,5,0,1.5.3,2026-02-16 19:23:15,,,1.5.3,gymworkout.gym.gymlog.gymtrainer,Gym Workout Tracker: Gym Log
6f841d89-6dec-4213-926b-d9cda72f7b3f,Muhammad Rashid Janjua,https://play-lh.googleusercontent.com/a/ACg8ocK7c9XXPKzDr7a-a1wT97tZYN7cfXAnyRWIUqrF3JskP27iqQ=mo,Good very useful app,5,0,1.5.3,2026-02-16 18:44:47,,,1.5.3,gymworkout.gym.gymlog.gymtrainer,Gym Workout Tracker: Gym Log
c3462f07-a17b-446c-883a-fc057596bcb9,Daniel Springham,https://play-lh.googleusercontent.com/a-/ALV-UjU3Iv3X0rhZIE8lPwEORPpnsI840Aqo-OIyLRxxqdbsK3GQ9w4,Best gym buddy app I've ever used! Simple to access and provides me with a vast library of exercises and workout routines for motivation and focus. Also helps me with my form with the little tutorial videos. Really impressed!,5,0,1.5.5,2026-02-16 11:18:28,,,1.5.5,gymworkout.gym.gymlog.gymtrainer,Gym Workout Tracker: Gym Log
7d32a7ac-2ca1-4722-9dfc-49530071c83f,Anthony Fazah,https://play-lh.googleusercontent.com/a-/ALV-UjUwBthssuGbdw8VmBl03DYjozCAR_qG22zJ6POWw4gquyYOLtU,👍,5,0,1.5.3,2026-02-16 10:41:09,,,1.5.3,gymworkout.gym.gymlog.gymtrainer,Gym Workout Tracker: Gym Log
dc32c8e7-e1f0-43d9-854f-926c3d049ac0,Charef eddine Daghour,https://play-lh.googleusercontent.com/a-/ALV-UjVZWOSxd0tkI61gfMStDd22MT9M-IUyCLdxK2iu_7oM-iATex8j,Amazing,5,0,1.5.3,2026-02-16 09:42:58,,,1.5.3,gymworkout.gym.gymlog.gymtrainer,Gym Workout Tracker: Gym Log
577d8fa6-a407-460a-9ceb-65cded0d5686,Aadarsh Nema,https://play-lh.googleusercontent.com/a-/ALV-UjUZRscTHo78tec52qdcy5b7ru49iGLmDVlDeegi2woVUqqQXqJG,"Great App, need some features like cross platform sync, dark mode, and costom exercise routine making feature. Anyway very good app, highly recommended.",5,0,1.5.3,2026-02-16 09:18:21,,,1.5.3,gymworkout.gym.gymlog.gymtrainer,Gym Workout Tracker: Gym Log
e780dda9-5c35-49e2-9455-8a2c2b2e6e59,Anil Babu,https://play-lh.googleusercontent.com/a/ACg8ocIctKeeQ25-NQEiAtNfCPVtILgBkAx63QK9gNxz4XUttkRhhpU=mo,good,5,0,1.5.3,2026-02-16 04:51:45,,,1.5.3,gymworkout.gym.gymlog.gymtrainer,Gym Workout Tracker: Gym Log
295b2ec7-9a3a-4f66-af7b-5b16f725197e,Rajat Das,https://play-lh.googleusercontent.com/a-/ALV-UjVaCuV5d-FmOf7uG6KvjWmskPrq2qDG1ujwno8nepa4rAziFJlK,So far 1st day just cheking,5,0,1.5.3,2026-02-16 01:08:32,,,1.5.3,gymworkout.gym.gymlog.gymtrainer,Gym Workout Tracker: Gym Log
b54515a9-66d2-431c-9daa-d0112bc3326e,Abdelrahman Nayel,https://play-lh.googleusercontent.com/a/ACg8ocKO5nyYIZdfoHqhn7xeva65ohPBd9hBo-K5mgK9iGZm01iKLA=mo,perfect app,5,0,1.5.3,2026-02-15 20:02:54,,,1.5.3,gymworkout.gym.gymlog.gymtrainer,Gym Workout Tracker: Gym Log
e05b8475-2a08-4488-87cd-141f9376bed5,Shiva aathithya,https://play-lh.googleusercontent.com/a-/ALV-UjVGNJeAJUJtPREuq0Oxj2bLbe5p7WyGHoHo0VMCNfGkCft7lU4,good,5,0,1.5.3,2026-02-15 19:40:59,,,1.5.3,gymworkout.gym.gymlog.gymtrainer,Gym Workout Tracker: Gym Log
2c0736b5-3199-4d0e-8969-b98247a3aeb2,Jeet Sa,https://play-lh.googleusercontent.com/a-/ALV-UjWDO5Y64CrxYtS6OnGou0_UwelBk8XCNfRNEEnscitT0qMVjp_Yeg,useful,5,0,1.5.3,2026-02-15 18:04:56,,,1.5.3,gymworkout.gym.gymlog.gymtrainer,Gym Workout Tracker: Gym Log
dd87677a-bc5f-40a6-bd0d-81aa9173fc3b,Surender Verma,https://play-lh.googleusercontent.com/a-/ALV-UjXd9NCz9__HP2TouP8EYqGJfq5WRszjW8_RBADhJVINkXM26NJ_kg,This app is good for exercise. But please either add health connect sync or Google fit sync back,5,0,1.5.5,2026-02-15 16:41:09,,,1.5.5,gymworkout.gym.gymlog.gymtrainer,Gym Workout Tracker: Gym Log
98044737-87c8-4f47-be94-bae0239f604a,Kibrom Tekle,https://play-lh.googleusercontent.com/a/ACg8ocJeXOrTTSFBxjxu7xzSEkS1iVLiJWs3lltNIgndJz7TqYYQjw=mo,is good app,5,0,1.5.3,2026-02-15 14:58:34,,,1.5.3,gymworkout.gym.gymlog.gymtrainer,Gym Workout Tracker: Gym Log
6c3bff6a-ab7f-4f2f-8245-d8cf87ac7fba,Sahar,https://play-lh.googleusercontent.com/a-/ALV-UjW_bkcQnkHxdIW7wsAqWZd8_S6tbJUz9SL0Ii37Pl43qi0mxDUU,👌🏻,3,0,1.5.0,2026-02-15 12:56:58,,,1.5.0,gymworkout.gym.gymlog.gymtrainer,Gym Workout Tracker: Gym Log
683c3541-1dc3-45c7-81b8-0c89d776e09f,Holly,https://play-lh.googleusercontent.com/a-/ALV-UjXY-LVnmS0hlHq6HdAayNAYnEutzL3k29DMXVxi0reh4hM6GQJ9,the ads are unbearable,1,0,1.5.3,2026-02-15 10:49:38,,,1.5.3,gymworkout.gym.gymlog.gymtrainer,Gym Workout Tracker: Gym Log
0c2ee13e-803d-4fb9-9c80-1bf3153b387e,Peter,https://play-lh.googleusercontent.com/a/ACg8ocKh1M0N176UkLLv2hsoO36gZoQKSEihonO0-Z0_1nPn2Tj3_w=mo,awesome,5,0,1.5.3,2026-02-14 23:05:22,,,1.5.3,gymworkout.gym.gymlog.gymtrainer,Gym Workout Tracker: Gym Log
c750525c-a864-4316-9534-341a0e6bb34b,Ndala Mukanda,https://play-lh.googleusercontent.com/a-/ALV-UjUF9yWSWV_PfkSJO6KjyCC-idhfjDwpGDydbhiPltYJ9W-7sI-_JQ,finding it really great,5,0,1.5.3,2026-02-14 19:57:46,,,1.5.3,gymworkout.gym.gymlog.gymtrainer,Gym Workout Tracker: Gym Log
f7a358b8-498a-43cc-b4d7-05ac6d8f7beb,Karthika,https://play-lh.googleusercontent.com/a-/ALV-UjUf9kaUhN6FdWurnUP8UbQpXB0ZRJYlRSGj1RmLYtWwDX7i605f,good,5,0,1.5.3,2026-02-14 15:34:53,,,1.5.3,gymworkout.gym.gymlog.gymtrainer,Gym Workout Tracker: Gym Log
86491d38-d960-4129-9545-a7016663caf9,Nutritorius,https://play-lh.googleusercontent.com/a-/ALV-UjUjohMBr8aSHZnhs2LqOjaZakkCK7GA0yf16UZjy4Bv9OXzPCI,the remove ads purchase gets removed for two times now,1,0,,2026-02-13 23:45:54,,,,gymworkout.gym.gymlog.gymtrainer,Gym Workout Tracker: Gym Log
6e47ff87-fe52-4fd3-bdc1-0f8bf7ea4cf1,Matthias Hauser,https://play-lh.googleusercontent.com/a/ACg8ocJ8UAwQ9Zbrl7Zc8m2l49cTw6Ga9-e1BXsPgK9ty9Ai2whe5w=mo,it removed my purchase two times,2,0,1.5.5,2026-02-13 23:41:10,,,1.5.5,gymworkout.gym.gymlog.gymtrainer,Gym Workout Tracker: Gym Log
eaf989e6-9c0d-4140-8aab-233da1f1ca30,the pahadi,https://play-lh.googleusercontent.com/a-/ALV-UjUaRY0JyVmFXz0szE71sOtsWiaDnJqB_lW2l7zmw9_kvjd_11VL,amazing app,5,0,1.5.3,2026-02-13 23:37:20,,,1.5.3,gymworkout.gym.gymlog.gymtrainer,Gym Workout Tracker: Gym Log
39f3a43e-5448-4748-b0cf-9df61fd2cdb9,siphelele Bongumusa,https://play-lh.googleusercontent.com/a/ACg8ocKhGRBko-mfOsxYLwBxZROSvqUbd4mvdxq_HmWhIj8H8GoI=mo,"easy to use, and you can see how much you take for your daily exercises",5,0,1.5.3,2026-02-13 22:02:55,,,1.5.3,gymworkout.gym.gymlog.gymtrainer,Gym Workout Tracker: Gym Log
bb5d2d26-80cc-43e2-a483-c0cbef98d0c8,S12 - 4A Llacuna Christian,https://play-lh.googleusercontent.com/a-/ALV-UjUnfzjISaZXS9MtuLHCr_U-6XdKB6J5JUjDB_pql3yuX9BaMNnN,good,5,0,1.5.3,2026-02-13 21:15:35,,,1.5.3,gymworkout.gym.gymlog.gymtrainer,Gym Workout Tracker: Gym Log
7783e15f-25af-4d42-a4b2-9d8974fac81d,Godfrey Molekwa,https://play-lh.googleusercontent.com/a-/ALV-UjXffyAi8mqqwf55ZGcEb5qelWI2g5S7l5DYC5LQuUvWZil5Q6w8,"this is really made for all us, user friendly and simple to understand. you should try it.",5,0,1.5.3,2026-02-13 17:27:23,,,1.5.3,gymworkout.gym.gymlog.gymtrainer,Gym Workout Tracker: Gym Log
edcd6a11-7722-4b63-ac74-4cab607f34e6,Tausif Raja,https://play-lh.googleusercontent.com/a-/ALV-UjV0Y93zmR6y3braR91xFY1pI7xLa_z1LSzqu1rqITQWkZfwB90,very good app,5,0,1.5.5,2026-02-13 16:38:04,,,1.5.5,gymworkout.gym.gymlog.gymtrainer,Gym Workout Tracker: Gym Log
d5d6dda7-02e5-433b-99ed-98c01ece3dac,Owen Natthew,https://play-lh.googleusercontent.com/a/ACg8ocL6NqYNlsPk8boEngunX6BulOJja4MhN-7Es4jud9jDsL35Cg=mo,great,5,0,1.5.3,2026-02-13 15:43:34,,,1.5.3,gymworkout.gym.gymlog.gymtrainer,Gym Workout Tracker: Gym Log
68103036-277f-4853-bcf5-a7a7f8d434e1,Levi Kuhne,https://play-lh.googleusercontent.com/a/ACg8ocKvT0iAjA3QzOGzlNY6FGDiegnrm3KSLWtIAPdeB2h5qOidmA=mo,insane,5,0,1.5.3,2026-02-13 15:33:12,,,1.5.3,gymworkout.gym.gymlog.gymtrainer,Gym Workout Tracker: Gym Log
1617f13d-99c5-401b-bd40-6c2c43823003,shahbaz khan,https://play-lh.googleusercontent.com/a/ACg8ocJUiH1MI1qmeuf-f4URG_C7TwEu21pLSPSHGTfZePDiwORiaw=mo,user experience and functionality is too good. thumbs up,5,0,1.5.3,2026-02-13 15:23:34,,,1.5.3,gymworkout.gym.gymlog.gymtrainer,Gym Workout Tracker: Gym Log
39a99841-7bd6-41b1-9deb-22ffbcd29cdd,Aayush Choudhary,https://play-lh.googleusercontent.com/a/ACg8ocLJf5vNXcxJrE42PNQ2cRl2myb23O_4c4nS2JUzaUOWVvEe8g=mo,very nice app of fitness,5,0,1.5.3,2026-02-13 14:38:49,,,1.5.3,gymworkout.gym.gymlog.gymtrainer,Gym Workout Tracker: Gym Log
09eca72b-534a-48ad-890f-66fe34d8575d,Abdullah Baloch,https://play-lh.googleusercontent.com/a/ACg8ocIjBiID7X74Ou7aGSGUn3FKLYzEHPaTz12Wyk0BVEN36pqSrg=mo,best app for bodybuilding,5,0,1.5.3,2026-02-13 13:58:54,,,1.5.3,gymworkout.gym.gymlog.gymtrainer,Gym Workout Tracker: Gym Log
3b1c0e6b-ad3b-481a-9070-309ecbbd14b8,aaryan Surya,https://play-lh.googleusercontent.com/a-/ALV-UjXgnV2DXTNxBuanXKelfUHMhBdsAUgsOmyskhKpDoALpHr109Cp,"Good App, I like it",5,0,1.5.3,2026-02-13 12:39:34,,,1.5.3,gymworkout.gym.gymlog.gymtrainer,Gym Workout Tracker: Gym Log
936047b7-604f-4f65-88cb-e23c94c4edcf,Siddharth Choudhary,https://play-lh.googleusercontent.com/a-/ALV-UjVrZDmn9aY2bqqnWylEs8ifpF6fKSCEyL_GdhkBsSWreUckDk8,good,5,0,1.5.3,2026-02-13 10:54:06,,,1.5.3,gymworkout.gym.gymlog.gymtrainer,Gym Workout Tracker: Gym Log
7f23a68f-65e7-45d8-8289-852726500f6b,Shekhar Mehra,https://play-lh.googleusercontent.com/a-/ALV-UjW8tmjUtOQtW3Dfc7jv3uUAaF4PXr8SKmJSnjOxROvuJNeHonSSPQ,good,5,0,1.5.3,2026-02-13 06:56:28,,,1.5.3,gymworkout.gym.gymlog.gymtrainer,Gym Workout Tracker: Gym Log
0eb07390-0f36-4785-aedf-21f6bc5b728b,Rob Kowal,https://play-lh.googleusercontent.com/a/ACg8ocLV4eT6-q8SMtU3Ygljyk5kN6uEfzjOkZ5RKPkSUUQD2pDAVg=mo,awesome app. Definitely make me feel stronger,5,0,1.5.3,2026-02-13 04:30:10,,,1.5.3,gymworkout.gym.gymlog.gymtrainer,Gym Workout Tracker: Gym Log
c3f8ea18-c511-4632-b003-b4d753c3aa90,kelvin muiruri,https://play-lh.googleusercontent.com/a/ACg8ocIOy-HZYFrK9KpQDqa7vDLvid3RlcvbIa2ZET8GIpF2XoRAYgQ=mo,Absolutely incredible.👍,5,0,1.5.3,2026-02-13 04:03:12,,,1.5.3,gymworkout.gym.gymlog.gymtrainer,Gym Workout Tracker: Gym Log
0a51389b-f1e1-4740-8c7a-4172438be764,RUDRAKSH KUMAR TIWARI,https://play-lh.googleusercontent.com/a/ACg8ocJqY0HuSvDsOQKWgWZby7u7XV0-Iry_pLX1D2qKr7WQjWFGQw=mo,good,5,0,1.5.3,2026-02-12 20:54:05,,,1.5.3,gymworkout.gym.gymlog.gymtrainer,Gym Workout Tracker: Gym Log
63e091f7-d751-439d-b31d-e509e42b1237,Premvati Shyam,https://play-lh.googleusercontent.com/a/ACg8ocIaUe8N1r3qEn0UgVGnhquBWYesrYWEIpXq3CqR52ANa5wJmQ=mo,very good app,3,0,1.5.3,2026-02-12 20:42:24,"Hello Premvati Shyam, thanks for your feedback! We’re committed to making our app better for you. If you’re satisfied, would you mind taking a moment to rate us 5 stars? It would really inspire us to keep improving. Have a great day! 🌹",2026-02-13 13:55:31,1.5.3,gymworkout.gym.gymlog.gymtrainer,Gym Workout Tracker: Gym Log
45af83fe-5f36-4713-950c-9a9fb019c86e,Lebe Makhoba,https://play-lh.googleusercontent.com/a/ACg8ocL3WRNlv4M9y2xjzy9mReNNKVYMFPBlIvPhEIPjaoMGPley=mo,"simply the best app i have ever used, it motivate, guide and train me. I am more than happy with this app. 🕺🏾💃🏾",5,0,1.5.5,2026-02-12 20:19:12,,,1.5.5,gymworkout.gym.gymlog.gymtrainer,Gym Workout Tracker: Gym Log
378a40ed-c591-46c9-a258-fced62516e13,viperxjo Abuzz,https://play-lh.googleusercontent.com/a-/ALV-UjWspAAQ9llzVgeCEC9T7f821yJVi-VscX-gEf4QdvEHYPMmRkMQ,bit buggy but is good,3,0,1.5.3,2026-02-12 20:08:57,"Hello, thank you for using our app! Your feedback is very valuable and helps us improve. If you have any questions or suggestions, please feel free to contact us via ""Me -> Feedback"". We will do our best to provide you with a better experience. Best wishes!🌹",2026-02-13 13:54:39,1.5.3,gymworkout.gym.gymlog.gymtrainer,Gym Workout Tracker: Gym Log
3ce8dad9-c811-4fdd-89c4-93de55974964,GMS GAUSUL KAUNINE RAZVI,https://play-lh.googleusercontent.com/a-/ALV-UjX3WktnG16C6ekhk9r79lXL6gAG7ST6N7xsH8cEYvrj_xTaUTxO,very useful app,5,0,1.5.3,2026-02-12 19:36:31,,,1.5.3,gymworkout.gym.gymlog.gymtrainer,Gym Workout Tracker: Gym Log
a3442b4b-abe1-4a25-9fb3-22159464af86,Hannah Burns,https://play-lh.googleusercontent.com/a-/ALV-UjVCQ-meh0o9tqQew0D-NUNMeP8oVDW2KBxb5CkW7Il-hhlwpA6f,"I think this is the best gym app out there. It has programmes you can follow- tailored to your goals, or if you prefer, you can make up your own workouts with 100s of exercises to choose from. Each exercise has a video demonstration for reference. It tracks your progress with a graph and body map so you can make sure you are hitting all your muscle groups. It's so simple and easy to use and for £30 for the year, I think it's excellent value for money ❤️",5,0,1.4.6,2026-02-12 14:50:33,,,1.4.6,gymworkout.gym.gymlog.gymtrainer,Gym Workout Tracker: Gym Log
9a2ce436-7a9b-4cef-8eb0-f40894ab6d39,Himanshu Kumar,https://play-lh.googleusercontent.com/a-/ALV-UjVLy5cgvQ0vd--suFOhKA81PCMq_qCZ1aoMuJHY57EDPGBjfByU,good for workout,5,0,1.5.3,2026-02-12 14:40:33,,,1.5.3,gymworkout.gym.gymlog.gymtrainer,Gym Workout Tracker: Gym Log
bbbe8a6a-7e8a-4a86-a442-d143cf0304ee,Manoj Gowd,https://play-lh.googleusercontent.com/a/ACg8ocIlhfuUu1n21CxWIbQdRum87XhGynuxarRpNk1Nx8zbUlBfhFk=mo,loved it minimal ads,5,0,1.5.3,2026-02-12 07:32:00,,,1.5.3,gymworkout.gym.gymlog.gymtrainer,Gym Workout Tracker: Gym Log
1dd39761-b22d-4f5b-9bcd-8b0be678486e,Vinay Sharma,https://play-lh.googleusercontent.com/a/ACg8ocL94_wDhs1v7FnPl3LkajjzbQEAOg6umY9DiNM2sY-WqwcAEA=mo,app is very good,5,0,1.5.3,2026-02-12 06:45:38,,,1.5.3,gymworkout.gym.gymlog.gymtrainer,Gym Workout Tracker: Gym Log
af59fa5f-1537-4793-b5e9-1809928909ea,Hasim Rana,https://play-lh.googleusercontent.com/a/ACg8ocLR7BmWxBUw9yJi2EdrPaSKyCABaDMe7EGBXHVwPKgadF2eww=mo,nice,5,0,1.5.3,2026-02-11 22:04:11,,,1.5.3,gymworkout.gym.gymlog.gymtrainer,Gym Workout Tracker: Gym Log
014c40d9-b013-4075-b26b-0dd1e9191497,Shane Bundy,https://play-lh.googleusercontent.com/a-/ALV-UjV6CXAnjGnWwAa5dk0sPIsV3yDirDj5sR5-dpyn06k72skPQ0eP,awesome,5,0,1.5.3,2026-02-11 20:33:27,,,1.5.3,gymworkout.gym.gymlog.gymtrainer,Gym Workout Tracker: Gym Log
96e19696-f75e-4397-b611-a205155d0623,Eagle master gaming boss,https://play-lh.googleusercontent.com/a-/ALV-UjVgO7fyEKHlPRRoXU_xP8U_TWk103x59NHgvQICIr6eQHcrHwV-,best aap,5,0,1.5.3,2026-02-11 20:17:55,,,1.5.3,gymworkout.gym.gymlog.gymtrainer,Gym Workout Tracker: Gym Log
93945cd4-8c2c-45a7-b176-980b335d7c95,Rutik Kudekar,https://play-lh.googleusercontent.com/a-/ALV-UjVMxILwX-HlcQP0rtkdWgF-pLA2GbxeP1RL5kZEKGsnOdVUT6Co,good guidence,5,0,1.5.3,2026-02-11 20:13:15,,,1.5.3,gymworkout.gym.gymlog.gymtrainer,Gym Workout Tracker: Gym Log
23e5e540-ee93-4fd2-9486-4f2d407d3a04,Pratiyush Sharma,https://play-lh.googleusercontent.com/a/ACg8ocK-EqWR9AORlEtp7y4oSxOVIXHSOLn428OzfIwct7ymg_bl1w=mo,It is a good and informative app but i would recommend first to research before applying it in your daily routine,5,0,1.5.5,2026-02-11 13:43:55,,,1.5.5,gymworkout.gym.gymlog.gymtrainer,Gym Workout Tracker: Gym Log
5f595abe-d5c2-4e8f-98e8-03485abf10d8,Kushendarmo Pratomo,https://play-lh.googleusercontent.com/a-/ALV-UjV0lFzSl8Hxwh3nUVARZ7TVpwGDO6KSZlonUgM7moZR_CeQzyzD,hari ke tiga legday berasa banget. lengkap bisa ganti jenis workout kalau gak ada alat tertentu. tingkatkan terus appnya makasih,5,0,1.5.5,2026-02-11 12:55:42,,,1.5.5,gymworkout.gym.gymlog.gymtrainer,Gym Workout Tracker: Gym Log
7a3d3e1c-95c6-40af-b1b7-78e21de9b84f,Sonny T. Boral,https://play-lh.googleusercontent.com/a-/ALV-UjWwd-xXUMTZNYDZZrqIbRJsmnbt3xGc_MfzbT2iblB6Pt2GKjc,nice!,5,0,1.5.3,2026-02-11 10:37:10,,,1.5.3,gymworkout.gym.gymlog.gymtrainer,Gym Workout Tracker: Gym Log
cd11f14a-d34c-44ad-8b0a-5b68055be01e,Aj Cr antony,https://play-lh.googleusercontent.com/a/ACg8ocKz3onuKA0-6AMitCexC8cJNEkia0LiLlgqZEuCuOFcGUhowA=mo,good app very helpful,5,0,,2026-02-11 10:35:42,,,,gymworkout.gym.gymlog.gymtrainer,Gym Workout Tracker: Gym Log
5566b116-5c4d-4441-bc6e-786961f95a9f,Ace Pullos,https://play-lh.googleusercontent.com/a-/ALV-UjWjKSKXbVJx7Hf-s7NPbOvAWftCZVyTPN_55BQDpO2ItMTxc5De,great,5,0,,2026-02-11 09:43:55,,,,gymworkout.gym.gymlog.gymtrainer,Gym Workout Tracker: Gym Log
26860617-7bf6-4521-af89-712e9a9460a7,Mayank Tak,https://play-lh.googleusercontent.com/a/ACg8ocJ_gh_bH4tGErU4Qmpm_xRhbCRWRFVTeXsEOAcvi8P1ZRax8w=mo,good,5,0,1.5.3,2026-02-11 09:40:30,,,1.5.3,gymworkout.gym.gymlog.gymtrainer,Gym Workout Tracker: Gym Log
cccdab09-3b80-4434-af0b-9cedae731fef,Panashe Rangwani,https://play-lh.googleusercontent.com/a/ACg8ocLfDeSyex1568ChbPnKhAGcDY4rGzZgHJ_p5L33bxktkk1Qeg=mo,best apk ever,5,0,1.5.3,2026-02-11 00:04:40,,,1.5.3,gymworkout.gym.gymlog.gymtrainer,Gym Workout Tracker: Gym Log
128fab4c-7de7-4ad8-926c-bd0fb64b712e,Shiraj Adhikari,https://play-lh.googleusercontent.com/a-/ALV-UjUcnm5ZqnqZsi-vfRtZlMzCg-CKOly3vVZMhVCvdamccOq0RUFS,good,5,0,,2026-02-10 23:32:03,,,,gymworkout.gym.gymlog.gymtrainer,Gym Workout Tracker: Gym Log
47182716-5820-46b0-88f6-ce4a8aa904b2,Dan Gheorghilas,https://play-lh.googleusercontent.com/a-/ALV-UjU-eXDFp_rfnQG4Fm8eag_jxB_UzP278kEAf2uRUHqD4uHgHk1YlQ,"Effective app,which will fullfil your needs",5,0,1.5.3,2026-02-10 21:17:16,,,1.5.3,gymworkout.gym.gymlog.gymtrainer,Gym Workout Tracker: Gym Log
6182c163-7576-4d24-8de1-9f99ce062703,Abdullah Mohsin,https://play-lh.googleusercontent.com/a/ACg8ocLRIij7zNm6C59xYqwCE9h6m68z8KHbCP9n3Ns56I50c6mOtg=mo,"best app ever i have used for gym workout , best medicated and experienced excercise for beginners",4,0,1.5.3,2026-02-10 19:07:59,"Hello Abdullah Mohsin, thanks for your feedback! We’re committed to making our app better for you. If you’re satisfied, would you mind taking a moment to rate us 5 stars? It would really inspire us to keep improving. Have a great day! 🌹",2026-02-11 15:10:55,1.5.3,gymworkout.gym.gymlog.gymtrainer,Gym Workout Tracker: Gym Log
b69d2e2d-63cf-45fc-88cb-a16768f9c0af,Sekhar Roy,https://play-lh.googleusercontent.com/a/ACg8ocJwIrGap_W29yV4CLaqOlTe3qEUZ6tD2OBydaaWVnb-j6vwBg=mo,a1😃💪,5,0,1.5.5,2026-02-10 18:40:40,,,1.5.5,gymworkout.gym.gymlog.gymtrainer,Gym Workout Tracker: Gym Log
3b231151-29a3-45df-9c87-910a27fd9d1a,Subbaiah revanth,https://play-lh.googleusercontent.com/a/ACg8ocITND-nqMGajtSDFqi-prmI64DvPTK-mamq99J8PQAQwhBt3Q=mo,good,5,0,1.5.3,2026-02-10 18:38:16,,,1.5.3,gymworkout.gym.gymlog.gymtrainer,Gym Workout Tracker: Gym Log
4a226ed1-fd5e-4f2e-945d-576a702ab3cd,smit prajapati,https://play-lh.googleusercontent.com/a-/ALV-UjUpxb8z8A3R9KSnolW5WhHAydCg4mW6xmJZr9qgOGYPMmNoQHV5,great application and most important free application,5,0,1.5.3,2026-02-10 17:49:22,,,1.5.3,gymworkout.gym.gymlog.gymtrainer,Gym Workout Tracker: Gym Log
4bac3184-7f08-433a-bcb8-c906ed68632a,Falad Mohan,https://play-lh.googleusercontent.com/a/ACg8ocLZvK98nLpm67sgL0Y1UnYoQtAnS-JU7P7K3SEVRUuY-BeZyw=mo,nice app,5,0,1.5.3,2026-02-10 17:40:13,,,1.5.3,gymworkout.gym.gymlog.gymtrainer,Gym Workout Tracker: Gym Log
4d709508-0518-4425-b081-15c4c2f7ad93,Alador com,https://play-lh.googleusercontent.com/a/ACg8ocJCsF-B7XIYN5N6U_HaU9qMtO81IaL12e0GB1OL7Z6DTPnjbw=mo,I was stressed finding a great workout app but once I downloaded this one it is so clean detailed beautiful ❤️ and I'm going to work out with this app forever I want to say this to the people who are reading this I want you to download it try it for yourself I'm sure you love it I love the design I love the workout detail I love that tutorial workout I love all about this app it is a great job I know you'll never see any workout like this so I want to say to this app creator goodjob it is a app,5,0,,2026-02-10 16:19:12,,,,gymworkout.gym.gymlog.gymtrainer,Gym Workout Tracker: Gym Log
86b5434f-3452-45fa-aac4-d6cff6cad2a8,Sanjib Prasad nepal,https://play-lh.googleusercontent.com/a/ACg8ocLS-gXLqN5-KHzuSXh0m2-jZ5c5uxNa0D4f7edgZKO7U6SYwD0=mo,very helpful app for home exercise,5,0,1.5.5,2026-02-10 13:37:55,,,1.5.5,gymworkout.gym.gymlog.gymtrainer,Gym Workout Tracker: Gym Log
e4a24ae5-284f-4828-8391-bf7961ad4225,Mikail Naderian,https://play-lh.googleusercontent.com/a-/ALV-UjWH9sKzQ-OHc7IotIXiueHBDTozfwcJpVE5_Dhws5y95o6SORo,good,5,0,1.5.3,2026-02-10 11:34:29,,,1.5.3,gymworkout.gym.gymlog.gymtrainer,Gym Workout Tracker: Gym Log
1305aaf0-c859-4413-a37d-81831bb8461e,Nikko,https://play-lh.googleusercontent.com/a/ACg8ocJaauQJXxFvGoV0792ny6ToEmP7AqGKMmC3ftlBtr9l8Hwrtg=mo,The only thing that needs improvement is the timer - I wish it lets me do things within the app and maybe the counter should have a + and - to easily edit the count every workout. dark mode update got me to go ad free 🎉,5,1,1.5.5,2026-02-10 11:02:19,"Hello Nikko, thank you for sharing! We're continuously working on making improvements, and your feedback is valuable to us. If you have any further ideas or questions, feel free to contact us via ""Me -> Feedback"". We’re committed to making the app more effective and enjoyable for you!🌹",2026-02-11 15:08:47,1.5.5,gymworkout.gym.gymlog.gymtrainer,Gym Workout Tracker: Gym Log
c73f5baf-9093-4d2b-b7ee-db6e220963e7,Ram R,https://play-lh.googleusercontent.com/a-/ALV-UjWLbMdpLwdkC55vtrZpaYhlhNdiOvfl1slfl35uS8GOhZWYyAGd,very useful for beginners,5,0,1.5.5,2026-02-10 03:02:24,,,1.5.5,gymworkout.gym.gymlog.gymtrainer,Gym Workout Tracker: Gym Log
bb32afdc-8202-4626-82ed-17c37326ceff,Rehab Saber,https://play-lh.googleusercontent.com/a-/ALV-UjVWA5wkUJ4z7Lg-Ox7kQBYPPwTXLHHRgLXrSrfNKLuPlMpfctvY,good,5,0,1.5.3,2026-02-10 02:06:27,,,1.5.3,gymworkout.gym.gymlog.gymtrainer,Gym Workout Tracker: Gym Log
09b44cfe-2b14-455e-9b40-d9ce1f978004,Katie Courts,https://play-lh.googleusercontent.com/a-/ALV-UjVyFhnvctfIDtLkYWcDMKFXEjgp9_XbpD_5y0e7L-_pRp_yENwXZw,user friendly and comprehensive,5,0,1.5.3,2026-02-09 20:42:13,,,1.5.3,gymworkout.gym.gymlog.gymtrainer,Gym Workout Tracker: Gym Log
a08a1123-153b-4215-842f-d0926b55270d,Aryan Youtube,https://play-lh.googleusercontent.com/a/ACg8ocJmF_B6OxBYtjnOaE51R21A_S5mOsaKrg2gDeiKQ-jBEv3B0w=mo,"best app , go for it , loving this",5,0,1.5.3,2026-02-09 20:16:02,,,1.5.3,gymworkout.gym.gymlog.gymtrainer,Gym Workout Tracker: Gym Log
731cb096-c9d4-4d1b-a302-c1ac36ef67bb,Hari Kpy,https://play-lh.googleusercontent.com/a/ACg8ocJMKwSqq-1KeotAve-XJH6T5tycdOKsW-4iAD8dh8_0NTP5yw=mo,good app,5,0,1.5.5,2026-02-09 18:55:54,,,1.5.5,gymworkout.gym.gymlog.gymtrainer,Gym Workout Tracker: Gym Log
e4075599-1a37-4b7b-84f6-fe197b3fc86a,1739.Lalruatpuia Hrahsel,https://play-lh.googleusercontent.com/a-/ALV-UjUA-fT400ZzQg78blq1n3-4ediyysQyOcS0jH6xdjfuePNhUIW-,i hope i gain weights,5,0,1.5.3,2026-02-09 18:54:26,,,1.5.3,gymworkout.gym.gymlog.gymtrainer,Gym Workout Tracker: Gym Log
9792500e-918b-40f2-b9e5-278df00ace09,Abdul Rahman,https://play-lh.googleusercontent.com/a-/ALV-UjX-7VoxBQqAs2e3Ybw3X9P1qAzzmADAsFO5Pd4T-ukOwaY-q5k,top notch,5,0,,2026-02-09 17:59:57,,,,gymworkout.gym.gymlog.gymtrainer,Gym Workout Tracker: Gym Log
78ca1a78-5f69-4ffd-b2f1-8d9b97a82bb0,Nicky,https://play-lh.googleusercontent.com/a-/ALV-UjVFUGKyxuITCqLwiJ-hh9T4k2DwNZODMldgIBQfjsP6xBDMk8Hg,Genuinely this is a great workout app.. weather u need guidance at the gym or at home.. this is the #1 go to app for beginners and pros.. been using it for a month now and it helps me stay consistent and disciplined also🔥🏋️‍♀️❤️,5,2,1.5.5,2026-02-09 17:13:46,"Hello Nicky, thank you so much for your 5-star rating! We’re really happy to know you’re enjoying the app. Your support means a lot to us and motivates us to keep improving. Have a great day! 💗",2026-02-14 15:09:22,1.5.5,gymworkout.gym.gymlog.gymtrainer,Gym Workout Tracker: Gym Log
00359260-1dd0-496f-be70-a6e0ee950c6a,Laura Appenzeller,https://play-lh.googleusercontent.com/a/ACg8ocKPi8UO2FJqCKQLvHjE9XDQDfijBIBReE0_YrtQ2Z1jBeXEYUF0=mo,"I like that you dont have to purchase a subscription to use the work out plans. this was my first time using this, and doing the workouts that were created in my plan and I am very pleased with it.",5,0,1.5.3,2026-02-09 16:46:22,"Hi Laura Appenzeller, thanks for your 5-star rating! ✨ Your support is a great encouragement for us. We’ll continue working on optimizing the app to enhance your experience. Have a nice day!",2026-02-14 15:11:21,1.5.3,gymworkout.gym.gymlog.gymtrainer,Gym Workout Tracker: Gym Log
7dc5c80b-af7d-4dc0-9571-91925101c59d,Harshdeep,https://play-lh.googleusercontent.com/a-/ALV-UjVTx5MXRfspPklm_cSLz3X8YRxpAliX-7w2cRUg-qWOylt6sfte,Awesome app For daily Use at Gym,5,0,1.5.5,2026-02-09 16:23:47,,,1.5.5,gymworkout.gym.gymlog.gymtrainer,Gym Workout Tracker: Gym Log
41543cf1-6f29-48ab-92e8-6c43de717406,Bright Owusu,https://play-lh.googleusercontent.com/a-/ALV-UjUpaIROGxpbNeCkn6yKKMOuSOXzHCYPPkKT9GJ947qM3098I4w,Great app,5,0,1.5.5,2026-02-09 11:51:37,,,1.5.5,gymworkout.gym.gymlog.gymtrainer,Gym Workout Tracker: Gym Log
622896ed-6e58-4950-b3a9-76c2bafa0d87,T siva naga Raju,https://play-lh.googleusercontent.com/a-/ALV-UjXeNSn8_BuTbzlNIwMCIr-XPuqT6LL8gePr-YGGwZuM_nd5cMl2,good experience,5,0,1.5.3,2026-02-09 10:12:47,,,1.5.3,gymworkout.gym.gymlog.gymtrainer,Gym Workout Tracker: Gym Log
81b84056-41ed-4316-bd6b-f32fbdc1d162,Vinod Bajaj,https://play-lh.googleusercontent.com/a-/ALV-UjVrA5AS8xu_Bs8yCEpNCWr_XTPTla5JxRLZlPJN7ZzX_Qk0Enpe,very good goal mey prepession,5,0,1.5.3,2026-02-09 08:53:03,,,1.5.3,gymworkout.gym.gymlog.gymtrainer,Gym Workout Tracker: Gym Log
1d5b4b43-7e7c-4edc-a6c3-95edf5049141,Aditya Adi,https://play-lh.googleusercontent.com/a/ACg8ocJmKLyNx61DopFSPU3tKJ7nl1P2c9bYlwiQlxXfEPbckl5RMw=mo,nice app,5,0,1.5.3,2026-02-09 07:58:50,,,1.5.3,gymworkout.gym.gymlog.gymtrainer,Gym Workout Tracker: Gym Log
c2a83fa5-75eb-4d9b-a9e6-01e2c02030d2,Parveen Dhiman,https://play-lh.googleusercontent.com/a-/ALV-UjUgkocO1rRvAOWkYY3vFLpbYaTtz7cZgBTUJ8WKUHr8uvYRK-xZ,Add Hindi Language in Display,3,0,1.5.5,2026-02-09 07:52:20,"Hello Parveen Dhiman, thank you for taking the time to share your feedback. We will carefully consider your suggestion and continue enhancing your experience. If you’re enjoying the other features, would you mind taking a moment to give us 5 stars? It would really inspire us to keep improving. Have a great day! 🌹",2026-02-10 16:07:02,1.5.5,gymworkout.gym.gymlog.gymtrainer,Gym Workout Tracker: Gym Log
43f6d1d7-a7a0-4263-8186-95c41c0d472e,Archit Jain,https://play-lh.googleusercontent.com/a-/ALV-UjVTZejsjXZ89mQPTa_Utu1MaIJZgiyeAfKqoraxre204J-KhqcP,great using it from 2 years,5,0,1.5.3,2026-02-09 07:47:42,,,1.5.3,gymworkout.gym.gymlog.gymtrainer,Gym Workout Tracker: Gym Log
6aec3024-45be-4763-8c1b-ba6aabeeeabe,Rajan Tomar,https://play-lh.googleusercontent.com/a-/ALV-UjXwB_4Qqgqhw_hboHMgaVFwAgmnd2_Y0_HtlrYhO33BV0AguOU,good,5,0,1.5.5,2026-02-09 07:08:02,,,1.5.5,gymworkout.gym.gymlog.gymtrainer,Gym Workout Tracker: Gym Log
ae5d60ec-26ab-4b3d-a8e2-5a89415048fb,David Peterman,https://play-lh.googleusercontent.com/a/ACg8ocKNieg7oZW42XV56Xybv5sG9_n0sHClDTRz0z-lJZq8Asy2xQ=mo,it's simple and great verity,5,0,1.5.5,2026-02-09 07:06:07,,,1.5.5,gymworkout.gym.gymlog.gymtrainer,Gym Workout Tracker: Gym Log
c4a3fbd3-fd48-4bed-8eda-eee0dbfd5995,muhammed k.aldin,https://play-lh.googleusercontent.com/a-/ALV-UjUO8B6TRd-oCrn5I97CVR-lpqau0-bVUxbDs1J-gK-OVtgTrw5v,amazing,5,0,1.5.3,2026-02-09 02:47:09,,,1.5.3,gymworkout.gym.gymlog.gymtrainer,Gym Workout Tracker: Gym Log
fb6133ae-c6ed-4d77-b03a-e41296ca3909,جوري,https://play-lh.googleusercontent.com/a/ACg8ocLVEFQkpoZXD32L4gfIUMdpTWWbVXzHkDtSLS_fcCoXx8_eSg=mo,حلوووو,5,0,1.5.5,2026-02-09 00:39:44,,,1.5.5,gymworkout.gym.gymlog.gymtrainer,Gym Workout Tracker: Gym Log
e47b696e-5010-4f85-9510-bb777eaa52eb,Josh Munnings,https://play-lh.googleusercontent.com/a-/ALV-UjUZ08FrpzIrdW_4_ykO5ArWJd0RFmztPuar4j8ue6r05yuERX8,SImply Lovely,5,0,,2026-02-09 00:32:39,,,,gymworkout.gym.gymlog.gymtrainer,Gym Workout Tracker: Gym Log
2323ccf5-7df8-47fa-b18c-328dc0dbac57,Sai Dinesh Kavili,https://play-lh.googleusercontent.com/a/ACg8ocKdw8iLUftcbIyMagoNH_TkQnJ70VGSkWA2CPjTGuz60iktRWg=mo,best app and great results,5,0,1.5.3,2026-02-08 18:53:51,,,1.5.3,gymworkout.gym.gymlog.gymtrainer,Gym Workout Tracker: Gym Log
a108c0d9-7157-4ead-a404-4a657158805f,Odimara Ifeanyi,https://play-lh.googleusercontent.com/a-/ALV-UjUvY1A8TWho-yN_CUu0U6HctZAZSYhbbSEr72dDV8KuP6NwhMY,an amazing app...A beautiful do it by yourself app,5,0,1.5.3,2026-02-08 15:55:21,,,1.5.3,gymworkout.gym.gymlog.gymtrainer,Gym Workout Tracker: Gym Log
b08c5e52-06c4-49c4-8a80-13d4db4ec06e,GAJENDRA Moodley,https://play-lh.googleusercontent.com/a-/ALV-UjWWIfUo_SyFULLWHgsggtmI1w-AlD76k8GhgAMdxDKHbP7G7q4,awesome workouts,5,0,1.5.3,2026-02-08 13:21:18,,,1.5.3,gymworkout.gym.gymlog.gymtrainer,Gym Workout Tracker: Gym Log
d9319f15-2665-4619-96ec-f089b9ed5eaa,Sahil Maharana,https://play-lh.googleusercontent.com/a/ACg8ocL8rj_GKhQsQYNqnvU37ZRGLCfH0DxhnaNenBzvIelFFDdQkA=mo,good,5,0,1.5.3,2026-02-08 08:35:54,,,1.5.3,gymworkout.gym.gymlog.gymtrainer,Gym Workout Tracker: Gym Log
bac07cc8-f9e5-4038-b669-9ece20f71259,Deepika Singh,https://play-lh.googleusercontent.com/a/ACg8ocKydHOqwqXxjGnw_ZOBbnofM7Bps9h_VT_Z_C9X-WvwkVOJTuRB=mo,thank you 🥰,5,0,1.5.3,2026-02-08 00:07:42,,,1.5.3,gymworkout.gym.gymlog.gymtrainer,Gym Workout Tracker: Gym Log
881f877c-fefa-49c6-953f-2410746e27eb,Sidarth By,https://play-lh.googleusercontent.com/a/ACg8ocJAX7Ll9RSaI5XrXpMv66LHcytBDVg8ae93N3lLcNw0r37m8w=mo,great app for gym workout 👍💪 a,5,0,1.5.3,2026-02-07 22:47:58,,,1.5.3,gymworkout.gym.gymlog.gymtrainer,Gym Workout Tracker: Gym Log
4f3758cf-5bcb-41bb-84d5-5edd4284b2a6,Ryu Carulasan,https://play-lh.googleusercontent.com/a-/ALV-UjXzJzyUexCF3j3IDzED9cLGglMv3q8v4IqGWczAXwz1fQzWKME,waw,5,0,1.5.5,2026-02-07 22:45:03,,,1.5.5,gymworkout.gym.gymlog.gymtrainer,Gym Workout Tracker: Gym Log
3edcc81e-f528-4f52-bfc8-3b2f3a02ec56,Deepak Ghadei,https://play-lh.googleusercontent.com/a/ACg8ocKOt4Pu2jCWSSV9pSPjeZIe3WgnbWbeaEKXucQZRIEU_8LosQ=mo,very good 👍,5,0,1.5.5,2026-02-07 21:45:16,,,1.5.5,gymworkout.gym.gymlog.gymtrainer,Gym Workout Tracker: Gym Log
c13327ce-5aa4-40b1-b12b-49972fbfd4b7,सूरज प्रसाद,https://play-lh.googleusercontent.com/a-/ALV-UjVtl_KGCcADbGhj4y3H8sUaKT7u60dY7-rUXPmkKUTqNsGjy5j_,Great App 👍🏻,5,0,1.5.3,2026-02-07 18:13:31,,,1.5.3,gymworkout.gym.gymlog.gymtrainer,Gym Workout Tracker: Gym Log
daf28e0c-8b6c-478f-bcee-610c812a023b,ambuj yadav,https://play-lh.googleusercontent.com/a-/ALV-UjX698D4w1ZFndKgOv0Iadbj8TGQnupPAB_0bSS6O7BbKh7gZzZg,super experience great app,5,0,,2026-02-07 17:44:31,,,,gymworkout.gym.gymlog.gymtrainer,Gym Workout Tracker: Gym Log
61c60469-db2d-41d7-9c6a-eb011f1a9ae5,Ankit dudhat,https://play-lh.googleusercontent.com/a/ACg8ocJOd1pYzobcqIqGG1xf25ye2bQYfqsDkIzr-mq7e18T-BAuiA=mo,nice app,5,0,1.5.5,2026-02-07 17:35:05,,,1.5.5,gymworkout.gym.gymlog.gymtrainer,Gym Workout Tracker: Gym Log
c62583eb-b1e2-456b-9641-e1710c5cd533,Vinoth Kumar,https://play-lh.googleusercontent.com/a-/ALV-UjXmln76Ieyiw6GftgSf9hu7RUyJMo6tnx2lnU2LGAU3KoXxBqS8,nice,5,0,1.5.5,2026-02-07 16:30:01,,,1.5.5,gymworkout.gym.gymlog.gymtrainer,Gym Workout Tracker: Gym Log
c4d9ee84-a715-4f75-8a6e-a410466ef67b,augustine moloko,https://play-lh.googleusercontent.com/a-/ALV-UjWcEIgKDPPPNnR1Hr3xAnvDQao0NkqSETJojRWdEGjdxwUokc705g,nice,5,0,1.5.2,2026-02-07 13:52:02,,,1.5.2,gymworkout.gym.gymlog.gymtrainer,Gym Workout Tracker: Gym Log
da777bef-aa2d-47ac-8412-bfdb501e2184,Mayank Arun Pal,https://play-lh.googleusercontent.com/a/ACg8ocIoTsX3mI9xcqVYfFulgR8NOlXWdqXBloAsl7EnQuR7_Mc6Cg=mo,It was really helpful for beginners like me .The app helped a lot in correcting my forms.,5,0,1.5.3,2026-02-07 09:18:18,"Hi Mayank Arun, thank you for your 5-star review! Your support means a lot to us, and we're glad the app is helping you. Any further questions or suggestion, welcome to contact us via ""Me -> Feedback"". We will do our best to help you. All the best!❤️",2026-02-14 15:13:30,1.5.3,gymworkout.gym.gymlog.gymtrainer,Gym Workout Tracker: Gym Log
83c12781-6219-4a31-90c1-d0431b1ca388,Manmeet Sandhu,https://play-lh.googleusercontent.com/a/ACg8ocKMWhehN0tZ0DHmvwmHlRfVjEecNTZxeC2akkWszyw3PeBu9A=mo,l am very interested with app really very most valuable app thanks have a nice day🥰,5,0,1.5.3,2026-02-07 06:54:32,,,1.5.3,gymworkout.gym.gymlog.gymtrainer,Gym Workout Tracker: Gym Log
55e81299-6b46-4eda-aed4-907579d27cc6,JKY MZD,https://play-lh.googleusercontent.com/a-/ALV-UjVzvdggVjdzbFmUoWJLZB9BUlPjngP0nfiTmXzDBLA91KR--E3l,very helpful for recording gym progress,5,0,1.5.4,2026-02-07 04:05:14,,,1.5.4,gymworkout.gym.gymlog.gymtrainer,Gym Workout Tracker: Gym Log
2175fca5-b6cf-4aa1-b9e5-3e6744f05011,Jaykishor Yadav,https://play-lh.googleusercontent.com/a/ACg8ocJbT9FI6MQQdHFdByjp0sL1-B3EqlAEyO6xMPR7VtcU5mrlcw=mo,good👍 app,5,0,,2026-02-07 03:47:40,,,,gymworkout.gym.gymlog.gymtrainer,Gym Workout Tracker: Gym Log
63709982-f1e4-456b-9cf8-1b1c94d4a26f,Marcos Moonshine,https://play-lh.googleusercontent.com/a-/ALV-UjXpOQUvHp7on9oshxSFjimDZXk1x3WY1q9s_GqJaqb08B63dRk,"ótimo aplicativo. vocês poderia colocar a opção de ""evoluir"", "" aumentar"", mudar o treino conforme o usuário for evoluindo. tem pessoas como eu que não sabem montar o próprio treino, então a gente os donos do app meio que mudavam o treino pros usuários igual na academia.",5,0,1.5.3,2026-02-07 02:19:21,,,1.5.3,gymworkout.gym.gymlog.gymtrainer,Gym Workout Tracker: Gym Log
5d723e1e-879c-4ae1-b506-f2f57cc2d45f,Sahr Sam,https://play-lh.googleusercontent.com/a-/ALV-UjUTnEX0aRoH2ScTLxjy_xYsU1E-evk9TkAdrqqidElT0To8I0Qt,great 😃👍,5,0,,2026-02-06 23:17:20,,,,gymworkout.gym.gymlog.gymtrainer,Gym Workout Tracker: Gym Log
1d0bef60-0513-43fb-bd78-7b10bf0ced6b,Lalise Tilahun,https://play-lh.googleusercontent.com/a/ACg8ocK_Lyx4RgoDa0rpKIddSufAXPXsFyKhNRcV4R9nRwI7_cukSw=mo,it work😎,5,0,1.5.5,2026-02-06 21:52:09,,,1.5.5,gymworkout.gym.gymlog.gymtrainer,Gym Workout Tracker: Gym Log
ae8e9eb3-1b16-4499-b97a-c68722e1d838,Mohammad Haidar (Manu),https://play-lh.googleusercontent.com/a-/ALV-UjUgmf72DuRjK9h6TsdtI_TODaJE9v0YvHZpiHZxqjBs8f3oyiHHmQ,"A fantastic and very useful app for tracking gym workouts... but I hope they add the exercises that aren't currently included and provide details for some exercise types, such as grip type and angle.",4,0,1.5.3,2026-02-06 21:47:39,"Hello Mohammad Haidar, thank you for your feedback! We will carefully consider your suggestions and continue expanding the exercises and equipment options to improve your experience. You can also add new exercises manually by clicking the ""+"" on the bottom right of the ""Exercises"" page. Hope this helps and you enjoy using our app! 🌹",2026-02-09 17:15:17,1.5.3,gymworkout.gym.gymlog.gymtrainer,Gym Workout Tracker: Gym Log
9d89463a-b1c3-4939-9a71-70c2befa0ab1,SACHIN KHORWAL,https://play-lh.googleusercontent.com/a-/ALV-UjU54sRU1vUsHpoGMM4ViYO-gjXDUY4Nk-UedPHH_2_ipV2TzDjG,nice application,5,0,,2026-02-06 21:41:41,,,,gymworkout.gym.gymlog.gymtrainer,Gym Workout Tracker: Gym Log
346ffde1-1ada-4335-92c4-22b8d67c7a84,Damian Brown,https://play-lh.googleusercontent.com/a/ACg8ocJS7Av16HY9RFF2opiwvZqGfVq0yBiuWAtcb31-aq_Pk6M1crE=mo,really easy to follow and doesn't annoy you with too many ads! ❤️,5,0,1.5.3,2026-02-06 20:43:49,"Hi Damian Brown, thanks for your 5-star rating! ✨ Your support is a great encouragement for us. We’ll continue working on optimizing the app to enhance your experience. Have a nice day!",2026-02-14 15:16:32,1.5.3,gymworkout.gym.gymlog.gymtrainer,Gym Workout Tracker: Gym Log
1b97de24-c6f3-440c-94c5-f948989ea9e8,TMAK 11,https://play-lh.googleusercontent.com/a-/ALV-UjWs7VnoYlJmDsYK_P5qs_jQVOaqTPQtxGC05xlkzdCQlDQIpKwNpQ,"Im very impressed, this is all you need.",5,0,1.5.5,2026-02-06 14:27:29,,,1.5.5,gymworkout.gym.gymlog.gymtrainer,Gym Workout Tracker: Gym Log
e1b2e877-59c7-4642-af54-0795787cf5ce,Goran Potrebić,https://play-lh.googleusercontent.com/a-/ALV-UjVk8G_k1rEhmGB1xXxDg2IuZpEZVE7sMLonqolfNdUQwUL-QmZj,"Great for trainig plan, easy to use",5,0,1.5.3,2026-02-06 11:45:42,,,1.5.3,gymworkout.gym.gymlog.gymtrainer,Gym Workout Tracker: Gym Log
db73f105-f9d2-47c0-988e-9dd923a6e4f2,Vaibhav Shetty,https://play-lh.googleusercontent.com/a/ACg8ocKQTh_SBZLRTDYQbiBRKk1-N7pvmexTpq_Qiayg9h2wQDnTiw=mo,really good app,5,0,1.5.5,2026-02-06 11:37:23,,,1.5.5,gymworkout.gym.gymlog.gymtrainer,Gym Workout Tracker: Gym Log
1f0d619a-d7b6-4c85-a8e4-a0b08fe48a14,koko pop,https://play-lh.googleusercontent.com/a/ACg8ocIBFZGvBgQqwDYzdDlnOJvmAZVqrkjyvpdZqO7MYVtaHrcKoA=mo,Nice app,5,0,1.5.5,2026-02-06 11:31:27,,,1.5.5,gymworkout.gym.gymlog.gymtrainer,Gym Workout Tracker: Gym Log
39472dfa-c477-45f0-a778-4a946130968b,Zane Valmera,https://play-lh.googleusercontent.com/a-/ALV-UjV2TbH-LmhJ1HxXScnx9HffxzYm90Dqmdie7qX_4TMD4bKlCLnglA,nice,4,0,1.5.5,2026-02-06 03:59:09,"Hello Zane Valmera, thanks for your feedback! We’re committed to making our app better for you. If you’re satisfied, would you mind taking a moment to rate us 5 stars? It would really inspire us to keep improving. Have a great day! 🌹",2026-02-09 17:19:51,1.5.5,gymworkout.gym.gymlog.gymtrainer,Gym Workout Tracker: Gym Log
767df0d2-2425-4c74-864c-6c0334b989e2,Belal Bakr,https://play-lh.googleusercontent.com/a/ACg8ocIrcs9Lvy5_bycqJEbYR3DecmIFIv9yrh9VyRzEqaJgjeDjcQ=mo,"amazing app for beginners , the best free app!🥰",5,0,1.5.5,2026-02-05 20:21:57,"Hello Belal Bakr, thank you so much for your 5-star rating! We’re really happy to know you’re enjoying the app. Your support means a lot to us and motivates us to keep improving. Have a great day! 💗",2026-02-14 15:17:17,1.5.5,gymworkout.gym.gymlog.gymtrainer,Gym Workout Tracker: Gym Log
a7779771-e351-4daf-b744-2a4a56899723,Paresh Bhai,https://play-lh.googleusercontent.com/a-/ALV-UjX-Zf9Ni62kGR8PmrMysXVz5slhQjTXTPcIPZslysgBxBkz4cKn,good 👍,5,0,1.5.3,2026-02-05 16:31:33,,,1.5.3,gymworkout.gym.gymlog.gymtrainer,Gym Workout Tracker: Gym Log
7c6d59a7-3006-40a8-93c8-f844d0261388,John Vincent Oche,https://play-lh.googleusercontent.com/a-/ALV-UjW55qEVD4jsP2w1uWjDLUsBIhPAWhjuFyn727NfCcDgRuslHIbU,good,5,0,1.5.5,2026-02-05 15:59:46,,,1.5.5,gymworkout.gym.gymlog.gymtrainer,Gym Workout Tracker: Gym Log
7c81c2c7-f978-42fb-bc22-12614597eec7,Missandya,https://play-lh.googleusercontent.com/a/ACg8ocIjCGX9LqpGMD8zRwRBjqkeiAr767SctE5gEp0mj-E-8QWECA=mo,this app helps me and you getting their body fit! 100% reccomend!,5,0,1.5.3,2026-02-05 14:30:22,,,1.5.3,gymworkout.gym.gymlog.gymtrainer,Gym Workout Tracker: Gym Log
3df51009-b030-4fea-9fd2-3b47b1207b0d,Devesh Thakur,https://play-lh.googleusercontent.com/a-/ALV-UjULddQV766kGm9dTV2WpSHqmd_tzhsldNbLv3WdCbYnKdMdB6w,nice ui,5,0,1.5.5,2026-02-05 14:23:29,,,1.5.5,gymworkout.gym.gymlog.gymtrainer,Gym Workout Tracker: Gym Log
4e9b4305-7de3-4f78-9e0e-a51899353060,Mohamed Magdy,https://play-lh.googleusercontent.com/a-/ALV-UjUwWe_mMTPUbz5dtYtLb8JnD44YsshwlbL7D0kl6IkLHM84UZKi,good,5,0,1.5.4,2026-02-05 13:18:48,,,1.5.4,gymworkout.gym.gymlog.gymtrainer,Gym Workout Tracker: Gym Log
f6c4ec10-5c56-4f9e-aec7-38a209889de1,ravi sathavalli,https://play-lh.googleusercontent.com/a-/ALV-UjU6dga4CilM-DAp5y2ZgyO_cgMs0wm2HFbC_kKpsJQ2SbITRVGK,nice app for beginners,5,0,1.5.3,2026-02-05 10:16:04,,,1.5.3,gymworkout.gym.gymlog.gymtrainer,Gym Workout Tracker: Gym Log
c5de6aec-a944-422e-aa0f-fd09e272ff15,Jayendrasinh Rahevar,https://play-lh.googleusercontent.com/a-/ALV-UjWzIORbHQ_RuE0z3gkdGxD2KeAd4m0YQfyIfphSpKiCrjpT_ySb,good app,5,0,1.5.3,2026-02-05 10:15:29,,,1.5.3,gymworkout.gym.gymlog.gymtrainer,Gym Workout Tracker: Gym Log
5c092b71-6028-455d-87fc-728c333b710d,Prette Ocampo,https://play-lh.googleusercontent.com/a-/ALV-UjX4Fzh2WBIAh3cODuyWcigOhkGT0Hn_T2oefrhVAXCpxcBFujc,I love this app.. applying it to my daily routine gives me easy exercise to lose weight and tone my body. and it's free!,5,0,1.5.3,2026-02-05 09:49:46,"Hello Prette Ocampo, thank you so much for your 5-star rating! We’re really happy to know you’re enjoying the app. Your support means a lot to us and motivates us to keep improving. Have a great day! 💗",2026-02-14 15:11:05,1.5.3,gymworkout.gym.gymlog.gymtrainer,Gym Workout Tracker: Gym Log
23f94d28-9217-4052-b8f7-28cc91552d4b,joseph zimba,https://play-lh.googleusercontent.com/a-/ALV-UjVyQBYk-hPTV2PZVNseIEjkWfr8qG2QYbikTyhgBOc9bk7hu4R9,it's good so far.,5,0,1.5.3,2026-02-05 09:26:20,,,1.5.3,gymworkout.gym.gymlog.gymtrainer,Gym Workout Tracker: Gym Log
fc5ac1d6-5980-4af2-82a5-993beb746787,Ravikant Singh,https://play-lh.googleusercontent.com/a-/ALV-UjX4jHgEPOvtspPBhOru5Cuit7F1qHuUbfJlPx1zNLwWepkEK7ij,best app,5,0,1.5.3,2026-02-05 08:15:38,,,1.5.3,gymworkout.gym.gymlog.gymtrainer,Gym Workout Tracker: Gym Log
6599a47c-267b-44d3-bf65-ca87433e2224,Arunijone A,https://play-lh.googleusercontent.com/a-/ALV-UjWJre_CsPRNSmrryPcAsIRDtmQF09OKDE9HCu0MW5vbD5x9h95o,best for gym workouts tracker and custom exercises my favorite,5,0,,2026-02-05 07:49:18,,,,gymworkout.gym.gymlog.gymtrainer,Gym Workout Tracker: Gym Log
4d0c386f-2c82-40ab-9a97-1014fe698332,Shabari S,https://play-lh.googleusercontent.com/a-/ALV-UjUPVU3BLJ_WVqoZXjlvqBR0nC6RNCliDakmeXH6PDvQMLUi4II8,user friendly,5,0,1.5.5,2026-02-05 07:03:07,,,1.5.5,gymworkout.gym.gymlog.gymtrainer,Gym Workout Tracker: Gym Log
3eda93ec-44a9-4e41-9bcb-19c98c92e742,Abhinav Kumar,https://play-lh.googleusercontent.com/a-/ALV-UjXvyBz4360FD7wCiwt1hhgTJ5jfpNy23R8utvHHzuhV09W_z4M,The best apps without pay provide an essential workout for all types that you need,5,0,1.5.3,2026-02-05 06:42:51,"Hi Abhinav Kumar, thanks for your 5-star rating! ✨ Your support is a great encouragement for us. We’ll continue working on optimizing the app to enhance your experience. Have a nice day!",2026-02-14 15:13:47,1.5.3,gymworkout.gym.gymlog.gymtrainer,Gym Workout Tracker: Gym Log
ae67cfa6-2bfb-431d-9bc2-14934bbc1113,Zulnazry Rozini,https://play-lh.googleusercontent.com/a-/ALV-UjUl7QS3t7pDGM08ELQuOlSczJhIoJjaTRYUOZzizP6gGN6ZoMyWOg,👍👍👍👍,5,0,1.5.3,2026-02-05 05:46:30,,,1.5.3,gymworkout.gym.gymlog.gymtrainer,Gym Workout Tracker: Gym Log
e0277731-ae0c-4441-a502-ce33c34308df,Asim Aslam,https://play-lh.googleusercontent.com/a/ACg8ocJaB0_p_o4qWRdYS9a6v4O533MWmFDf9_zL_BZM17WW9qUYCw=mo,nice,5,0,1.5.3,2026-02-05 02:46:30,,,1.5.3,gymworkout.gym.gymlog.gymtrainer,Gym Workout Tracker: Gym Log
4e1bafba-2c49-4cfb-bba2-b1f8d5222bf7,Arbaz Khan,https://play-lh.googleusercontent.com/a-/ALV-UjV01S5VOQ7KqSxlhvLt2YUvLynQeUZunVDbyT7cpRIEAKRwWVVN,very helpful,5,0,1.5.3,2026-02-04 22:34:14,,,1.5.3,gymworkout.gym.gymlog.gymtrainer,Gym Workout Tracker: Gym Log
2a48057f-b21f-4c76-9c83-603ec13b9590,Arek Drozd,https://play-lh.googleusercontent.com/a/ACg8ocIVwXNKw-fSdMtXCCuw6l3i922Y7ZM6lYbEwY_B2USD-nR-AQ=mo,great app 💪,5,0,1.5.3,2026-02-04 20:26:56,,,1.5.3,gymworkout.gym.gymlog.gymtrainer,Gym Workout Tracker: Gym Log
22eab83a-2cda-4421-8704-47e61c65cb20,Naitik Gujjar 009,https://play-lh.googleusercontent.com/a/ACg8ocIwBJS-SXBBZyzxqB598zGV_Zw7Pkj6scLEQIHp8MGM3qWbaQ=mo,it is very nice app,5,0,1.5.3,2026-02-04 19:49:35,,,1.5.3,gymworkout.gym.gymlog.gymtrainer,Gym Workout Tracker: Gym Log
44087f53-e02f-4773-9cfd-3757da08e5a0,Payal Sharma,https://play-lh.googleusercontent.com/a-/ALV-UjXHHOKOZoE_x8M-DhZK9nsI5a1XWCdVA6Uux9Uc2cOcjRlhf4Kwkg,best app free,5,0,1.5.3,2026-02-04 19:04:13,,,1.5.3,gymworkout.gym.gymlog.gymtrainer,Gym Workout Tracker: Gym Log
7cf2d367-b71e-4975-bba0-fb6b9397cbe0,vaibhav magar,https://play-lh.googleusercontent.com/a-/ALV-UjXi_QhJd-r_hDsksEKXWQl_rXz0yn8LnyXFwZGChaD448OQNbEU,best,5,0,1.5.3,2026-02-04 16:01:47,,,1.5.3,gymworkout.gym.gymlog.gymtrainer,Gym Workout Tracker: Gym Log
0c807396-4f72-4dfd-a9b0-777ee85406c0,Ardanatha Pr,https://play-lh.googleusercontent.com/a-/ALV-UjUIruvzAx4fC5lF6vSIxdbor8Nqy37O3mOQS2TR_VuWAVm-ziY3,nice,5,0,1.5.5,2026-02-04 13:13:27,,,1.5.5,gymworkout.gym.gymlog.gymtrainer,Gym Workout Tracker: Gym Log
fa6947f7-1d96-441d-b100-c03ac829aa96,Viki05 k,https://play-lh.googleusercontent.com/a/ACg8ocL16hxKpYNTNuKr-UYOM8i9C42YIl77_5azyC_aXQsAH-CCHA=mo,"good app for guidance, no need of trainers",4,0,1.5.5,2026-02-04 09:27:23,"Hello, thanks for your feedback! We’re committed to making our app better for you. If you’re satisfied, would you mind taking a moment to rate us 5 stars? It would really inspire us to keep improving. Have a great day! 🌹",2026-02-05 11:22:34,1.5.5,gymworkout.gym.gymlog.gymtrainer,Gym Workout Tracker: Gym Log
d5cc39c1-df69-4f69-b480-748c9ecfae0b,Eduardo Córdova,https://play-lh.googleusercontent.com/a-/ALV-UjUayh_IeIz5_5NdQ0koDG47oN1gzJDPRNjJ602hoAYQRwv2if9AHQ,useful and robust. Though some features need much improvement: the rest timer blocks the interaction with the rest of the exercises on the routine list; the memos should be visible on the next workout session in progress.,3,0,1.5.5,2026-02-04 09:09:53,"Hello Eduardo Córdova, thank you for sharing! We're continuously working on making improvements, and your feedback is valuable to us. If you have any further ideas or questions, feel free to contact us via ""Me -> Feedback"". We’re committed to making the app more effective and enjoyable for you!🌹",2026-02-05 11:21:53,1.5.5,gymworkout.gym.gymlog.gymtrainer,Gym Workout Tracker: Gym Log
62cc8e30-b43c-429a-a747-cec046fb94c1,Waqar Hussain,https://play-lh.googleusercontent.com/a-/ALV-UjXONC1eZWyzIaLfVPy-nptaDoO616V7v7tKgEzzsaBId3n8wLST,excellent App with all the exercises for immatures.,5,0,1.5.3,2026-02-03 21:58:05,,,1.5.3,gymworkout.gym.gymlog.gymtrainer,Gym Workout Tracker: Gym Log
7f0df450-b38c-411e-b9bd-e04f2ffb3476,ROHIT KUMAR,https://play-lh.googleusercontent.com/a/ACg8ocLp87qgoNHL1B1GtH1BA_7Xb_rbGFe6Os9Jo9kViyppZHfFBUs=mo,good traine for health,5,0,1.5.3,2026-02-03 21:34:02,,,1.5.3,gymworkout.gym.gymlog.gymtrainer,Gym Workout Tracker: Gym Log
9118f92d-f1a2-4a1a-ba9d-ab022b3bb1a1,Debajyoti Pal,https://play-lh.googleusercontent.com/a-/ALV-UjWbSdKYWQVkkjcFvAMFFD7bO0fywbgZxGVayUzYxKtz-l7ZWrxO,add T bar rows,4,0,1.5.3,2026-02-03 20:59:41,"Hello Debajyoti Pal, thank you for sharing. We will carefully consider your suggestion and continue expanding the workouts and equipment options in the app to provide you with a better experience. Any further ideas or questions, feel free to contact us via ""Me -> Feedback"". Hope you enjoy using our app! 🌹",2026-02-04 13:22:16,1.5.3,gymworkout.gym.gymlog.gymtrainer,Gym Workout Tracker: Gym Log
29cdfa7b-c3d0-4a51-81b6-04798e1d8d1a,Rafael Colaj,https://play-lh.googleusercontent.com/a/ACg8ocI0JzHg4rYd3rcDEf-cTRUBoUb5DaVnyTvMJYmrHTdWNI6dNw=mo,its helping me alot,5,0,1.5.3,2026-02-03 19:58:09,,,1.5.3,gymworkout.gym.gymlog.gymtrainer,Gym Workout Tracker: Gym Log
9935e75f-3770-4e44-9d8d-85336b195515,AJJAYYA KANDLI,https://play-lh.googleusercontent.com/a/ACg8ocIV8zWxU4BbmGRkRE0SFzTqnCL5N1-kk258qPfV5GBTBp9JBQ=mo,fabulous,5,0,1.5.2,2026-02-03 18:14:39,,,1.5.2,gymworkout.gym.gymlog.gymtrainer,Gym Workout Tracker: Gym Log
f97f8607-edd9-41fc-b80e-215f5bf92723,Yash Gavali,https://play-lh.googleusercontent.com/a-/ALV-UjX_a-gIMnUuJpySHg2Wevow3IcIqn9Cxgp5h2plZz-k0dDJFFan,Great app for those who lags behind because of a perfect guide,5,0,1.5.3,2026-02-03 15:35:04,,,1.5.3,gymworkout.gym.gymlog.gymtrainer,Gym Workout Tracker: Gym Log
0c6f5952-6951-450e-9b84-2d456066739b,k,https://play-lh.googleusercontent.com/a/ACg8ocLqR6hIv12hKa4EggZx1OOwnY03Eg1TR9sswqP20rsjQoxTbPA=mo,"Awesome app. I love how simple it is and that there's just a one time purchase for the premium version I do wish it had 1. EZ bar excercises. 2. Ability to edit past workouts. 3. CSV export for 1 week, 1 month, 1 years and all time. (because I'm a nerd and want to make my own graphs) without linking a google account.",4,0,1.5.5,2026-02-03 15:25:30,"Hi, thanks for reaching out! We truly appreciate your feedback and are always working to improve the app. Your ideas will definitely be considered in future optimizations. Any other feedback or help needed, feel free to contact us via ""Me -> Feedback"". Best wishes! 💗",2026-02-04 13:22:52,1.5.5,gymworkout.gym.gymlog.gymtrainer,Gym Workout Tracker: Gym Log
a25d1bd1-9279-4385-9e35-8b025e154851,AMIRHOSEIN,https://play-lh.googleusercontent.com/a-/ALV-UjWotXMrqLmtr-HMMD47-H-vIvUgKkqo2brDQPl0E-69E9WeF2zn,perfect,5,0,1.5.3,2026-02-03 12:13:08,,,1.5.3,gymworkout.gym.gymlog.gymtrainer,Gym Workout Tracker: Gym Log
3f59f327-67f6-40f9-920c-ced69b0a3d97,NAVDEEP S Sondh,https://play-lh.googleusercontent.com/a-/ALV-UjV38BIuXC9DvT-PTI3rKyUJeo4ZCbCEFG8kY-CwaFuarsTmgVcv,love you guys for making this app easy-to-use and free 🫶🏻,5,0,1.5.5,2026-02-03 11:51:12,,,1.5.5,gymworkout.gym.gymlog.gymtrainer,Gym Workout Tracker: Gym Log
4113f76a-da9f-417c-9a4c-2543038587b5,Sanju Joshy,https://play-lh.googleusercontent.com/a-/ALV-UjUM0mgxGSmi7Kuv7SMbkpfUEfliRo9AFY4tYwSNIC7lxOhREpcf,great app to track your work out😊,5,0,1.5.5,2026-02-03 10:19:23,,,1.5.5,gymworkout.gym.gymlog.gymtrainer,Gym Workout Tracker: Gym Log
5e26bece-de5c-4bfc-b6fd-5297f9750c16,Tafadzwa Leo Chimunda,https://play-lh.googleusercontent.com/a-/ALV-UjVfPt2HUlS7VDqjE9DVeiLCYFoS8b4wPrK7uX6N0EkDJcnAEFpK,best app for workouts,5,0,1.5.3,2026-02-03 10:11:15,,,1.5.3,gymworkout.gym.gymlog.gymtrainer,Gym Workout Tracker: Gym Log
160b520f-7705-4a0f-a556-064c14b819d8,Omar Merino,https://play-lh.googleusercontent.com/a/ACg8ocJnF8oEgkel6FYSwz8HcQtBAxot5jT7iUVsWp0-U8qTzR0gjcc=mo,good workout,5,0,1.5.3,2026-02-03 09:54:06,,,1.5.3,gymworkout.gym.gymlog.gymtrainer,Gym Workout Tracker: Gym Log
6518cf9e-ea0c-4db0-b8de-534b6578864d,Pavan Ganesh,https://play-lh.googleusercontent.com/a/ACg8ocIV2KO_BVLcSz8OVtekMujyvtR5vSGfxm6Lk-5cF7ZXF6UefA=mo,Great experience,5,0,1.5.3,2026-02-03 09:49:06,,,1.5.3,gymworkout.gym.gymlog.gymtrainer,Gym Workout Tracker: Gym Log
b0803813-ac25-4023-88a4-16e81653af5e,MACHARIA AMERIX,https://play-lh.googleusercontent.com/a-/ALV-UjWqjFtYKqRFHPE5jdSJ-SfQ9AK4zZ5s1P8nFWW86dzDSbzIoy7r,very genuine gym in your house,5,0,1.5.4,2026-02-03 09:17:33,,,1.5.4,gymworkout.gym.gymlog.gymtrainer,Gym Workout Tracker: Gym Log
b355c732-d368-43b3-9b39-c9a1a329a694,Sammy kumar Kumar,https://play-lh.googleusercontent.com/a-/ALV-UjWVgIrM9wmMVxm88wRymsNFBvwC9QCnyZxND3M73VcDzyaeoE4,good 😊💯,5,0,1.5.3,2026-02-03 08:47:49,,,1.5.3,gymworkout.gym.gymlog.gymtrainer,Gym Workout Tracker: Gym Log
573bda8e-4ffa-440d-877f-045db8e4e55c,Umesh Jayalath,https://play-lh.googleusercontent.com/a-/ALV-UjW9BOrQGvtfKDHMG4j-7CO7OF3mQSTagcbBN8UXbvs2Oe8KCM0,good,5,0,1.5.5,2026-02-03 02:08:11,,,1.5.5,gymworkout.gym.gymlog.gymtrainer,Gym Workout Tracker: Gym Log
9210179e-2083-4095-a57f-61da9279114b,Stefan Vukov,https://play-lh.googleusercontent.com/a/ACg8ocJV_WDOUFcDASQpFBX88eAmhBMCz2LKv-9uMIJcRx1tHyRrOw=mo,Great for remembering my workout,5,0,1.5.3,2026-02-03 00:26:17,,,1.5.3,gymworkout.gym.gymlog.gymtrainer,Gym Workout Tracker: Gym Log
907be5fb-c20d-462f-b741-5231c4d60c07,Tshepang Legoka,https://play-lh.googleusercontent.com/a/ACg8ocIcn2Pg9f7ZbM7ZLW8-6f0O7E4A5da0oyobDJtFvqL-g6HPKw=mo,great,5,0,1.5.3,2026-02-02 22:41:12,,,1.5.3,gymworkout.gym.gymlog.gymtrainer,Gym Workout Tracker: Gym Log
88f86d0e-7463-4783-baa0-cc781e0c66aa,Omar2,https://play-lh.googleusercontent.com/a/ACg8ocL95yvoeRAkwmFovza_g2dbeHqYdrrXBYfjqPOR5mehqnMFEA=mo,This is the best Gym application in the world from my opponinte i real love this app 🔥🔥,5,0,,2026-02-02 21:58:11,,,,gymworkout.gym.gymlog.gymtrainer,Gym Workout Tracker: Gym Log
5e7b46f2-9086-4706-b9ad-b7cdea13e888,Javier Cabrera,https://play-lh.googleusercontent.com/a/ACg8ocKN_cZg3mLzBPwQWa8e2ORGERNMyc5r9Legrjposdr4XfK8wIw=mo,the best app!!,5,0,1.5.3,2026-02-02 21:31:11,,,1.5.3,gymworkout.gym.gymlog.gymtrainer,Gym Workout Tracker: Gym Log
5552eb51-6b93-44f2-a026-554a71d004c8,Nicholas Obonyo,https://play-lh.googleusercontent.com/a-/ALV-UjUbYk-r3WH1bBd9r39EhHnIV3g2QdClUgrmKcg6auUsmaaIoIma,love this shii ..it helps me when I dont have a coach,5,0,1.5.3,2026-02-02 20:36:51,,,1.5.3,gymworkout.gym.gymlog.gymtrainer,Gym Workout Tracker: Gym Log
5e1e1e51-49d0-487a-945a-6b75ee67e78e,"LC Raro Ragas , Jr.",https://play-lh.googleusercontent.com/a-/ALV-UjXXEybjPsTp0BqTSv1j8zUvwqRc_pFYNr1j4QhnL4iQ0gM38E0,the beat exercise log everrrr,5,0,,2026-02-02 19:57:29,,,,gymworkout.gym.gymlog.gymtrainer,Gym Workout Tracker: Gym Log
dfa0d644-02b9-451d-a73e-8f1a88653041,Jimmy Tango Jr.,https://play-lh.googleusercontent.com/a/ACg8ocKLnTir0oKRtLZ6pbaEEHU98_juZmmBvvykR62mqaRbhfY6-_0=mo,great,4,0,,2026-02-02 14:42:48,"Hello Jimmy, thanks for your feedback! We’re committed to making our app better for you. If you’re satisfied, would you mind taking a moment to rate us 5 stars? It would really inspire us to keep improving. Have a great day! 🌹",2026-02-03 13:01:32,,gymworkout.gym.gymlog.gymtrainer,Gym Workout Tracker: Gym Log
68fcb757-8fa0-4633-b481-37137d96d8f1,Arif Ahmed Shuvo,https://play-lh.googleusercontent.com/a-/ALV-UjW1XHCUDSduFIbetbf5xeJTnyMiDYyDKa-dnlzteTGQqDeVM8HV,Great apps,5,0,1.5.3,2026-02-02 09:54:55,,,1.5.3,gymworkout.gym.gymlog.gymtrainer,Gym Workout Tracker: Gym Log
171199db-6795-4e33-a1f7-5647f88cb390,king of videos,https://play-lh.googleusercontent.com/a-/ALV-UjUiohFegYw4n9DfhwZLUiK-jp-xXIcUP8z8YD9Ep0qSmgn6TIkIow,🔥,5,0,1.5.3,2026-02-02 05:55:22,,,1.5.3,gymworkout.gym.gymlog.gymtrainer,Gym Workout Tracker: Gym Log
bd4cc69c-d314-47ff-97a5-2da0298d3fa5,Kelly Keepa,https://play-lh.googleusercontent.com/a/ACg8ocJcnxW_5lT0aLHrYdAU-6iXt6eqeqnD4x6Gh1UT3y8CC0o2rA=mo,"Great app, very helpful.",5,0,1.5.4,2026-02-02 01:32:33,,,1.5.4,gymworkout.gym.gymlog.gymtrainer,Gym Workout Tracker: Gym Log
53e61525-833a-42cc-b013-ee381f984a39,SK Afghan,https://play-lh.googleusercontent.com/a-/ALV-UjVKcVr6qgEAv0-6ZNPIFvu0O04rf3w9EBKtpr7UJn5nNBxUJJw,simple and easy,5,0,1.5.3,2026-02-01 23:36:41,,,1.5.3,gymworkout.gym.gymlog.gymtrainer,Gym Workout Tracker: Gym Log
80424291-9cc1-4f65-b22a-2a6018a92f3f,Thamsanqa Zwane,https://play-lh.googleusercontent.com/a-/ALV-UjVa_KBQSk-jIYL5GqN0EBAst7P3f6gODulJ7r2pYL_TkFB0BL8,the best,5,0,1.5.3,2026-02-01 23:23:21,,,1.5.3,gymworkout.gym.gymlog.gymtrainer,Gym Workout Tracker: Gym Log
7e037afe-c09d-4269-a596-ddb25ef459d1,Adriana Carranza,https://play-lh.googleusercontent.com/a-/ALV-UjWc6Au939L6hT_6jiHbHJP2gX1wtAvmuoczkQ37dWGTOSJpsQ-d,mal esperiencia,1,0,9.11.12,2026-02-19 05:32:08,,,9.11.12,com.planetfitness,Planet Fitness
efb58900-3761-4edf-858e-f3bacae55c81,Leonardo Riera,https://play-lh.googleusercontent.com/a/ACg8ocI0SAa6vMqT45Hv94TZ1VPbN2lJeCW5m1vOBm1ycw3RfRIhAA=mo,"Suddenly on my third visit they tell me I can't use PF gyms without agreeing to install their privacy-invasive app that monetizes user data (I know because I've analyzed the app myself). I wouldn't mind paying a few more $, but stealing undisclosed private info is a hard NO.",1,0,9.3.1,2026-02-18 22:40:08,,,9.3.1,com.planetfitness,Planet Fitness
7d0f858d-b3b2-476f-acee-8fed3c2c91a7,Blissful Knight,https://play-lh.googleusercontent.com/a-/ALV-UjVjYgkARENEJ8kOJp4PR8e4V7ZSrM_IBmOuJRhYzTx0RrDncLqJ,"The app functions great for the most part. The crowd meter needs a little work, it does not accurately reflect how busy the gym is. At times when the gym is packed like a sardine can the meter would display 3 / 10 .",4,0,9.11.12,2026-02-18 12:11:09,"We only want to provide you with a stellar customer experience at our Planet! We'd appreciate it if you could reach out to our staff or management team, so your concerns can be addressed accordingly. Thank you!",2026-02-18 07:24:19,9.11.12,com.planetfitness,Planet Fitness
c221c8fd-b768-4fc4-8916-d9ec24e9a9bb,NuNu Carr,https://play-lh.googleusercontent.com/a/ACg8ocL1ArS-BRMzrKhSr9_gvV-xTp1ORvK6narCJdv0Y6XXS1r6iA=mo,Love the deals and workouts.,5,0,9.11.12,2026-02-18 06:38:42,Thanks for the 5 stars!,2026-02-18 08:28:21,9.11.12,com.planetfitness,Planet Fitness
bc61b527-1084-4cc6-8f67-d86eaccf81af,Autumn Medley,https://play-lh.googleusercontent.com/a-/ALV-UjVBb4iLjHMEu_deqcbz_9gDLomIlUXKRTsT4N1LNLfc7V6k8fKM,Very helpful and has some great workouts you can access from your phone.,5,0,9.11.12,2026-02-18 05:36:49,Thanks for the 5 stars!,2026-02-18 08:30:13,9.11.12,com.planetfitness,Planet Fitness
0db39cf5-cad3-4b3e-9d63-fe431785bdf4,Steven Miller,https://play-lh.googleusercontent.com/a/ACg8ocJw6PS6kyMDfJev-v-ELFPBQI6rO96g34EusaoQSO1zRhrviA=mo,"You cant cancel or change your home gym in app, you have to go in person and dealing with the employees is sometimes just a headache. I just signed up again after about 2 years but to the wrong gym and getting it changed has been a nightmare.",1,0,9.11.12,2026-02-18 03:33:56,"Hi, Steven. We strive to provide a stress-free process to account changes, so we regret to hear this. Please email us at social@planetfitness.com so we can assist you further. Thanks!",2026-02-18 07:33:41,9.11.12,com.planetfitness,Planet Fitness
e00d8198-930b-4384-bf06-34349e213d5a,Leroy Malone (EnragedRoy),https://play-lh.googleusercontent.com/a-/ALV-UjUXI_M22H9nqmmg0gvpxVvJIYllJaaGR72_Dt611kPKIur-Pmz6Tg,The club should add an inter states membership for people who travel alot in the United States for work. If there is a plan like that please let me know or make one if corporate is reading the comments.,5,0,9.11.9,2026-02-18 03:06:50,,,9.11.9,com.planetfitness,Planet Fitness
dffc1c14-7c43-488a-ac32-48fc637ef436,Alejandro Echevarria,https://play-lh.googleusercontent.com/a-/ALV-UjVol31BjtDDqc7F8awhPoGTuBUBsxfp_nUCpp3REslEW0f6uc5p,"terrible company, I use to work at a PF and customers were getting scammed and the billing problem is the biggest issue.",1,0,9.10.2,2026-02-17 12:23:21,,,9.10.2,com.planetfitness,Planet Fitness
cee9a501-93e5-4c88-a16f-e8cfbbc1c70b,Aaron Reyes,https://play-lh.googleusercontent.com/a-/ALV-UjUU4DYLbNRSSD2G84mb9UCjvNPk2t1zZndl4wHMosKo4u2dKu3t,snobs,1,0,9.11.12,2026-02-17 09:59:45,"Hi there, we regret to hear that. If you’re open to sharing more about what happened, please reach out to us directly or speak with your club manager, so we can address your concerns and work to improve your experience.",2026-02-18 07:23:21,9.11.12,com.planetfitness,Planet Fitness
556006a2-d9e7-4159-b18a-5333458a7c0a,kitty Garza,https://play-lh.googleusercontent.com/a-/ALV-UjV9t_HlG3GFMDqhkLIPjv22gUhdau16zUK7C5XEmG69AnXtkuFUpg,I love this place to work out with my husband,5,0,,2026-02-17 07:38:26,Thank you so much for your kind words and for choosing Planet Fitness as part of your fitness journey! See you at the club soon!,2026-02-18 07:21:30,,com.planetfitness,Planet Fitness
707df180-20d2-4290-bcf9-50e97e00f785,Jimmy Reyes,https://play-lh.googleusercontent.com/a-/ALV-UjUVsFqqpm1bzehn7YzOsFM5C9BzdO1WDdu9WX8eirBiqNGNKYVLVA,"They should make it available for smartwatches. I once left my smartphone at home and had to go back to get it. If I had the QR code on my smartwatch, I would have been able to do it.",5,0,9.11.12,2026-02-17 05:59:21,"Thank you for sharing this thoughtful suggestion, Jimmy. At Planet Fitness, we’re always looking for ways to make the member experience more convenient.",2026-02-18 07:19:47,9.11.12,com.planetfitness,Planet Fitness
f70f3cc1-6913-4674-806f-d9ff8711ebaa,Shannah Allee,https://play-lh.googleusercontent.com/a-/ALV-UjVEKyAX6Wo1y6C6sOijHm3OEqQn32PDGWmlI0nIBfLbmFbkH8o,Just joined but I love this gym all the employees are great especially Gage he is so very helpful,5,0,9.11.12,2026-02-17 03:12:41,"Welcome to the club, Shannah! We’re so glad to hear you’re loving the gym so far. Thanks for being part of our fitness family!",2026-02-17 06:49:40,9.11.12,com.planetfitness,Planet Fitness
16b2d75a-dc8f-4c31-b218-1dbf83da9afc,Nick P,https://play-lh.googleusercontent.com/a/ACg8ocL7q9MhfL_xmGPCyn7vu_9ip8R24o600DbKVVMd802ZTlpBIVOL=mo,"Website said I could have a free day pass if I downloaded the app. Well, I can't get a pass, so that was a lie.",1,0,9.11.12,2026-02-17 03:01:26,"Hi, Nick. We regret to hear that! Please reach out to your local club manager if you have any concerns with a promo you saw/was not honored. Thank you!",2026-02-17 06:46:35,9.11.12,com.planetfitness,Planet Fitness
4278ae48-a302-4fc4-bd78-b5d10ac4e98f,John Cedillo,https://play-lh.googleusercontent.com/a-/ALV-UjWn-yASqtLTsOXFPMycU5RcxoYIBZkf_JEKO3aVaWFdQOXg9NA,"Very descriptive,insights are genuine and authentic,lots of detail with a smooth flow of rythym for each positioning for a nice session. Thanks",5,0,9.11.9,2026-02-16 21:29:59,"Thank you so much for the thoughtful feedback, John! We’re glad to hear your session felt smooth, well-guided, and authentic. Creating a welcoming, comfortable experience is always our goal at Planet Fitness, and it means a lot to know that came through. We appreciate you being part of our community!",2026-02-17 06:35:49,9.11.9,com.planetfitness,Planet Fitness
7d113cb2-cf6d-4e82-a4a7-ff4329774b24,Kenneth Young,https://play-lh.googleusercontent.com/a-/ALV-UjUbgSM3vr8lbXLiAEHoUZWTwSB3I9BYiCeospf6rgXu9o1Q4PIn,great place to work out simple hassle free gym.,5,0,9.11.9,2026-02-16 19:57:08,"Thank you for the great feedback, Kenneth! We’re so glad to hear you’re enjoying the simple, hassle-free experience at Planet Fitness. We appreciate you being part of our community and look forward to seeing you at the gym again soon!",2026-02-17 06:33:24,9.11.9,com.planetfitness,Planet Fitness
5a9131a8-b6bd-4b07-abe2-fdb0cf43e364,Sambo Sak,https://play-lh.googleusercontent.com/a-/ALV-UjXWm-3SuTvMHLaToqpz4YXifoU2nrqCBAQwg8oHVmOdijK01nsy,love the the guided workout,5,0,9.11.12,2026-02-16 00:42:13,Thanks so much for sharing! We’re thrilled to hear you’re enjoying the guided workouts!,2026-02-16 05:44:40,9.11.12,com.planetfitness,Planet Fitness
60a94638-acdf-4ec5-852b-cda57354b0e1,frank calvi,https://play-lh.googleusercontent.com/a/ACg8ocJzlxb2M7DfrNmlewz0oZFxI96cdL2IPmqFbpWZfUhd8rzgXfU=mo,"equipment and locale are great, clean. staff are wonderful, helpful. This is for the PF located at Chickasaw Rd in Orlando",5,0,9.11.12,2026-02-15 22:00:05,"Thank you for taking the time to share your experience, Frank! We’re thrilled to hear that you’re enjoying our clean facilities and that our team could provide helpful support. Your kind words mean a lot, and we look forward to continuing to make your workouts a positive experience!",2026-02-16 05:45:46,9.11.12,com.planetfitness,Planet Fitness
9b55e681-5ca0-4558-8820-0919de5dd16f,Manni Mitchell,https://play-lh.googleusercontent.com/a/ACg8ocLt_QtPl8B5JlOqXu2ASZB3WiNx6vdu-IrD7O1NjH1E1U8_VYE=mo,Service is buns and they will take your money,1,0,9.10.1,2026-02-15 02:28:38,"Hey, Manni. Providing a welcoming and comfortable fitness experience is very important to us. Please feel free to reach out and send us an email at social@planetfitness.com with the details of your review and/or a link to your review. Thanks!",2026-02-16 05:52:08,9.10.1,com.planetfitness,Planet Fitness
8fc1cd2c-9577-4007-a8e9-2ae903f610c6,C. Geyer,https://play-lh.googleusercontent.com/a/ACg8ocJ8l1qu_dY_uD-zKZoBWzKDc_rhWupMJMYVEciQqEyGFEViY8Zp=mo,VERY EASY TO USE! I had to get used to just scanning the QR codes instead of asking someone everytime I needed help. That's so much on here to help change myself around for the good!,5,0,9.11.9,2026-02-15 00:05:44,"Thank you for your feedback! We’re thrilled to hear that our app is making it easier for you to access what you need and take control of your fitness journey. Keep up the great work, and we’re excited to support you every step of the way!",2026-02-15 06:44:07,9.11.9,com.planetfitness,Planet Fitness
a671070f-fe34-4c37-9544-494b682db078,Me Mine,https://play-lh.googleusercontent.com/a/ACg8ocK7RVzKY8dvsIPLFEXmUt_Cg4McqFQo8p9WpY0q1bL7yID0HXI=mo,Don't know why I have to have the Playstore enabled to use this application.,1,0,9.11.8,2026-02-14 19:49:06,,,9.11.8,com.planetfitness,Planet Fitness
a44707b7-d17e-4da7-b3f0-24c430c6407a,Jay Jones,https://play-lh.googleusercontent.com/a-/ALV-UjV6Mm_nNecuqmDHc2iRsoFak7l5Ou_3V4tf64dOI2u4o-fvdm-V,fishy won't accept early payment technical issues with app has you paying yet losing your membership if you like me and return to home gym elkton MD if you get a new employee consider your membership either over or over pay due to planet fitness errors we haven't gotten a reply back other location ensure home gym would reimburse yet our pass been nullied p.s this is with plus membership side note don't travel when enrolling you'll home gym will end up being what's near by instead of selecting,1,0,9.11.9,2026-02-14 12:49:28,"Hi Jay, thank you for bringing this to our attention. We would like to discuss this in more detail with you. Please email us at social@planetfitness.com at your earliest convenience.",2026-02-15 07:57:22,9.11.9,com.planetfitness,Planet Fitness
6e442e95-9214-4ce7-a10b-286191c74039,Bakary Doukoure,https://play-lh.googleusercontent.com/a/ACg8ocKATgjeNOmzCmIWchG5YpKM4N7yFHnhzlFNp4HxXqH-XBDwgg=mo,its agreat place to sweat,5,0,9.11.9,2026-02-14 12:30:42,Thank you for your kind words! We’re thrilled to hear you’re enjoying your workouts at Planet Fitness and making the most of your time to sweat and stay fit. Keep up the great work!,2026-02-15 06:44:54,9.11.9,com.planetfitness,Planet Fitness
6a4d07ca-06d7-41ef-a5bb-15fb5316d57b,D.C. Parr,https://play-lh.googleusercontent.com/a/ACg8ocImLo-VKzmeuppiZW-nQr4Vqp8N8kHfnjwok_PAn_ZGBaNImg=mo,"The Planet Fitness (PFMobile App) has a smooth layout with easy to navigate menus & options. The seamless & hassle free use gives any novice tech literate gym members a great spring board to an immersive app. From perks, workouts, tools, & vital members info to maximize on your PF gym/home/fitlife experience they've done this app justice. To the webmobile team keep your members feedback in mind & appreciate the room for future improvements to the already stellar platform. TO YOUR PF FITLIFE!🙌",5,0,9.11.8,2026-02-14 01:37:39,"Hi, there. We’re so glad the PF App has been easy to use and helpful for your workouts, perks, and more. Our team is always listening to feedback as we keep making it even better.",2026-02-14 07:55:06,9.11.8,com.planetfitness,Planet Fitness
4f26e43d-43e7-44d8-bdb6-f6fa7b226bfe,Lafaithiar Sellers,https://play-lh.googleusercontent.com/a/ACg8ocIJ7kw8UAIODgeWum7HKz-SMBg9t5KU2eahPseEbolTB6JAN8E=mo,"If you go once, it becomes an addiction",5,0,9.11.9,2026-02-13 17:47:27,Thanks for the 5 stars!,2026-02-14 00:05:44,9.11.9,com.planetfitness,Planet Fitness
342720f0-e6d3-4eef-b2e6-27c1740ba754,Ace Daisho,https://play-lh.googleusercontent.com/a-/ALV-UjVSZGF--J7Gu58AHldnbqwaf_GoVrW6pQyGVq2Kt5NejMoupNDP,be careful on how you go about canceling,1,0,,2026-02-13 11:47:36,,,,com.planetfitness,Planet Fitness
a569a23d-501b-4699-9609-d559f46a2769,Emily golding,https://play-lh.googleusercontent.com/a-/ALV-UjUtSDZ8eRzkcc41lt8pMEpX3IyKIap4nJ4py01d7NPRlbb8hM5hfQ,love it,5,0,9.11.9,2026-02-13 10:34:20,"We are happy to hear that you are loving the PF App. Thanks for the review!
",2026-02-14 00:05:33,9.11.9,com.planetfitness,Planet Fitness
c350a209-b0d1-44c4-90d6-582cb46e04fb,Dustin Biggerstaff,https://play-lh.googleusercontent.com/a/ACg8ocJItdZ6o-erPYggvIpcESLvfxjyUabxzXTKm1KWFv6oISwgTA=mo,works great! Easy to use!,5,0,9.11.9,2026-02-13 09:04:57,"We are happy to hear that you are loving the PF App. Thanks for the review!
",2026-02-14 00:05:01,9.11.9,com.planetfitness,Planet Fitness
407c0044-63b1-47bc-a09b-83255d410fc7,John Ferguson,https://play-lh.googleusercontent.com/a/ACg8ocITbFThmXWL5mTtBZwM0_SK4cv6ZNhjULMocfPqJYu643HEFQ=mo,Poor customer service at desk. No help getting started on app. Will not recommend this location in future.,1,0,9.11.12,2026-02-12 22:46:21,"Thank you for reaching out. If you have questions or concerns related to a recent visit or experience, contact the club here https://www.planetfitness.com/gyms. If you have any technical questions related to the app, we would be happy to help!",2026-02-13 00:04:38,9.11.12,com.planetfitness,Planet Fitness
a14033ed-d6b1-4e72-b380-cf81c4d19ad9,Kenn Dew Parker Jr.,https://play-lh.googleusercontent.com/a/ACg8ocJoO21njHfDC0B8_nOEfvhSpwMIe6vYwSML1Nsjo7v08secIvU=mo,recovering well.,5,0,9.11.9,2026-02-12 20:50:29,Thanks for the review!,2026-02-13 00:04:10,9.11.9,com.planetfitness,Planet Fitness
a4f9fe4a-eef4-4979-a4ba-d9a622d59604,Pam Jackson,https://play-lh.googleusercontent.com/a/ACg8ocL95aETiq4CLUzXuX81xrivegIts5WmGJbVQ_8u24GXdSlrzSA=mo,I love it especially the late nights workouts,5,0,9.11.6,2026-02-12 09:07:17,We're happy to see you're loving our Planet. Thanks for the review!,2026-02-13 00:03:49,9.11.6,com.planetfitness,Planet Fitness
3394294f-af4d-4af5-8e9a-8620ecc9cff7,Pete Goto,https://play-lh.googleusercontent.com/a-/ALV-UjWHvM1ezQCg_1f39cHDw-DpUmhiAVvJbiAGXAm2QWy53RGAcE8ARA,Great app. fantastic gym.,5,0,9.11.9,2026-02-12 02:58:01,"We are happy to hear that you are loving the PF App. Thanks for the review!
",2026-02-12 03:40:48,9.11.9,com.planetfitness,Planet Fitness
c5aef709-e62d-41fe-86b9-e2807c6a37ab,Ned M,https://play-lh.googleusercontent.com/a/ACg8ocJlARjsQPvrDdZtZ9SAINYFs8rOlFpIy2y5yJVb3TRBrNTymA=mo,Easy to use and discovered new stuff today,5,0,9.11.9,2026-02-12 02:52:42,"We are happy to hear that you are loving the PF App. Thanks for the review!
",2026-02-12 03:40:53,9.11.9,com.planetfitness,Planet Fitness
40a0365a-9c3a-40d3-89cc-94898ec70645,Fernando Ramos,https://play-lh.googleusercontent.com/a/ACg8ocJa1txIx72CguiHt4smOt0fc7L1FC0HAuPthcvnA-xTm9leEw=mo,excellent,5,0,9.11.9,2026-02-11 05:15:49,Thanks for the 5 stars!,2026-02-11 08:21:54,9.11.9,com.planetfitness,Planet Fitness
f4afa1f8-61f8-40fe-8c41-523326782eeb,Kebun MM,https://play-lh.googleusercontent.com/a-/ALV-UjUpDCaI0G-RkIH2xU3GJy_M9jWlrtKxD3fgOKwFuhColnC5olb-mw,horrible business practices. There is not one single person that can help with billing issues. they 3rd party billing to some company that refers you back to pf and it doesn't have a home office so your stuck dealing with a normal gym that can't help you either.,1,0,9.9.18,2026-02-11 02:15:29,"Hi, Kebun - Please email us at social@planetfitness.com with a copy of this review, so we can take a closer look into this. Thank you!",2026-02-12 00:32:24,9.9.18,com.planetfitness,Planet Fitness
a6b65beb-083f-4c63-9074-c19584b6c367,Kathleen Doyle,https://play-lh.googleusercontent.com/a/ACg8ocJ_RLaLvzgY3aFdskJmaP8J4xExtOSX31ixXlR5KVDasQvgFw=mo,it would be great if we could add notes to our workouts in the app.,4,0,9.11.9,2026-02-10 20:51:05,"Thanks for sharing your feedback with us! We're constantly working on ways to improve the PF App experience, so we'll be sure to pass this along for you.
",2026-02-11 00:12:12,9.11.9,com.planetfitness,Planet Fitness
ccef9546-571a-4996-82a2-0454d4ea3aaa,Bam FamDada,https://play-lh.googleusercontent.com/a-/ALV-UjVSxRveEx2Jl7XUGNU46b_59imc551odnhnoxE4N_iKYHru4npP,great,5,0,9.11.9,2026-02-10 19:48:01,Thanks for the 5 stars!,2026-02-11 00:08:47,9.11.9,com.planetfitness,Planet Fitness
e68238c6-f59a-422d-a56d-e4e23d7b37b9,U A,https://play-lh.googleusercontent.com/a/ACg8ocK9UTvsm4O5XxFdyFgmevU66V_3j4fAzyjmaZ4BtHV-6s4Fhw=mo,"It's convenient for the most part. Signs me out on one phone if I haven't signed out on another, and it gave me a harder time than usual today logging back in but it eventually worked so that I could check in. But helpful to have and use overall.",4,0,9.11.9,2026-02-10 09:59:20,"Thanks for sharing your feedback with us! We're constantly working on ways to improve the PF App experience, so we'll be sure to pass this along for you.
",2026-02-11 00:12:08,9.11.9,com.planetfitness,Planet Fitness
7a9a63b8-0947-4b14-beb6-3e7b2835fad9,Rita Ferdi,https://play-lh.googleusercontent.com/a-/ALV-UjX2y3fvbmIDWO-jZyDKqQ7ZNpMU3pHaOinXIbVB9oMcymS-JQRMmA,Its to have workers come over and dust while your trying to work out . Or personal trainerbeing rude The staff was rude they come over when your trying work and start cleaning. They had all morning to dust and I told the manger and she canceled my membership! I stop going on the weekends for that reason. The corporate office did not give me a refund on my joining fee or offer a another location transfer. planet is not showing compassion or caring about a member.,1,0,9.11.6,2026-02-10 09:50:08,"Thanks for sharing your feedback with us! We're constantly working on ways to improve the PF App experience, so we'll be sure to pass this along for you.
",2025-12-18 07:25:19,9.11.6,com.planetfitness,Planet Fitness
3f6793ae-b00e-48f4-8f84-afe0e2409942,Lucas Russell,https://play-lh.googleusercontent.com/a/ACg8ocLiXGZjtt-FZCbCa0ohPRX4jlLgJUbHIZ2r5yKIs8RzQTByVA=mo,The app works well for what it does. but it should definitely have an option to favorite the workouts that you want to follow or reuse so you don't have to search and find them every single time.,2,0,9.11.9,2026-02-10 05:04:08,"Hi, Lucas. We’re glad to hear the app is working well for you, and we really appreciate you taking the time to share how it could be even better. Feedback like this helps us understand what features matter most to our members, and we’re always looking for ways to improve the experience.",2026-02-11 07:51:05,9.11.9,com.planetfitness,Planet Fitness
c4897efb-f108-4fe4-a0fa-4ceca340e66e,Albirda Whittier,https://play-lh.googleusercontent.com/a/ACg8ocKqzykEGnYurIR93Xx4DYwkV-ie6i9qjULcNLbpYMFg7A2Ytw=mo,I love all the options that planted fitness offers to help everyone,5,0,9.11.9,2026-02-10 04:45:52,"Thanks so much for the kind words, Albirda! We’re really glad you’re enjoying the variety of options we offer. Our goal is to make fitness feel accessible and welcoming for everyone. Hope to see you back in the club soon!",2026-02-10 06:45:51,9.11.9,com.planetfitness,Planet Fitness
0f276441-073a-4914-b366-3067904649c1,Julia Hawkins,https://play-lh.googleusercontent.com/a/ACg8ocJUdNWrBPWe-j469K-zQrZuUXyTIcQe1nQ_TryDzdSe7TrAEw=mo,"love planet fitness.... tanning, massages, showers, tv and all the exercise you want",5,0,9.11.9,2026-02-10 02:42:09,"Thanks so much for the love, Julia! We’re glad you’re enjoying everything Planet Fitness has to offer. From the workouts to the extras that help you relax and recharge. We appreciate you being part of the PF family!",2026-02-10 06:43:43,9.11.9,com.planetfitness,Planet Fitness
f7aa3b15-f643-4247-96d2-454a2ec34076,Stephen Lewis,https://play-lh.googleusercontent.com/a-/ALV-UjWnPcv4l7bRk2LfVwqDTZwYCvtMNV70gl2eKV4a1NA_9IyERjwj,SUCKED,1,0,,2026-02-09 23:04:49,"Thanks for the feedback, Stephen. We regret to hear your experience didn’t meet expectations. That’s never what we want for our members. If you’re open to it, we’d appreciate the chance to learn more and see how we can make it right.",2026-02-10 06:55:57,,com.planetfitness,Planet Fitness
18cf8dea-dadd-413b-8e2d-d34a6dc85374,James Grill,https://play-lh.googleusercontent.com/a-/ALV-UjWO99B6vSsvbiBnE7fLIymolRv7O_EIPyff3t-2jHPufzYjnOjKcQ,clean peaceful place.,5,0,9.11.9,2026-02-09 17:01:16,"Thanks for the kind words! We’re glad you’re enjoying the clean, peaceful vibe. That’s exactly the experience we aim to create.",2026-02-10 06:40:37,9.11.9,com.planetfitness,Planet Fitness
7efd0c11-c681-4ff3-82ca-0c3658684fa2,Eric Wilson,https://play-lh.googleusercontent.com/a-/ALV-UjVIphEyKHva-YtinQJXpJOX_mUxlb3dwAumDggejcN6Two2aXBj,free weights finally!!!!!,5,0,9.11.9,2026-02-08 23:31:42,"Thank you for your feedback, Eric! We’re excited to hear you’re enjoying the addition of free weights. We’re always looking for ways to enhance our members’ experience, and we appreciate you being part of the Planet Fitness community.",2026-02-09 04:54:24,9.11.9,com.planetfitness,Planet Fitness
423007cc-86ef-4ee8-88de-7cbd1160ca2f,Anita Gee,https://play-lh.googleusercontent.com/a/ACg8ocIN9-tdHdjSu3yhSbItMNe9md78iKMc7jPQfeCL2hsd_sfrYw=mo,easy to navigate. No passwords needed eliminating remembering another password,5,0,9.11.9,2026-02-08 23:16:15,"Thank you for your feedback, Anita! We’re glad to hear you found the experience easy to navigate.",2026-02-09 04:53:49,9.11.9,com.planetfitness,Planet Fitness
b941347e-9a94-452f-8058-353fa07c20d0,Karen Cox,https://play-lh.googleusercontent.com/a-/ALV-UjU6dVyFeIiLF2vR6eKdN-twYG_ZhntW1W-DuyXl4QGIPHYL8wb6hA,The App contains effective exercises,5,0,9.11.9,2026-02-08 02:35:58,Thanks for the 5 stars!,2026-02-08 08:26:28,9.11.9,com.planetfitness,Planet Fitness
06a1b48e-e470-4919-b8fb-8816085e1efc,William Cooper,https://play-lh.googleusercontent.com/a-/ALV-UjWR5SYfDk0Bps3Fl2GCHJQpr_V3syJvDxLopr25CJBizuz5FGleiA,Excellent app for a starter gym.,5,0,9.11.9,2026-02-08 01:19:42,"Thank you for your kind words, William! We’re glad to hear our app is helping you get started on your fitness journey. Keep up the great work, and we’re here to support you every step of the way!",2026-02-08 05:31:01,9.11.9,com.planetfitness,Planet Fitness
21304768-210e-4e2b-9821-460c6208d95b,Maynor Valdez,https://play-lh.googleusercontent.com/a-/ALV-UjUFxXXtSS0xSNt9rKFxMSahW9H4oWG0qCpuE4GFyRxb2mYvsvAG_Q,perfect,5,0,9.10.2,2026-02-07 15:03:05,Thanks for the perfect rating! We’re glad you had a great experience and appreciate you being part of the Planet Fitness community.,2026-02-08 04:37:31,9.10.2,com.planetfitness,Planet Fitness
628f0399-afaf-44c4-89f9-ab4273cd9fcd,Jason Lima,https://play-lh.googleusercontent.com/a-/ALV-UjVWgDzCR-Bd-hPE-sUCMyg1gifyb-tPgyfiIWqxgGxM_l4f8LEB,Super user-friendly.,5,0,9.11.9,2026-02-07 14:39:51,"We're so glad to hear this! We work hard to keep the app simple and easy to use, so it means a lot that you noticed. Thanks for taking the time to share!",2026-02-08 04:35:38,9.11.9,com.planetfitness,Planet Fitness
18b5202d-1c23-4cb7-8a4b-4399dcf0118f,sean yeager,https://play-lh.googleusercontent.com/a/ACg8ocKM-Rv6ON7W4SAeqT4RyWEdW4pIOlaqm4xlI7Oc4N_DvwHOMZk=mo,it's good,4,0,9.11.9,2026-02-07 09:16:17,Thanks for the feedback! We’re glad you’re enjoying your experience and appreciate you taking a moment to share it with us.,2026-02-08 04:34:42,9.11.9,com.planetfitness,Planet Fitness
fe55914f-6e2e-45ab-97ff-fba099643d51,Cathy Des,https://play-lh.googleusercontent.com/a/ACg8ocINYLTyIK6_3GbMYQgFaU5HI0rE1q1hLJ4bzGKDRYwVdBrPXw=mo,like this app to strengthen my glutes. Can't get back to gym right now. An I love going to gym. I am having glute issues an this will help strengthen them with moderation. I am very tempted to get back to gym. Maybe this will help me!!! THANKYOU FOR having this application.,5,0,9.9.4,2026-02-07 06:33:02,Thank you for the 5 stars!,2026-02-07 08:19:09,9.9.4,com.planetfitness,Planet Fitness
0feec36b-e8a0-4ba9-a6ee-01d1a88894aa,Kimberly Tafoya,https://play-lh.googleusercontent.com/a/ACg8ocJCRvRQEq92HppGo9BENFNhpVNtxZcC4mzD8dfikfP3zvDxvQ=mo,I love this place!!!,4,0,9.11.9,2026-02-06 16:52:26,We're happy to see you're loving our Planet!,2026-02-07 00:16:35,9.11.9,com.planetfitness,Planet Fitness
63d234df-9cbe-4373-8d81-bbb5a9a2e8de,Mike wagner,https://play-lh.googleusercontent.com/a/ACg8ocJ77cBMZx_2K2Q6Xp8onJS6-7cRzCzaMleSZDQIm4FongQuaA=mo,no problem,5,0,9.11.6,2026-02-06 16:22:00,Thanks for the 5 stars!,2026-02-07 00:16:16,9.11.6,com.planetfitness,Planet Fitness
d4442fd4-6c3b-4196-9cc9-d4affe4a4dac,anthony arzu,https://play-lh.googleusercontent.com/a-/ALV-UjWclYTYe8_VCHZeLPy0IT32AKHDsNwVXrL7VRDDKHdgq1sCpiR_Bg,Thanks for the great equipment and customer service,5,0,9.11.9,2026-02-06 07:08:51,Thanks for the 5 stars!,2026-02-07 00:16:20,9.11.9,com.planetfitness,Planet Fitness
b40e57d0-1296-40c2-8e69-f18d978c36a8,Shelly Stephen,https://play-lh.googleusercontent.com/a/ACg8ocI9cPXlS-UZHXH_Wp5YAHn3HMDmX7zPr_3JFCctXw-r9HnvDg=mo,love these workouts when I can't make it to the gym!,5,0,9.11.9,2026-02-06 02:45:59,"We are happy to hear that you are loving the PF App. Thanks for the review!
v",2026-02-06 08:31:51,9.11.9,com.planetfitness,Planet Fitness
50be0291-51c9-4492-b741-1f2a78b1f015,Ty west,https://play-lh.googleusercontent.com/a/ACg8ocIeYmvOQ-hyJ1EFT4ec6s6n6WqxnbW1ZMA0NL1JkKMhFMj0BQ=mo,"very nice and inviting atmosphere, staff is friendly and helpful if I had to say anything negative is that people on ""guests"" pass don't get to use message chairs and things but, guess it will motivate them to get a pass themselves!",3,0,9.11.9,2026-02-05 16:31:42,Thanks for the feedback!,2026-02-06 01:35:59,9.11.9,com.planetfitness,Planet Fitness
81f86f7a-f0ab-4c7f-bd75-b424ee16ea6a,H D,https://play-lh.googleusercontent.com/a-/ALV-UjUfra0vtjXWzBn84jmbwFRjO1_GrtOe4Nrxw5VFxt2rTW6l9iun,"I'm very pleased with Planet Fitness. Gym is always clean or being cleaned. Equipment is state of the art and very easy to use. Staff are professional, courteous and always available to assist you if needed.",5,0,9.11.9,2026-02-05 14:42:27,Thanks for the 5 stars!,2026-02-06 01:35:46,9.11.9,com.planetfitness,Planet Fitness
2c654675-4d04-4226-9700-7bd81ee3138a,Merry Phillips,https://play-lh.googleusercontent.com/a-/ALV-UjUlX-YurhAGoZYwPqR01bj_9LNMZXQN8GwipZGFGDwMsdIrlLyW,they get 0 if I couldi quit my membership and there still trying hard to hit my card for any amount be careful with this one don't give credit card information cuz they'll keep hitting your card over and over again they are scum,1,0,9.11.1,2026-02-05 12:24:25,,,9.11.1,com.planetfitness,Planet Fitness
7a5b125d-8803-46e7-bb62-e1843414f7ba,Roxanne Schroeder,https://play-lh.googleusercontent.com/a/ACg8ocJIrvF_gPbUfDDBDPRf_6SyQgVH_ySNsWweE7VIas8S47d92A=mo,"For whatever reason, the past few times I've tried to use my app, to check in, or view my perks, it won't load. The planet fitness logo pops up on the purple background but then there's just a circle spinning like it's trying to load, but it doesn't. it's getting very frustrating, especially since I also like to log my workout into the app.",1,14,9.11.9,2026-02-05 09:23:40,"We're sad to hear that you're having trouble with the PF App. Contact our support team for assistance here: https://planetfitness.app.link/support
",2026-02-06 01:36:24,9.11.9,com.planetfitness,Planet Fitness
eae1a7f9-9f16-4a55-a1d6-85bbaffa7874,Henry & Friends,https://play-lh.googleusercontent.com/a-/ALV-UjVjyUcIabbAbMMIoZOpo9kiIHq-i6rscWlsJb_qkhYJgX32nmk,"Amherst NY Clueless staff, Wrong info peddlers. Got the black card with promise of 1 free month and $50 Amazon gift card. Never happened. Complained more than 10x. It went with the wind. Cancelled my membership and still got billed. Called and was told I will get a refund. Waited for a month and did not see it. Called again and was told I should have come to use the club for the rest of the billing cycle. It is as though they train scammers in the club. Worst transaction in over a decade.",1,0,9.11.9,2026-02-05 02:40:28,,,9.11.9,com.planetfitness,Planet Fitness
0b3aee62-68f9-4b9d-966d-d979c816a054,Chris Quillen,https://play-lh.googleusercontent.com/a-/ALV-UjVaRxw9Xpy6jotGW7qAKD3EPKBLsAK-eNBCKToVhMCID9f3jKA,"Great place, showers. clean, nice equipment. massage chairs have been closed off for 2 weeks idk.why. IF. YOU GET THE CLASSIC PASS YOU CAN ONLY PICK ONE LOCATION.",5,0,9.11.9,2026-02-05 00:59:17,Thanks for the feedback!,2026-02-05 00:01:25,9.11.9,com.planetfitness,Planet Fitness
541903f2-436c-49dd-8a1f-239a62ae3c27,j moran,https://play-lh.googleusercontent.com/a-/ALV-UjUbmx5h1veH4puADdFbJbJLd0ZltK-2oRlJwAv0agEIrH8452RZ,been training at plant fitness for some time now the staff are great and great environment. the Las Collins location has been awesome staff. plant fitness gets a bad wrap which is sad but over all it has been good for me once I resigned from body building can get in and train with no issues.,5,0,9.11.9,2026-02-04 20:51:46,"Thank you so much for being a member of our Planet and supporting the PF App!
",2026-02-05 00:01:09,9.11.9,com.planetfitness,Planet Fitness
4a799da1-c7a3-46b6-a52c-825b0f6978b7,Patricia J “Jeannette” Brumfield,https://play-lh.googleusercontent.com/a-/ALV-UjU2RsPLegmTFdbV1-XidGnz-wikuNwOx93fGCJf7GAkDYJ0TgLI,Excellent place to exercise. Great place to unwind and All staff very professional!,5,0,9.11.9,2026-02-04 19:05:34,Thanks for the 5 stars!,2026-02-05 00:00:56,9.11.9,com.planetfitness,Planet Fitness
1ea54371-6206-4f80-8f41-d226d74cbd20,Brenda Baker,https://play-lh.googleusercontent.com/a/ACg8ocKTsYvdIaATa55KvLIQn9FSaYDLmQefTgoewhLujBLmmznwnQ=mo,makes it easy,5,0,9.11.9,2026-02-04 16:56:12,Thanks for the 5 stars!,2026-02-05 00:00:50,9.11.9,com.planetfitness,Planet Fitness
9b29b904-95a3-44c8-a6c7-232cda1bdba5,Kierra MP,https://play-lh.googleusercontent.com/a/ACg8ocJBhkcs0fN6nHee5p_za3IbTukSCQQw24O4GK5T25RPz_aXlCg=mo,great! no lags! super easy to use,5,0,9.11.9,2026-02-04 11:50:19,We are happy to hear that you are loving the PF App. Thanks for the review!,2026-02-05 00:01:35,9.11.9,com.planetfitness,Planet Fitness
04ec0f70-ff14-4f73-8f6f-0f1e200a851f,Annette Carroll,https://play-lh.googleusercontent.com/a-/ALV-UjWjmRv6iuIHYl4DWQEz2-FWiLWy1BzjJIeVRKlR_-J2EhcENGpYYg,love the way I feel after working out. PF is really enjoyable. I never feel uncomfortable or like I'm in the wrong place.,5,0,9.11.9,2026-02-04 07:32:24,We are happy to hear that you are loving the PF App. Thanks for the review!,2026-02-05 00:01:41,9.11.9,com.planetfitness,Planet Fitness
a58c562c-a6f9-467c-9c2a-996138d66a9e,Beginner Easy,https://play-lh.googleusercontent.com/a-/ALV-UjWm79eW3IDZfZtbJQQlr2rID3plwzgdDe0eMQ7cCVO95pj0il1f,I wish my app told me my gym was closed before I went there!! The app should notify you of planned outages. Edit: yeah but that's not the app though. Why would I go to the website when I have the app???,1,0,9.11.9,2026-02-04 07:03:00,"Hi, there. Please know we announce any sudden changes or closures via your home club page: https://www.planetfitness.com/gyms. We recommend speaking to your home club management if you have any concerns or suggestions. Thanks!",2026-02-04 07:01:20,9.11.9,com.planetfitness,Planet Fitness
d1423488-f894-4d9f-943b-94fc8c836270,Amanda Eddleman,https://play-lh.googleusercontent.com/a/ACg8ocJhZvXL1y4YiAqphAJkAPvdZJggjOldStpt1OBMQawZdK6Ngg=mo,the crowd meter is a joke. it always shows as less than halfway full when there is not a single machine open and only 2 or 3 treadmill/ellipticals open. AND there's typically 2-3 ppl trading off on machines. I have to wait at least 10 minutes PER machine. yet crowd meter is at 25% 🙄,1,0,9.11.5,2026-02-04 06:57:11,"Thanks for sharing your feedback with us! We're constantly working on ways to improve the PF App experience, so we'll be sure to pass this along for you.
",2026-02-04 08:24:44,9.11.5,com.planetfitness,Planet Fitness
285f6c68-12ac-469e-a24f-51c533b4b424,Erica Costantino,https://play-lh.googleusercontent.com/a-/ALV-UjV3bvbTj97l3mr1O2gIYvUsnwPPj4AnjoUn05FdL8QO2XSGJERGzQ,I wish there was more. 30 minute workout area cardio board for the phone and a follow along. the difference machines at your club request for spa machines tracking for weight machines with weight and rep count,3,0,9.11.9,2026-02-04 05:48:24,"Thanks for sharing your feedback with us! We're constantly working on ways to improve the PF App experience, so we'll be sure to pass this along for you.
",2026-02-04 06:55:00,9.11.9,com.planetfitness,Planet Fitness
bc429137-9406-48fe-912c-9e2526f02704,MetallicA7X,https://play-lh.googleusercontent.com/a-/ALV-UjUxEh-UCQUUaPZ0m6JvP0BJxX-Ma_HPOAqn1k890tq_G8p0mgOT,"Outside of check-in history, it's useless. The ""crowd meter"" is trash. There are 10 bars but if it's at 3, don't bother going. At 3 bars, there's no benches, no equipment, nothing available to use.",1,26,9.11.9,2026-02-04 04:33:22,"Hi, there. Thank you for bringing this to our attention. If you notice any discrepancies with the crowd meter on the app, please don't hesitate to reach out to your home club manager.",2026-02-04 07:58:15,9.11.9,com.planetfitness,Planet Fitness
3eb888ba-93a0-46cf-949e-fa7e3ad7199f,Silent Rob Entner,https://play-lh.googleusercontent.com/a/ACg8ocIA1NX0jYMmxDXPNP_u9THfX6gC9O0g5d0u_y71THrjSCpc4w=mo,best gym there is and great app for it,5,0,9.11.9,2026-02-04 00:04:14,Thanks for the 5 stars!,2026-02-04 00:42:56,9.11.9,com.planetfitness,Planet Fitness
68f2ed4a-0556-4e79-941c-fd055322347b,Running Hoove,https://play-lh.googleusercontent.com/a-/ALV-UjUQyNYVofzW_7jHCU_Nxudw445pXjTwO2oRzqglFnuTBgkoBp-f,GARBAGE APP FOR A GARBAGE GYM. YOU GET WHAT YOU PAY FOR.,1,0,9.11.9,2026-02-03 06:43:55,"Hi, thank you for sharing your feedback. We regret to hear your experience hasn’t met your expectations. We’re always looking to improve both our app and gym experience, so if you’d like, we’d be happy to hear more details about what didn’t work for you. Please feel free to reach out to our team directly.",2026-02-04 06:55:53,9.11.9,com.planetfitness,Planet Fitness
eca7d562-9628-4b1d-a455-e1ff6a38e993,sherman damper,https://play-lh.googleusercontent.com/a-/ALV-UjUX7-uSqMkvW-KgIQ4HqjmfpHrX_N8S-UFz_7R73Qrp7lU0n2WE,great gym,5,0,9.11.9,2026-02-03 02:45:25,Thanks for the kind words! We’re glad you’re enjoying your time at Planet Fitness and appreciate you being part of our community.,2026-02-03 06:57:35,9.11.9,com.planetfitness,Planet Fitness
df0c8ab7-8bc0-4bd0-b66e-4f3d5ce9434d,Bird S,https://play-lh.googleusercontent.com/a-/ALV-UjWsMwMy3UtZZcpenm0VT9KSggbHHfF2yERqlXa9F5cdk81vYUKf,Don't say that you have Wi-Fi for your customers and then require someone to download an app before they can actually use the internet,1,0,9.11.5,2026-02-03 00:30:25,"Hi there, thank you for your feedback. We appreciate you bringing this to our attention. We’d love to hear more about your experience and any suggestions you might have, so please feel free to speak with a manager next time you’re in. Your input helps us make Planet Fitness better for everyone!",2026-02-03 07:35:49,9.11.5,com.planetfitness,Planet Fitness
f5c5abcb-edfd-415c-ae39-b05d6f0ea497,Crista Colindres,https://play-lh.googleusercontent.com/a/ACg8ocKH_v5xHKFjHN-gaPJ4UnHD0p7fWCH2X2z3X2Mci0ykDQifvQ=mo,would be great if we could just pay it ahead of time and not do auto pay. the billing is constantly trying to Charge on the weekends you have it set on. I'm starting to think this is just a way to scam you're customers. why can't we pay it right away so we don't get overcharged? it's ridiculous.,2,0,9.11.9,2026-02-02 13:08:08,"Hi, Crista! If you have any questions or concerns about your billing, be sure to reach out to the club manager. Thank you!",2026-02-03 07:32:21,9.11.9,com.planetfitness,Planet Fitness
9f94c804-38c1-4a82-9985-3c915fec6089,Raymond Smith,https://play-lh.googleusercontent.com/a-/ALV-UjWOg1ZaSHD983hHx81R48Z8hJgmk1gAgjnSabIeBb2Vw5UTsv9AjQ,Workout videos are great ( especially when snowed in)!,5,0,9.11.9,2026-02-01 22:02:22,"Thanks for the love! We’re glad our workout videos are keeping you moving, even when the snow keeps you inside. Keep crushing it!",2026-02-02 05:10:44,9.11.9,com.planetfitness,Planet Fitness
c02db5e1-5bbe-4aeb-b251-09e3855fb17e,Mama Patch,https://play-lh.googleusercontent.com/a/ACg8ocLxCA8OGApTGron83kN3zYodZTNPjSsedFNyEez6tsLNzaxYA=mo,functional,4,0,9.11.9,2026-02-01 18:05:21,"Thank you for your feedback! We’re glad to hear you found our facility functional and hope your workouts are going strong. If there’s ever anything we can do to make your experience even better, don’t hesitate to let us know!",2026-02-02 05:09:38,9.11.9,com.planetfitness,Planet Fitness
21ec9187-2277-4ef7-a3ed-6b21252ba4f7,Keith Johnson,https://play-lh.googleusercontent.com/a/ACg8ocJ91g32ZGhDP1FT9P-ROZCs-LniMw6ePtNVMa53nmfA2T3-Og=mo,"Why is the app not compatible with my device?????!!!! That's insane! so people have to get new phones to use an app. When I try to download it, it says it's not compatible for my device .... I have a Samsung Note 8. it's not that old",1,0,,2026-02-01 06:39:17,"Hi, Keith. Our app is available on the Apple and Google play store: https://www.planetfitness.com/mobileapp",2026-02-01 06:20:32,,com.planetfitness,Planet Fitness
d0433400-7629-4c8f-91ad-e4f45da59abd,Anthony Widick (Tony),https://play-lh.googleusercontent.com/a-/ALV-UjXqzWUDyziv3CRtnERb-OwpSMCbnUfexf8mpdqrGcj-r2b3b09M,App could be a better experience if we didn't have to carry a bulky phone if they made a pixel (android) watch app for checkin. Or allow add to wallet for it gym card.,4,0,9.11.9,2026-02-01 05:44:34,"Thanks for sharing your feedback with us! We're constantly working on ways to improve the PF App experience, so we'll be sure to pass this along for you.
",2026-02-01 08:11:09,9.11.9,com.planetfitness,Planet Fitness
47b3e9c2-baff-4d95-bc91-488578fa1a2f,Jamie Plantz,https://play-lh.googleusercontent.com/a/ACg8ocKbfYxYsjUsHYncRqZ3f2NkFL4e6oCTbSpJWX9UA7aVFgcTCw=mo,"Clean facility, Lots of exercise options, and Black Card Perks!!!!",5,0,9.11.9,2026-01-31 21:19:26,"Thank you for your kind words! We’re thrilled to hear you’re enjoying our clean facility, variety of exercise options, and Black Card perks. We look forward to seeing you at the gym again soon!",2026-02-01 06:07:00,9.11.9,com.planetfitness,Planet Fitness
cd4ebb86-96aa-42b7-b244-e6cc154990ed,Amber Willson,https://play-lh.googleusercontent.com/a-/ALV-UjUdyrKpi7hqhcz7YnsO4Y1BmGFUm_XYYveCPw0rK7DSvp6HOc9_,I like that it walks me through the workouts. Especially since I am a beginner,5,0,9.11.9,2026-01-31 20:45:03,"Hi Amber, thank you for sharing! We’re so glad our workouts make getting started easier for you. Keep up the great work, and we’re here to support you every step of the way!",2026-02-01 06:06:01,9.11.9,com.planetfitness,Planet Fitness
f52ac602-f8e9-4f0a-9b44-5c94d51e49c0,christy m,https://play-lh.googleusercontent.com/a/ACg8ocIRRf-mn-mI8jG-9SXEs2RkaIsuj2G_IOzrw9r0i9ek_MZMCBc=mo,loving Planet Fitness,5,0,9.11.9,2026-01-31 13:49:19,Thank you so much for your kind words! We're thrilled to hear you're loving Planet Fitness and appreciate having you as part of our community.,2026-02-01 05:53:32,9.11.9,com.planetfitness,Planet Fitness
023b7bfd-dcae-42c3-88bb-c7f1c789cdf7,luis lazaro,https://play-lh.googleusercontent.com/a-/ALV-UjUW2IUQM7SlKkrtQbH_LU-aDM2IxC3oTpUwk97zx8X2pB2CRtsT,wonderful gym,5,0,9.11.9,2026-01-31 11:56:12,Thank you for the kind words! We’re glad to hear you’re enjoying the gym and appreciate you taking the time to share your experience. We look forward to continuing to provide a great environment for your workouts.,2026-02-01 05:52:41,9.11.9,com.planetfitness,Planet Fitness
b077c9dc-b1ff-405b-9251-2bdd6019c6b3,Giovanni Guzman,https://play-lh.googleusercontent.com/a/ACg8ocK5zGZDEULQ2CM9OfnY3xSxf-_3C8KeJSDLqDd6-TNwvtEDrg=mo,great gym,5,0,9.11.9,2026-01-31 10:24:54,"Thanks for the kind words, Giovanni! We’re glad you’re enjoying the gym and appreciate you taking the time to share your experience.",2026-02-01 05:52:11,9.11.9,com.planetfitness,Planet Fitness
6c199c5d-3f26-499c-8953-01ae6e00368c,Jennifer Stewart,https://play-lh.googleusercontent.com/a/ACg8ocJfTpk1EWIiqxJ_9aBJUPAIozPT1LLk-CvHyT8bbVMyWK4aqA=mo,love this!,5,0,9.11.9,2026-01-30 22:36:14,"We are happy to hear that you are loving the PF App. Thanks for the review!
",2026-01-31 00:03:39,9.11.9,com.planetfitness,Planet Fitness
a3c747a5-d252-4f83-830f-88df44819a35,Ray Aero,https://play-lh.googleusercontent.com/a-/ALV-UjWRAp0HpkiWuoP_VI3DlgwriqBDvrC4DF6pOHEFqo21UodBhhzJ,lift heavy rock machine let me login good,5,0,9.11.9,2026-01-30 15:07:37,Thanks for the review!,2026-01-31 00:03:49,9.11.9,com.planetfitness,Planet Fitness
507e0e55-81aa-4ff9-9639-46e0d04f5366,Danielle,https://play-lh.googleusercontent.com/a-/ALV-UjVTNckKbk5-970KPkeU-5HncnuoidNalqZUt42V-0ktupiPctkd,It's convenient and helpful but it would be nice if we could save or favorite a workout we like and not have to remember the name of it everytime,3,0,9.11.9,2026-01-30 11:36:38,"Thanks for sharing your feedback with us! We're constantly working on ways to improve the PF App experience, so we'll be sure to pass this along for you.
",2026-01-31 00:03:59,9.11.9,com.planetfitness,Planet Fitness
1581360c-49df-4435-b066-f817b2c6248b,Serena Schmidt,https://play-lh.googleusercontent.com/a-/ALV-UjWRUvUBA5oEDgR4z9kKuZLUEIKbyQy6LcjTKymQfTPuXuuhSxh9,The app doesn't properly track the amount of people who've checked in at the gym. It'll say it's slow and when I get there there's people waiting for equipment. That's definitely not slow..,2,0,9.11.9,2026-01-30 08:08:15,"Thanks for sharing your feedback with us! We're constantly working on ways to improve the PF App experience, so we'll be sure to pass this along for you.
",2026-01-31 00:04:09,9.11.9,com.planetfitness,Planet Fitness
044ffdc8-7a7a-428b-bdb7-009930d0b5ee,Lilia Robles,https://play-lh.googleusercontent.com/a-/ALV-UjUaORfrmzEsxPWBwuK9Lxa8pP4VNAFhx_e4FsgE-Z00Z0XCqEw,I wish there was a better way to track your workouts. one way is by being able to create a plan.,4,0,9.11.9,2026-01-30 01:53:04,"Thanks for sharing your feedback with us! We're constantly working on ways to improve the PF App experience, so we'll be sure to pass this along for you.
",2026-01-30 03:43:28,9.11.9,com.planetfitness,Planet Fitness
f397538b-cd51-423c-8c77-456bb239e18b,Monica Mier,https://play-lh.googleusercontent.com/a-/ALV-UjVsV0k8ts7jFLhfsA8qZHNOMZHuCHCrPsrrwtnF3qhjaFg9I-58oA,the gym is helping me to lose weight,1,0,9.11.9,2026-01-30 01:35:21,,,9.11.9,com.planetfitness,Planet Fitness
4042a8bc-dfc6-4e57-b8a2-1da8e605246b,Angela Burnworth,https://play-lh.googleusercontent.com/a/ACg8ocL828SDOvG3Iu_4CuR6S6NvwVJJeMHRgfwEOQktvkKsRkeOQw=mo,Love this app..... Love planet fitness!,5,0,9.11.9,2026-01-30 00:04:34,"We are happy to hear that you are loving the PF App. Thanks for the review!
",2026-01-30 01:21:59,9.11.9,com.planetfitness,Planet Fitness
1252eff1-7c64-4a15-adc4-60919b8f4bd4,Lindsay Spates,https://play-lh.googleusercontent.com/a-/ALV-UjUQm5uuHs76kt-W3S_aOoJvqebEh2FATN_wfzeHjTUBuM5hSdbndA,"planet fitness keeps charging me even though I cancelled my account like a year ago. I called them, and they told me I had to go to my ""home club"" to take care of it. I don't live anywhere near a planet fitness let alone my ""home club."" I'm talking over 100 miles. Why won't anyone help me with this issue?",1,0,9.11.9,2026-01-29 13:10:53,"Hi, Lindsay - Please email us at social@planetfitness.com with a copy of this review, so we can take a closer look into this. Thank you!",2026-01-30 01:20:02,9.11.9,com.planetfitness,Planet Fitness
eb1107ca-4fd4-4aab-9ac8-03b1b812cd8d,Wilma Du Toit,https://play-lh.googleusercontent.com/a-/ALV-UjVQvIXvt6_Kn55_f3Vdgm7zm0cWaTYO7gXdY_1ramWqgYdbTqUE,I enjoy going to this location.Staff are always friendly and helpful!,5,0,9.11.9,2026-01-29 02:15:45,Thank you so much for being a member of our Planet and supporting the PF App!,2026-01-29 04:23:20,9.11.9,com.planetfitness,Planet Fitness
1e3fe01f-c3b0-4020-bff9-7a04295c9d85,Joey Acosta,https://play-lh.googleusercontent.com/a/ACg8ocLq7_QDPadVmqk5fmOejeStSBC8u0_q-rWHDJ1Bkp7gwsV6oA=mo,this a great opportunity to become a self relevant person.,5,0,9.11.9,2026-01-29 01:38:21,"Thanks for the review!
",2026-01-29 02:20:24,9.11.9,com.planetfitness,Planet Fitness
8805cb12-4180-47a3-8540-c00f9e8d2272,Anthony Services,https://play-lh.googleusercontent.com/a-/ALV-UjXrWzo42uKvw6iwNa5_P1XxrA1t6T_mcDa_SpzfaRTjYAM9jh6s,hella easy to sign up guest and all,5,0,9.11.9,2026-01-29 01:23:52,"Thanks for the review!
",2026-01-29 02:20:18,9.11.9,com.planetfitness,Planet Fitness
075857c8-4bf2-4266-97c8-f75f86f4a3e8,Lotoshia Randle,https://play-lh.googleusercontent.com/a-/ALV-UjWk-luJN3cyb0A26pmsb5BOF12UXFK41wDqfbLEMpTq1ro1Lfzx,"Best place, friendly, easy to use, Love it there. Weight will fall off. Machine big great for plus size person 👍 no one looking at you all the time, COME SEE FOR YOURSELF WILL NEVER WANT TO LEAVE WHEN YOU START",5,0,9.11.9,2026-01-29 00:49:44,"Thank you so much for being a member of our Planet and supporting the PF App!
",2026-01-29 02:05:30,9.11.9,com.planetfitness,Planet Fitness
838f88fd-c649-4666-aa1f-89e2dfb87157,DanDLion87,https://play-lh.googleusercontent.com/a-/ALV-UjUImvZoTY5j2wJxVQiH45zg8hDc9FesO2MiaUUBsVidaPmaJznmeg,great app but needs to add debit payment as option for membership,3,0,9.11.9,2026-01-28 22:35:10,"Thanks for sharing your feedback with us! We're constantly working on ways to improve the PF App experience, so we'll be sure to pass this along for you.
",2026-01-29 00:51:56,9.11.9,com.planetfitness,Planet Fitness
1b00976f-5cf7-4a59-9ed7-6fa821256103,James Worthy,https://play-lh.googleusercontent.com/a/ACg8ocImZTFdB_u5aIqnnqTg-6S9xL3CrKIjRwLs_ftunmyvkKgjGg=mo,"offers payment, perks, and more. Great 👍",5,0,9.11.9,2026-01-28 19:23:11,Thanks for the 5 stars!,2026-01-29 00:51:05,9.11.9,com.planetfitness,Planet Fitness
05db71bf-8258-4ad6-8e5c-ff958603e3ea,Fred L Kramer,https://play-lh.googleusercontent.com/a/ACg8ocJxNpR44pVaY2osylC-8UHX6_zvIMQDt4ovIRGKmX2J6kh3Cg=mo,"It's more than a gym, it's a community .",5,0,9.11.9,2026-01-28 18:26:03,Thank you so much for being a member of our Planet and supporting the PF App!,2026-01-29 00:50:52,9.11.9,com.planetfitness,Planet Fitness
4753e9dc-3219-40db-86b7-c37fa82f5a3b,Rafael Maldonado (Hack),https://play-lh.googleusercontent.com/a-/ALV-UjU2CHz6_EIMCOc1g9560Ddx7WtctnwPMgxjo_6I1M2O3VpTEQ8,good gym,5,0,9.11.9,2026-01-28 11:38:40,Thank you so much for being a member of our Planet and supporting the PF App!,2026-01-29 00:51:13,9.11.9,com.planetfitness,Planet Fitness
14511314-d505-4db5-a628-442a4cffe09e,Ernest Naylor,https://play-lh.googleusercontent.com/a-/ALV-UjUS56DUTXyQN4aexoXKeMZgTilXfpO9aNbWrykCat8WyeMuQY0s,I Like,5,0,,2026-01-28 07:32:21,Thanks for the 5 stars!,2026-01-29 00:51:24,,com.planetfitness,Planet Fitness
947d2442-428b-4644-9712-2b2ebaa3f78b,chris shockley,https://play-lh.googleusercontent.com/a/ACg8ocLqp9UYk-ClE3B6Tohti7MHID1zbQve5g9uoTtBo5hACSPHCQ=mo,"love this gym, one of the best gyms I've been too..",5,0,9.11.9,2026-01-28 07:02:17,"We are happy to hear that you are loving the PF App. Thanks for the review!
",2026-01-29 00:51:33,9.11.9,com.planetfitness,Planet Fitness
0f7f76a3-c528-4323-aa92-66290295ca2c,Lucy Adam,https://play-lh.googleusercontent.com/a/ACg8ocKC6UiI3AaRF3VcKN8N1eNHH0Wetb8fatVquliO_4Qig8IvMw=mo,wont accept my password,1,0,9.11.9,2026-01-28 01:29:57,"We're sad to hear that you're having trouble with the PF App. Contact our support team for assistance here: https://planetfitness.app.link/support
",2026-01-28 02:29:24,9.11.9,com.planetfitness,Planet Fitness
6ef31cce-dcf6-4b71-b706-6e249709a9f2,gabi,https://play-lh.googleusercontent.com/a-/ALV-UjUAoIAlV6hNK_E2U6btzAwZ-IVOwsebST-qdNGPARkGaZamoe_H,"definitely great, but as a recent beginner, i wish there was like an in-app map pertaining to each location so newer people could find each equipment",4,0,9.11.8,2026-01-27 22:23:13,"Thanks for sharing your feedback with us! We're constantly working on ways to improve the PF App experience, so we'll be sure to pass this along for you.
",2026-01-28 00:44:58,9.11.8,com.planetfitness,Planet Fitness
a107d946-6136-42ae-bde5-68f38d2133ca,Ryan Keane,https://play-lh.googleusercontent.com/a/ACg8ocKA6vYQmULO0idpVw2jeN-kKIAWoMiUpcnYC5vNSImVbUJh_WE=mo,"they kept charging me despite freezing my account and then charged me late fees, and THEN contacted me to tell me my payment was not received. Even for a gym company they're scummy in comparison.",1,1,9.11.9,2026-01-27 21:53:40,"Thank you for reaching out. If you have questions or concerns related to a recent visit or experience, contact the club here https://www.planetfitness.com/gyms. If you have any technical questions related to the app, we would be happy to help!",2026-01-28 00:45:07,9.11.9,com.planetfitness,Planet Fitness
44662857-cdb0-4416-92fe-d34e6aad9638,Carolyn Budd,https://play-lh.googleusercontent.com/a/ACg8ocJBrBehUGe5dnys41CqWfzGS26CkisICF6zy_bQLTiaNNLaiQ=mo,This membership fits my entire lifestyle. I can't always get to the gym but I can always work out with videos.,5,0,9.11.9,2026-01-27 20:39:27,"We are happy to hear that you are loving the PF App. Thanks for the review!
",2026-01-28 00:44:47,9.11.9,com.planetfitness,Planet Fitness
eafecd2a-9cf9-4573-9b5a-8f6673157675,Paul,https://play-lh.googleusercontent.com/a-/ALV-UjVL7SJtupwn00ojepMyqgxDJstrYO2kPDzpBEwiGfRYYbtWHnw,The location in Cuyahoga Falls on Graham road has been without internet for 7 months and the water fountains do not work whatsoever as of 3 weeks ago. It's ridiculous to not have a water fountain in a gym or place of exercise. I've notified the front desk and nothing has been done. people trying to get a workout in walk up to the water fountain repeatedly and nothing,1,0,,2026-01-27 11:29:21,"Hi, Paul - Please email us at social@planetfitness.com with a copy of this review, so we can take a closer look into this. Thank you!",2026-01-28 00:45:28,,com.planetfitness,Planet Fitness
edc80f60-15e3-4550-8785-1208779d007c,Ben McCurn,https://play-lh.googleusercontent.com/a-/ALV-UjVbdgwlhn6lTtzpy1oNVqQ5-6dy1Oiawjdd8CMOQCv-e-BYU8f7,I don't feel the need to spend any time in the app except to check-in. I'd prefer to have the app on my Pixel watch so I could leave my phone at home then I could just check in from my watch.,3,0,9.11.9,2026-01-27 08:58:30,"Thanks for sharing your feedback with us! We're constantly working on ways to improve the PF App experience, so we'll be sure to pass this along for you.
",2026-01-28 00:45:39,9.11.9,com.planetfitness,Planet Fitness
c9cf8091-2bc8-42d4-bf58-86b8864163b2,Sharon Thompson,https://play-lh.googleusercontent.com/a-/ALV-UjXRcpjF38SURhS0TQ3fxMQ8wfsxRN0rXPbtMlTTkUjydQtb_jo,Easy to maneuver,5,0,,2026-01-27 08:01:37,"We are happy to hear that you are loving the PF App. Thanks for the review!
",2026-01-28 00:45:46,,com.planetfitness,Planet Fitness
a8eafa02-85a8-4c81-9b3a-4e81d4d71ad3,Saundra Zuroff,https://play-lh.googleusercontent.com/a-/ALV-UjU-fRFs2-Dd0ci4afhrUpeo49BOln2r1wc9Ypn9_kCbuR_27wyu,love this app,5,0,9.11.9,2026-01-26 23:52:33,"We’re so glad you’re enjoying the Planet Fitness app. It’s designed to make your fitness journey easier and more motivating, and feedback like yours lets us know we’re on the right track.",2026-01-27 07:01:44,9.11.9,com.planetfitness,Planet Fitness
2d8e7dab-870a-475c-b9ad-68a2706c7414,Dee Dee Carr,https://play-lh.googleusercontent.com/a-/ALV-UjWj3s12U056_PiyT02sw6qDH_hr5eV4wHeugpvKP_HtSuP8Y7GX,not a good experience. the first day I went the manager was not on property so I returned the following day for him to be on the phone the entire time I'm waiting for him. never received a membership.,1,0,,2026-01-26 20:39:50,"Thank you for reaching out. If you have questions or concerns related to a recent visit or experience, contact the club here https://www.planetfitness.com/gyms. If you have any technical questions related to the app, we would be happy to help!
",2026-01-28 00:45:56,,com.planetfitness,Planet Fitness
c48bb1b8-d9da-4c97-9f73-47b74893408b,Charles Hollywood Heimlich,https://play-lh.googleusercontent.com/a-/ALV-UjWdIsr-BCmjbvAtUKWpnsMZoIv5zNdAU0mBbaX1DF_dZHLk9C2j4Q,"As an actor and stunt performer, physical conditioning is a professional requirement. Planet Fitness provides the equipment and environment needed to maintain strength, cardiovascular endurance, and overall fitness. This allows me to take on demanding projects with confidence, focus, and the physical durability required for action-driven work. and the fact that they have red light therapy is huge for me thank you Planet Fitness",4,1,9.11.9,2026-01-26 19:04:46,"Thank you for your kind review! We’re glad Planet Fitness provides the equipment, environment, and recovery options like Red Light Therapy to support your training and performance. We appreciate you being part of our PF community!",2026-01-27 07:03:17,9.11.9,com.planetfitness,Planet Fitness
ce26d3a7-33fb-4ac5-9047-f38042af8097,Roz Witkowski,https://play-lh.googleusercontent.com/a-/ALV-UjWFcLjZV_kO8o6YElHIk6ojAy3DtaMyif6BQR5YyJT1tPE6njTY,how to subscribe to use,1,0,,2026-01-26 10:04:14,"We're sad to hear that you're having trouble with the PF App. Contact our support team for assistance here: https://planetfitness.app.link/support
",2026-01-28 00:46:11,,com.planetfitness,Planet Fitness
e761b258-fe44-4780-8398-5225bcf1e9fa,Arturo Ceja,https://play-lh.googleusercontent.com/a/ACg8ocJAMKWX-B-mqhghrApobzysTlqXMCvfuuAoR5fB3mJNrEdw=mo,It's Kool! Thank A Billion..,5,0,9.11.9,2026-01-25 22:37:20,"Thanks for your support, Arturo! We're happy to hear you're enjoying our PF app!",2026-01-26 00:20:48,9.11.9,com.planetfitness,Planet Fitness
2904e476-4dc1-4737-9d11-7d49bfbad303,Samiraegene,https://play-lh.googleusercontent.com/a-/ALV-UjWD1o7JdrNb92RM5d2jnYOGxeRu-D3ZFPkB3USwoYRHcIQWcEU9,"Works great, Excellent for tracking my workouts. The exercises In app That come with the black card are worth it. Overall 10 out of 10 would recommend. Easy to learn, Great perks.",5,0,9.11.9,2026-01-25 19:33:33,Thanks so much for the awesome review! We’re glad to hear the app is helping you track your workouts and that you’re loving the Black Card exercise content and perks. We appreciate the 10/10 recommendation!,2026-01-26 05:25:05,9.11.9,com.planetfitness,Planet Fitness
7c37c53c-a06d-4229-a2e7-2050d6b722f9,Sarom Soeng,https://play-lh.googleusercontent.com/a/ACg8ocIhVm7sceZFF4GE7ABGtsCbVoBPSFtEYAz5L7E3hRLaiGZ3Fg=mo,love it,5,0,9.11.9,2026-01-25 12:32:25,"Thanks for the love! We’re so glad you’re enjoying your experience with us, and can’t wait to see you again at the club!",2026-01-26 05:23:52,9.11.9,com.planetfitness,Planet Fitness
ebe77612-8071-4139-bc2c-0c61bbce81ba,maria austin,https://play-lh.googleusercontent.com/a-/ALV-UjWxp_0FyiUZOTJG5-HfPPNat7BwdgQf9A_Occ3_ELOka8v84Qrm,excellent places to workout 😃,5,0,9.11.9,2026-01-25 03:43:56,"Hi, Maria. Thank you for your kind words! We’re thrilled to hear you’re enjoying your workouts at Planet Fitness. Can’t wait to see you back at the gym soon!",2026-01-25 06:24:22,9.11.9,com.planetfitness,Planet Fitness
cffeb26e-3ed6-43cf-b8f1-db0bffe3465a,Kenneth Ball,https://play-lh.googleusercontent.com/a/ACg8ocIvDb8n3QJ1gVA0eKicta7AQwRqSsRIv2Psv6jXck6LiHCIfw=mo,9😁(^-^)/,3,0,9.11.2,2026-01-25 00:50:50,,,9.11.2,com.planetfitness,Planet Fitness
266dbc0a-8672-47c2-b289-5e4b5a14a006,russ Jay,https://play-lh.googleusercontent.com/a-/ALV-UjVrH_ufbDsq-U1KbDffXlMFTT3kDtX4A5wEKkFpyXz3m8SboDYl,great job,5,0,9.11.9,2026-01-24 23:44:30,"""Thank you for your kind words! We’re glad you had a great experience and appreciate you taking the time to share your feedback.",2026-01-25 06:16:50,9.11.9,com.planetfitness,Planet Fitness
3853d896-1f05-4cd3-a57c-04e1c9312d55,Sal Pena,https://play-lh.googleusercontent.com/a-/ALV-UjWAV5ZmGtPPN7845-sebKDIgjhj5hCOpjp0rrxK4ojgPjiBxowKYw,"PF is truly a gym that offers more than just a place to workout, I love my training Gym.",5,0,9.11.9,2026-01-24 18:10:43,"Thank you so much for being a member of our Planet and supporting the PF App!
",2026-01-25 07:33:29,9.11.9,com.planetfitness,Planet Fitness
b6923b65-3ba0-4f68-9bb7-4eda3088e260,Misha Shvartsman,https://play-lh.googleusercontent.com/a/ACg8ocIgeAoWKUlDgs5TAlunjLVl-KEaCeec5DbTWxXFEqVF1QeaSa8=mo,"does not open, spinning wheel forever",1,0,9.11.9,2026-01-24 10:13:37,"Hi, Misha. If you're trying to open our PF App but it isn't launching, please try the following:
- Hard close the PF App and reopen
- Delete the PF App altogether and then redownload it.
- Ensure your phone has the latest update.",2026-01-25 08:26:14,9.11.9,com.planetfitness,Planet Fitness
bd5827f9-54b2-48ba-a104-d50f150495c5,Ronald Barr Jr.,https://play-lh.googleusercontent.com/a-/ALV-UjWqxzV7YBkRQuHPwCr3W1GfKNsUJ_ytOBpjxm8nDSK9tFVOeFsOBw,"It works, sometimes very slowly but it has lots to offer.",5,0,9.11.9,2026-01-24 00:39:56,,,9.11.9,com.planetfitness,Planet Fitness
90e5dd0b-61a3-4c74-adef-756f71258fd9,Ibrahim Mohamed,https://play-lh.googleusercontent.com/a/ACg8ocIzZKpghgEEOrT-1GQ4a3kLlCIru5qhIXnZOMdTN0fN0og52w=mo,Thank you 😊! it's feels good,5,0,9.11.9,2026-01-23 23:42:59,Thank you for the 5 stars!,2026-01-25 00:01:32,9.11.9,com.planetfitness,Planet Fitness
e3768eb5-6e71-4c34-aa0b-1763418819a5,Jim W,https://play-lh.googleusercontent.com/a/ACg8ocLxUcib32xhWsHEYpOvrLaDY_5Uk2ITeUBtdio4qgS0Y4JKug=mo,"This app fairly ""okay"" but could be so much better. Tracking activity leaves a lot to be desired; other than cardio equipment, there is no way to track any strength based machines. Furthermore, there is only a single entry for weightlifting! So, good luck tracking your lifting and machine progress at all. I would give it 4 stars if useful tracking were added. As is, I give it only 2 stars. 🤨",2,19,9.11.9,2026-01-23 21:27:19,,,9.11.9,com.planetfitness,Planet Fitness
656189e3-aadc-4088-b6a4-6b9d1629b9cc,Pipoca,https://play-lh.googleusercontent.com/a/ACg8ocKo7pFFe_3nLI1wkApC5NfWsi1r4SqDCgvLInI6C2g68TKbgGg_=mo,horror show.... can't get through anyone to cancel my membership... AVOID IT!,1,0,9.11.9,2026-01-23 04:19:32,,,9.11.9,com.planetfitness,Planet Fitness
ebaf3bd9-e66f-40d6-8891-b16169d5ec29,Dan O'Connell,https://play-lh.googleusercontent.com/a-/ALV-UjXzUu7TNGemJIdLQvG-GQqxJvam2wuSwBoOwAMee38GLJwsYu0,Easy to use with lots of suggestions and information.,5,0,9.11.9,2026-01-23 02:56:10,"We are happy to hear that you are loving the PF App. Thanks for the review!
",2026-01-25 00:03:40,9.11.9,com.planetfitness,Planet Fitness
eb72e032-601f-4e46-8256-900735a4395d,Nemesi Mafia (Silvermanslim),https://play-lh.googleusercontent.com/a-/ALV-UjWJDzKygWSovrRs7gwoQw2sqPUFXdTKxQxV5b1TaAMSThh8WV0jaA,"The biggest scam ever. don't get involved with this scam. they refuse to cancel your membership when I requested. billing me month after month and racking up money they say is owed. I don't owe anything when the app doesn't give you the option to cancel your membership. the app is made that way so that Planet Fitness continues to bill you a d they reap even more profits. A pure scam you MUST AVOID AT ANY AND ALL COST. PURE SCAM, PLEASE DON'T BOTHER QITH THIS PLACE OR YOU WILL BE SORRY.. .",1,0,9.10.7,2026-01-22 23:11:05,,,9.10.7,com.planetfitness,Planet Fitness
c33f0e92-253b-4b1a-9611-1877a5186d2f,Ron Zmurk,https://play-lh.googleusercontent.com/a/ACg8ocLnn_KHLHQwyllv1pFJtyNc1QEHP3O2lGyj3J17U0s-FE9P3Q=mo,"filled with good information, particularly telling you how crowded when you're thinking about stopping by. good workout suggestions, decent deals on the app for outside deals. good overall resource",5,0,9.11.9,2026-01-22 21:58:49,"We are happy to hear that you are loving the PF App. Thanks for the review!
",2026-01-25 00:04:41,9.11.9,com.planetfitness,Planet Fitness
b4182e8c-7874-4088-ab99-7b6623a107df,joseph reamer II,https://play-lh.googleusercontent.com/a-/ALV-UjWwRmd1iWK-InjfTqAdoZpy9pqd7FnNX3WS6INBTMm83c1Paw-u,really help me with getting back in the gym,5,0,9.11.9,2026-01-22 11:54:18,Thanks for the review!,2026-01-25 00:04:30,9.11.9,com.planetfitness,Planet Fitness
93ccc24c-3f11-482a-982b-5542d248e508,Jinn O. W.,https://play-lh.googleusercontent.com/a/ACg8ocLesRzOHAZ3XaEGkootyViP8eVhQVuNWKbS2FfPGC-vnDUAkA=mo,"Alright this is starting to look like you're just taking advantage on late fees. Since December payment, I have never not payed my bill. I have 1 debit card I use for online purchases but because I use it for internet finance I only transfer money to the account when a bill is due in the case a companies is hacked & my information is leaked. I check the App & it tells me bill is payed so I transfer out funds then 3 days later I get a late charge! This never happened before why now? 3 late fees!",1,0,9.11.9,2026-01-22 09:13:01,,,9.11.9,com.planetfitness,Planet Fitness
eca923c3-6cef-4d90-8b10-8b8094645b7e,Ian Reichenbach,https://play-lh.googleusercontent.com/a/ACg8ocKRJEWPnBntFVKn5ydVXEDv_Z1Y3eaZmUGMjUpEGE-PgcPfmQ=mo,make sure you are local to a store if you wish to close your account. you are unable to do it online and need to travel to a store to cancel.,1,0,9.11.7,2026-01-22 06:35:52,,,9.11.7,com.planetfitness,Planet Fitness
d18d22b6-aefc-4740-b3a0-1ee4f5b0880b,Daw Chuck,https://play-lh.googleusercontent.com/a-/ALV-UjV8HAqpKTugnZ6lqUAM1UEpTHhfZsNrCJyolp4Vp544PzT8nd6d,The Best,5,0,9.11.9,2026-01-22 04:00:08,Thanks for the awesome feedback! We’re glad you think so and appreciate you being part of the Planet Fitness family.,2026-01-22 05:45:35,9.11.9,com.planetfitness,Planet Fitness
b5e4443a-4bad-4d59-a582-3afe1b046a68,Tracy Allen,https://play-lh.googleusercontent.com/a/ACg8ocLO0dqbJxqHTG5iqbNIC2Xo5bpbfKUuaddB9EGFYFwgSMXkcw=mo,"Let me say first of all, Praise the Lord 😁💪 Listen, I love PF its my (Fountain of Youth) and the PF Employees are great at my PF💯💪! Also it's a VERY clean place!! 💯🫶 p. s. Now I gotta go make them muscles JUMP! 🤠💪🫶🫶",5,0,9.11.9,2026-01-22 03:15:44,,,9.11.9,com.planetfitness,Planet Fitness
ec2e8cc0-fb8c-4840-abbb-19c213ece21c,Stephanie Workman,https://play-lh.googleusercontent.com/a/ACg8ocLcdP8RLRtq9GnnbXgxTMHiyi_sbyHpYLAs5JKxLMkEBwhT7G4t=mo,this is the bees knees.,5,0,9.11.9,2026-01-22 00:54:22,"Thanks for the review!
",2026-01-22 06:34:55,9.11.9,com.planetfitness,Planet Fitness
e9ce1469-5f06-4b07-8568-59e68742e3d4,Jhonny A Contreras Rivas,https://play-lh.googleusercontent.com/a-/ALV-UjXu4gM36rOOeRnJOUBSnSWimO2UHT248tmU0dkWRK6OalLwmw1R,Excellent app!,5,0,9.11.9,2026-01-22 00:05:48,"We are happy to hear that you are loving the PF App. Thanks for the review!
",2026-01-22 00:50:37,9.11.9,com.planetfitness,Planet Fitness
9b5cd0ad-a745-4158-b530-a7f55fa5616e,Fe Rorie,https://play-lh.googleusercontent.com/a-/ALV-UjX_7-yNYNS3gzmOXBxNHp4HzuOuHWHGrO9rGeO-feg-LmvkEyIQ,Loved it! Easy to navigate!,5,0,9.11.9,2026-01-21 22:34:53,"We are happy to hear that you are loving the PF App. Thanks for the review!
",2026-01-22 00:50:42,9.11.9,com.planetfitness,Planet Fitness
3eb87995-9dc9-491a-b81a-3676915f7cf4,Trevor Horacek,https://play-lh.googleusercontent.com/a-/ALV-UjVgFWVNLqrsLB8XkdOFfi4riH6tagg4mBh1NqZrv3h1jwvxGo54,app is sometimes slow,3,0,9.11.9,2026-01-21 21:40:11,"Thanks for sharing your feedback with us! We're constantly working on ways to improve the PF App experience, so we'll be sure to pass this along for you.
",2026-01-22 00:51:05,9.11.9,com.planetfitness,Planet Fitness
5b43eef7-a16c-4e87-9a36-a45de7612dab,Virginia Farrugia,https://play-lh.googleusercontent.com/a-/ALV-UjXbxQhXEjXJmA4fK3EmkaTGRqvNErAgNcJv3ZmsjZtXckwJswHl,the crowd pleaser bar is not accurate at all,4,0,9.11.9,2026-01-21 20:36:07,"Thanks for sharing your feedback with us! We're constantly working on ways to improve the PF App experience, so we'll be sure to pass this along for you.
",2026-01-22 00:51:00,9.11.9,com.planetfitness,Planet Fitness
e86f4876-d326-4304-837a-2324cb59c61b,Rhonda Yates,https://play-lh.googleusercontent.com/a-/ALV-UjXEliF14Wv1up2tZcxAsynxE29xuSkQP6XWevesnt-KDi4GAvU7,I so love this app,5,0,9.11.9,2026-01-21 19:00:49,"We are happy to hear that you are loving the PF App. Thanks for the review!
",2026-01-22 00:50:49,9.11.9,com.planetfitness,Planet Fitness
e3db88bd-7d83-44e2-80b5-6cd92a768366,Chelsi Emery,https://play-lh.googleusercontent.com/a/ACg8ocIxyC3ZA__r9PvP44a7qU6h868_MBzN0A7HT0hiPEEb_RYk4g=mo,After a divorce and the first Holidays my scales couldn't lie to me anymore and I had to make changes otherwise my doctor's were going to add more pills to my already large pile of daily meds. Planet Fitness called my name after 10 years of passing it by. I joined and I have been blown away by all I can do. That hydromassage worked out kinks in my back I didnt even know I had! I am trying so hard to make a routine and have this be part of my life!,5,0,9.11.9,2026-01-20 22:33:13,,,9.11.9,com.planetfitness,Planet Fitness
f6aea915-3e5d-4795-b2d5-4929f704975b,Tracy Taylor,https://play-lh.googleusercontent.com/a/ACg8ocKHkEdblzp-jXJX_F22mEqxwI2W-xNDWWkTPW-1Vm646wlJYg=mo,great,5,0,,2026-01-20 14:02:11,Thanks for the 5 stars!,2026-01-21 00:23:13,,com.planetfitness,Planet Fitness
6fcc8341-1bea-42a9-8f2b-6bbc211c5426,Laura Pernalete,https://play-lh.googleusercontent.com/a-/ALV-UjVIseYiAz7-PdUI5ueAmzITWHzJDWA9b54pR1oDSgox6p51SX9heQ,they have routines for everybody,5,0,9.11.9,2026-01-20 01:30:21,Thanks for the 5 stars!,2026-01-21 00:35:37,9.11.9,com.planetfitness,Planet Fitness
f2e37c9d-a65a-41e0-b41e-0a532939f3f8,angela “Kk” moralis,https://play-lh.googleusercontent.com/a-/ALV-UjXqDkgnWUwi4Q6_9ArxQchTxjrz_Ip-3rd_-KDxgbTG-1gyMlOJ2A,I luv this app !! it has alot of great deals and full of knowledge !! very helpful for a starter like me . I plan to get fit and healthier ! they even have online through this app different daily workouts for home or wherever u r ! Just luv it !,5,0,9.11.9,2026-01-20 01:00:36,"We are happy to hear that you are loving the PF App. Thanks for the review!
",2026-01-21 00:22:34,9.11.9,com.planetfitness,Planet Fitness
5b46d7c7-95ef-43e1-a49c-dc677ed3e060,Chequawkia Graham,https://play-lh.googleusercontent.com/a-/ALV-UjW9rfX59WXhlR68Y358_H8-MyxUOOIkDpIZcZxd2_EKU8LQVJO8QQ,greatest,5,0,9.11.8,2026-01-19 21:56:31,Thanks for the 5 stars!,2026-01-21 00:22:42,9.11.8,com.planetfitness,Planet Fitness
bc83a302-2927-446b-a18b-8d81e61e9153,Carol Lins,https://play-lh.googleusercontent.com/a/ACg8ocLpnD3hVLbMEvDikTIOMo-2sR8G4P2rfWiJeK2J3MQ7kRybIg=mo,The gym is always so clean !!,5,0,9.11.8,2026-01-19 06:44:47,"Thanks for the review!
",2026-01-21 00:22:49,9.11.8,com.planetfitness,Planet Fitness
c380376f-49a6-4378-82a7-a3f1a72bd5f2,Jeremy Goade,https://play-lh.googleusercontent.com/a/ACg8ocLsqqyhDj-KVZ2yq17XoQ_2verDDKHGrSKCyCwfcs1p5hcu3g=mo,great works very well!,5,0,,2026-01-19 06:02:32,"Thanks for the review!
",2026-01-21 00:23:00,,com.planetfitness,Planet Fitness
9cdf4c20-d3d8-44c9-a196-e244aba7d9c1,Natasha Jewell,https://play-lh.googleusercontent.com/a/ACg8ocKHHSf4Zw-Bm__KSTP2tEDqkQ2abZpX7Rjg6EQcV6DD6tRmxA=mo,couldnt use spa equipment,4,0,9.11.9,2026-01-19 03:37:11,,,9.11.9,com.planetfitness,Planet Fitness
e1c126b2-2945-4fcf-9436-cbe44fcc7177,Kathy Carlson,https://play-lh.googleusercontent.com/a-/ALV-UjVWd4p_4W6sDW_Lm4zuNQfJx3SmWYBBEX3THUFZamPwAh-RAt9EwQ,"I have to agree with Shirley Chung we need a way to pay on the app, it takes too long to go through the bank account . Maybe debit card or credit card should be first choice of payment .",1,0,9.11.9,2026-01-19 00:14:33,,,9.11.9,com.planetfitness,Planet Fitness
df5062b3-8823-4ba3-b214-9b86cfb0ebda,Tyron Powell,https://play-lh.googleusercontent.com/a-/ALV-UjVxdoLHP404HpwvnUQH8wr6p507QiDGtTUJPDyJIVNR3ATcUzZnWA,Great app but could be more useful. I wish the performance was faster. Check-in process takes a bit of time. I also wish my workouts could sync with Androids WearOS.,3,0,9.11.9,2026-01-18 15:58:48,"Thanks for sharing your feedback with us! We're constantly working on ways to improve the PF App experience, so we'll be sure to pass this along for you.
",2026-01-21 08:24:01,9.11.9,com.planetfitness,Planet Fitness
d1268d59-9bdc-4b77-9f5d-70c862d54071,Marilyn Council,https://play-lh.googleusercontent.com/a/ACg8ocJyW8uDN4q5qzIVFOFnKnUxe9fmVlvLMO8UCU6IswFsDmljcw=mo,love the equipment. and everyone doing their thing not bothering anyone,5,0,9.11.9,2026-01-18 05:34:28,Thanks for the 5 stars!,2026-01-18 08:17:03,9.11.9,com.planetfitness,Planet Fitness
401e9f26-bcab-4695-b0ae-2b119f3a2109,Victor C.,https://play-lh.googleusercontent.com/a/ACg8ocIDTkPXvZrrXAfZnuA-lCxyLLhZ4wJLRlqdZwuw2syLCgpP-g=mo,Easy to use,5,0,9.11.8,2026-01-17 08:17:23,"Thanks for the feedback, Victor! We’re glad you find the app easy to use. Making your experience simple and convenient is always the goal.",2026-01-18 01:38:09,9.11.8,com.planetfitness,Planet Fitness
e8a884f6-83a7-4669-a376-f60f3b0c908f,Wyatt Kunzelman,https://play-lh.googleusercontent.com/a-/ALV-UjVMA6bA6eBxNdpg82Opi9yMk58jsbasAEgWYBPf5locpMelEIV5gw,I really appreciate the workout regimens! I'd be clueless without them!,5,0,9.11.9,2026-01-17 03:55:47,"Thanks so much for the kind words, Wyatt! We’re glad the workout regimens have been helpful and support you along your fitness journey. We appreciate you being part of the Planet Fitness community!",2026-01-17 06:50:57,9.11.9,com.planetfitness,Planet Fitness
43ddb091-0e7c-43c4-acc0-393b6dc2bed7,Jackson Osborne,https://play-lh.googleusercontent.com/a-/ALV-UjV6rImXn9BbZRlsel__MQcHQodlBKm-ovy2ico1iz1MEiMChIB6,world's lamest gym,1,0,9.11.8,2026-01-16 21:56:00,,,9.11.8,com.planetfitness,Planet Fitness
6c81be00-6511-42c7-9d2d-62d32a6fc994,Gabe Smith,https://play-lh.googleusercontent.com/a/ACg8ocJyJyxq2EvN0McSZGw07J9B5oY9ka5LzHjUKEdSv_RFXtJozQ=mo,Love this love the 🏋️‍♂️ gym,4,0,,2026-01-16 21:40:23,Thanks for the review!,2026-01-17 00:09:27,,com.planetfitness,Planet Fitness
ecfbc86b-ee3e-4ae1-829d-221ec87311ab,Jamie Luna,https://play-lh.googleusercontent.com/a-/ALV-UjVgRFheT3285v-5A14Zh5gA8pIscTUO8B8Z_z4cFGLyAgUMuH8IVw,staff is awesome. nice clean facility,5,0,9.11.9,2026-01-16 21:27:06,Thanks for the 5 stars!,2026-01-17 00:09:17,9.11.9,com.planetfitness,Planet Fitness
8dcddcb3-a419-466d-bf5e-4fa5aef1b5ae,Brenda Walker,https://play-lh.googleusercontent.com/a-/ALV-UjV7_fgleTr5EJ19Pk3GC46Oiccm7v4u6RZoDsq0nZbtTEYrZUs,wonderful,5,0,9.11.5,2026-01-16 01:55:06,Thanks for the 5 stars!,2026-01-16 04:05:58,9.11.5,com.planetfitness,Planet Fitness
1e17ad5d-2090-4452-8011-41fc21f1d5ef,BobbyB G.,https://play-lh.googleusercontent.com/a/ACg8ocJlEBsNLKdX1zWO_FADQoFUk436oRyhdeU6-t40GvKKDpMSudEN=mo,easy to use 💪🏼👊🏼💥,5,0,9.11.8,2026-01-15 18:35:29,Thanks for the 5 stars!,2026-01-16 02:55:52,9.11.8,com.planetfitness,Planet Fitness
58d88d5d-fe9e-45c6-9a82-8c7de559d0be,Nathaniel Keller,https://play-lh.googleusercontent.com/a-/ALV-UjWMv_YpWTo3CeMlBQtMnUbdLY8GqN3HbBr2pl5MrHHJFyXI8eRG,Nice App,5,0,9.11.8,2026-01-15 05:29:35,Thanks for the 5 stars!,2026-01-15 07:58:38,9.11.8,com.planetfitness,Planet Fitness
402400af-f0ba-49fe-86c9-d029fc768827,Brittani Spiers,https://play-lh.googleusercontent.com/a/ACg8ocJmBor4NZCvlKAxMDeapKqJDRrt6fGZ4kkFxgOcCPtUlEtjGVw=mo,I love this gym!! I hope one day they expand to have a swimming pool/sauna/hot tub.,5,0,9.11.8,2026-01-14 23:19:01,Thanks for the 5 stars!,2026-01-15 02:18:05,9.11.8,com.planetfitness,Planet Fitness
54fedfd3-a301-43e1-bbd5-c620aadb8e19,Bryan Parent,https://play-lh.googleusercontent.com/a-/ALV-UjVuAtBClPB_bGTAzSSx9JxfxbE6ecX6lQS_nYV6uZlF2gafIEXJ,It would be nice if you could put your gym pass in your wallet or have a widget where it's always available on your screen.,4,1,9.11.9,2026-01-14 20:40:24,"Thanks for sharing your feedback with us! We're constantly working on ways to improve the PF App experience, so we'll be sure to pass this along for you.
",2026-01-15 02:18:21,9.11.9,com.planetfitness,Planet Fitness
a30efa9e-2a35-4893-8b14-ece536da5813,Darrell,https://play-lh.googleusercontent.com/a/ACg8ocK4Uo44KGmwcyWUeXSzzGAde0Q1yjhSjNE3zYgDcvTK-zO3NA=mo,Nice clean app. Crowd meter scale is terrible. Full parking lot with 200 people at club =3. Almost empty =2.,3,0,9.11.9,2026-01-14 05:42:21,"Thanks for sharing your feedback with us! We're constantly working on ways to improve the PF App experience, so we'll be sure to pass this along for you.
",2026-01-14 08:27:09,9.11.9,com.planetfitness,Planet Fitness
eacebb3c-16d8-4322-a465-16487eba1c6b,Antonio Noel,https://play-lh.googleusercontent.com/a-/ALV-UjVVjB28Nlh0N1fqVy1nWGA072i_6YWiD4oNrq0wnD3X9bjuCBaq,Ads right in your home screen. Really?,1,0,9.11.9,2026-01-14 00:31:33,"Thanks for sharing your feedback with us! We're constantly working on ways to improve the PF App experience, so we'll be sure to pass this along for you.
",2026-01-14 08:27:11,9.11.9,com.planetfitness,Planet Fitness
7901149f-d4d9-4b5b-8202-fc42df30eee7,Bianca Wanders,https://play-lh.googleusercontent.com/a-/ALV-UjWPrKesXP8VWNBJAHJEwk8rMYir7PzIZFAYc_2kQkeECkTfK64t,"this app would be great if they would add the actual equipment to log activity... what is that section for as it is right now, if you can't even add an equipment yourself?? and what's the crowd meter showing if nobody has to check out, how is that number calculated? honestly, other than for check ins, this app is useless to me.",2,0,9.11.9,2026-01-14 00:10:25,"Thanks for sharing your feedback with us! We're constantly working on ways to improve the PF App experience, so we'll be sure to pass this along for you.
",2026-01-14 08:27:03,9.11.9,com.planetfitness,Planet Fitness
a998c3e1-b595-447d-8c23-e4afce2e5fe9,Chris Capoccia,https://play-lh.googleusercontent.com/a-/ALV-UjWGBn1KuTCyj-ox9SIdpO6LWFnlh2B5wamdost2LryydMYLLOSf,works fine for checking in and seeing how often you've been going. The crowd meter is completely useless. No idea how it can be so far off from reality. I haven't tried using any of the exercise logging. I want to focus on my exercises and not on messing around with my phone,4,0,9.11.9,2026-01-13 07:16:45,"Thanks for sharing your feedback with us! We're constantly working on ways to improve the PF App experience, so we'll be sure to pass this along for you.
",2026-01-14 08:28:10,9.11.9,com.planetfitness,Planet Fitness
10d5b1c6-b272-4719-abaf-b7a30b5353a1,Sam Shiffler,https://play-lh.googleusercontent.com/a/ACg8ocKIHhyMUZXPMKrPEiYX9l_VHMIuembQCoZT4al09nW7rkuDdQ=mo,"This is a terrible company to join. Be very careful of getting a membership here as you can only cancel your membership in person, or you can go through the extensive and time consuming electronic process that a worker told me people ""have problems with all the time"". Also if you don't cancel soon enough they will take out the next months payment even though it hasn't yet begun. This membership is a scam and I will never be a customer of Planet Fitness again. I've never had such bad service.",1,1,9.7.2,2026-01-13 01:13:49,"Hi Sam, we are saddened to hear that! This is never the experience we want to provide at our club. Please email us at social@planetfitness.com so we can look into this further. Thank you!",2026-01-13 07:29:48,9.7.2,com.planetfitness,Planet Fitness
3f666689-f04d-4008-9fc2-ecb6ecd6a3f2,Don Black,https://play-lh.googleusercontent.com/a-/ALV-UjUsAu7Q6XhGDAFR787PcqsUSE77125i6N-TvQzCOjxmgyP50HO5,great workout for 1st thing in the morning before work 💪🏾,5,0,9.11.8,2026-01-12 20:58:05,"Thanks for the great review, Don! We’re glad you’re enjoying an early-morning workout with us. It’s an awesome way to start the day. We appreciate you being part of the Planet Fitness community!",2026-01-13 07:30:41,9.11.8,com.planetfitness,Planet Fitness
402dd5c4-1478-4148-89cc-85d005d4b5d8,Andrew Fischer,https://play-lh.googleusercontent.com/a-/ALV-UjW14Tc6cEClLgPQdmCiGnTemdZ2B1V9ikQIQf1SpMIgX4s6sD1s,"If Planet Fitness wants to know why I've rated them this low, they'll need to pay me $30 for the answer.",1,0,9.11.8,2026-01-12 20:39:00,,,9.11.8,com.planetfitness,Planet Fitness
7ebe409e-e6a2-470d-a8ab-5e01fb479752,Ricardo Ponce,https://play-lh.googleusercontent.com/a-/ALV-UjX73PgxethgWJ6GyHzC5Q6BPuB0Dqe33qOsz4i2On22BljHVFg,Great atmosphere,5,0,9.11.8,2026-01-12 08:48:40,Thanks for the kind words! We’re glad you’re enjoying the atmosphere and appreciate you being part of our Planet Fitness community!,2026-01-13 07:31:14,9.11.8,com.planetfitness,Planet Fitness
174f7982-ecb1-43b0-9c59-1dbab34f1367,Patrick Wojciechowski (Here comes the pain),https://play-lh.googleusercontent.com/a-/ALV-UjVZw83bii4onJibioy4xknRwQGUoCnoi9iOre90Siv_YRnFhs_v,Great App. as well as a Great gym!!! 👍❤️💯🙂,5,0,9.11.8,2026-01-12 07:33:21,Thanks so much for the kind words! We’re glad you’re enjoying the app and the gym. Your support truly means a lot to us.,2026-01-13 07:33:13,9.11.8,com.planetfitness,Planet Fitness
e72cac55-54f6-4058-8e2c-9c384e9c9eab,Gary Naegele,https://play-lh.googleusercontent.com/a-/ALV-UjUB-h72r4wRbP8k5MoAh4QtywzsC4-G2HfHS1gwdz5cIqEBgOY,its great and very informati ve,5,0,9.11.8,2026-01-12 06:56:27,"Thanks for the great feedback, Gary! We’re glad you found it helpful and informative. We appreciate you taking the time to share this with us.",2026-01-13 07:37:01,9.11.8,com.planetfitness,Planet Fitness
0dfa1a1e-537e-414c-912b-9eb977a92fd7,Michael Butler,https://play-lh.googleusercontent.com/a-/ALV-UjXXr-qe02Hp8_MpFA_tJH6jlGizFpnbcVSTsI62FKZpiVL7y1Tg,great perks with pf app,5,0,9.11.8,2026-01-12 04:51:51,"Thanks for the great feedback, Michael! We’re glad you’re enjoying the perks in the PF App and appreciate you being part of the Planet Fitness community!",2026-01-13 07:38:19,9.11.8,com.planetfitness,Planet Fitness
3c3fcf9e-cc8d-4d11-928d-b4137c9970c1,ARELI FERNANDEZ HERNANDEZ,https://play-lh.googleusercontent.com/a-/ALV-UjUBR5X0HXURY0vKWefa6hgE6LCVqCxdSt_7tgsm3glfH8fuFiQ26Q,Great workouts,5,0,9.11.8,2026-01-12 04:21:22,"Thank you for your review, Areli! We’re glad to hear you’re enjoying your workouts and appreciate you being part of the Planet Fitness community.",2026-01-13 07:39:36,9.11.8,com.planetfitness,Planet Fitness
e35f5385-3a67-4615-b06b-1c1f27500bb1,Debra Perry,https://play-lh.googleusercontent.com/a/ACg8ocIkyvUGGBAGf7vhSM5ObJpEDykGNEGaLRMOUH1Hzwkp5pctXQ=mo,because it's helps me to stay active & fit thank you kindly for this online program! My Logo Is ❤️✌️😊 Smooches,5,0,9.11.8,2026-01-11 18:13:33,"Thank you so much for your kind words, Debra! We’re glad to hear our online program is helping you stay active and fit. We truly appreciate your support and love the positive energy!",2026-01-12 06:02:07,9.11.8,com.planetfitness,Planet Fitness
97512702-40d4-4c9e-9c11-680dd923490a,Muscular Christianity,https://play-lh.googleusercontent.com/a/ACg8ocJ77UDEnhsfS07G8UsL-3e1UEgFRmWIidCetnZnI65MVeIMtA=mo,"Very Disappointed. App doesn't show if the gym is open or closed, so I waited for a low traffic signal at 7:00 p.m. went in and its closed. every PF in my area closes at 7:00 p.m. fantastic. update the app to show when the gym is open or closed....",1,0,,2026-01-11 09:59:04,"Hi, there! We keep members up to date about any closures or changes in club hours on our club's official web page: planetfitness.com/gyms. For any concerns, please reach out to the manager. Your patience is greatly appreciated in the meantime. Thank you!",2026-01-12 05:58:09,,com.planetfitness,Planet Fitness
88e1f594-872d-40ef-9cae-330967577057,sean sherrod,https://play-lh.googleusercontent.com/a-/ALV-UjWfAIaS6bVSB-NoVCM4ARIwEJ7ZkRm3oYGUth4osLbk3etsrbDE,good work out routines,5,0,9.11.8,2026-01-10 18:59:23,"Thank you for your feedback, Sean! We’re glad to hear you’re enjoying our workout routines and hope each visit helps you reach your fitness goals.",2026-01-11 07:47:38,9.11.8,com.planetfitness,Planet Fitness
a565c758-851e-4bdb-869c-d7a11f483816,Joshua Mathies,https://play-lh.googleusercontent.com/a/ACg8ocIsuarbrzXEiArjc7SXC-mHsUShJ1O-826-zzdyFYyH6Zfe8g=mo,great place great price,5,0,9.11.8,2026-01-10 18:41:53,"Thanks for the kind words, Joshua! We’re glad you’re enjoying your experience and the value we offer. Welcome to the Planet Fitness community!",2026-01-11 07:48:33,9.11.8,com.planetfitness,Planet Fitness
e3dc6ae0-6b13-4baa-9b8b-f15b97b306aa,Elizabeth Miller,https://play-lh.googleusercontent.com/a/ACg8ocK_Jx-cJlc421m_wGOn3AgSblbUMrjy2CYt1jeuukj7-BR0nw=mo,Great things I need to know,5,0,9.11.6,2026-01-10 06:58:02,Thanks for the 5 stars!,2026-01-10 08:22:09,9.11.6,com.planetfitness,Planet Fitness
363f06dc-e0c8-4f41-bb83-ef9e63ee678a,Rick Slick,https://play-lh.googleusercontent.com/a-/ALV-UjVqbkSx-4sb-Fd5KlOYQP66q1Uetc-bFz29h--cZBrE12raA8Q,"I'm rating this as a one specifically because the staff at my local club lied to me about there being no referral offers available. After I referred my friend I saw the poster offering the referral, and the staff said there would be no way to credit my account. Why offer the credit, and then scam your customers on the credit, instead of not offering it in the first place.",1,0,9.11.8,2026-01-10 06:41:08,,,9.11.8,com.planetfitness,Planet Fitness
bd30e023-2b94-4366-9a72-893d01e490cb,Samantha T,https://play-lh.googleusercontent.com/a-/ALV-UjWclvsdWjfOSWtJnUsbW35b1hxOgkRZ7QWz4gfa0fLqsa7m3rA,I have a black card so I can bring my adult son with special needs. Why must I send him a link each check in? I'm willing to pay an extra $10 monthly to get his own membership. What if I get a serious partner? So foolish. This app should be so much more! Many of us go to different locations. It should help us find different locations and how busy they are. It should let us keep track of locations we liked and disliked. Some locations the showers are horrible! I'd like to keep track in my app.,1,1,,2026-01-09 20:50:11,"Thanks for sharing your feedback with us! We're constantly working on ways to improve the PF App experience, so we'll be sure to pass this along for you.
",2025-11-05 00:38:59,,com.planetfitness,Planet Fitness
9c409907-bfbe-439b-a21f-260e4581d927,Leah Goodwin,https://play-lh.googleusercontent.com/a-/ALV-UjU5fVHZwmT_yePUtBmsSjngtBdkIip2L_z12Y3St4iD7tWMFUVE,"If youre a woman, do NOT go to this gym. They will remove YOU from the premises and allow perverts to stay. They do NOT care about women's safety or well-being, do not support them. (Google recent news abt this plz)",1,2,9.11.8,2026-01-09 09:47:49,,,9.11.8,com.planetfitness,Planet Fitness
78a28a7a-fc05-47e7-8bcd-eb0be2df5fd6,Lily H,https://play-lh.googleusercontent.com/a-/ALV-UjUFZbmQS36see50QJ0owTa_NREUx0vSuPFV2OI3nGmLNzzHecI,Crowd meter is completely inaccurate,1,0,9.11.8,2026-01-09 03:50:26,"Thanks for sharing your feedback with us! We're constantly working on ways to improve the PF App experience, so we'll be sure to pass this along for you.
",2026-01-09 06:00:14,9.11.8,com.planetfitness,Planet Fitness
ad332a1a-1d48-4841-ab26-6d17c654ad3d,Troy S,https://play-lh.googleusercontent.com/a-/ALV-UjXzzVvr-IgsCtAtZjnJmWTE6aoE8ABgtUra-DNByss72Wcavbpp,"the app does it's job, but they desperately need to add app notifications when the gym is closed. I can't tell you how many times I've driven to the gym to find out that it's closed temporarily.",4,0,9.11.8,2026-01-08 20:04:05,"Thanks for sharing your feedback with us! We're constantly working on ways to improve the PF App experience, so we'll be sure to pass this along for you.",2026-01-09 00:26:46,9.11.8,com.planetfitness,Planet Fitness
99f21214-228e-49a5-a6c1-e8009767c887,James BK,https://play-lh.googleusercontent.com/a-/ALV-UjW9SfoQOSjsG8Kh2CE9-wREjDannNLpIlqdEM1XsFBZvyxdomql,I'm trying to join but the create password section in acount creation isn't working. It isn't recognizing the combo of upper and lower case letters. Maybe it's a case insensitive string comparison where there should be a case sensitive one? The gym is nice though. I will update this review once the issue is solved.,2,0,9.11.8,2026-01-08 08:32:15,We're sad to hear that you're having trouble with the PF App. Contact our support team for assistance here: https://planetfitness.app.link/support,2026-01-09 00:22:30,9.11.8,com.planetfitness,Planet Fitness
b7d62fed-27ae-40c6-9b4f-e6aa21c70d35,emmanuel onminyi,https://play-lh.googleusercontent.com/a-/ALV-UjUih56XFv6oicLMtKIFU0nZPLQDuy6H8QL86VbZCjWUZ7xea8Am,Feels good to be able to do some of this video workout at home.,4,0,9.11.8,2026-01-08 06:28:01,Thanks for the review!,2026-01-09 00:22:01,9.11.8,com.planetfitness,Planet Fitness
f4556f02-dbb7-476c-b5a2-494ab920dc3b,Julio Oseguera,https://play-lh.googleusercontent.com/a-/ALV-UjVuI0T4NCfBi9CL4A-1j7wW1VJo5rMouemyg9oaiUVju-4ecj-vdQ,🙏,5,0,,2026-01-07 15:02:23,,,,com.planetfitness,Planet Fitness
e01713f7-ea8c-4a15-b926-8193b455322c,Anatoliy M,https://play-lh.googleusercontent.com/a-/ALV-UjXwMFm7k1C6GFCpwwgik5N6-B3jAEIArVb_idC9nzw65Stm9BE,"The crowd meter is fake. When it shows 2 or 3 bars out of 10, that means there is a lot of people at the gym already. Also they make the gyms too small, they don't take into account that cities expand, more people move there, more houses built, etc.",1,2,9.11.8,2026-01-07 12:51:43,"Thanks for sharing your feedback with us! We're constantly working on ways to improve the PF App experience, so we'll be sure to pass this along for you.
",2026-01-08 00:20:23,9.11.8,com.planetfitness,Planet Fitness
59238a14-d603-4cfb-96fb-3f58ac9a2f91,T Nazar,https://play-lh.googleusercontent.com/a-/ALV-UjU8TnqA_zND_RDDfi36zRX2UKUpGoyCyDwCCOcCWLLCLGEEySFT,"After 3 days of filling out forms, providing CC & bank firms, confirmstion and thanks, somehow I'm still not a member. I wanted to work out tonight...couldn't last night either. And now this annoying damn app. I'm out and will try Fit4Less. Less apparatus but all I want are 3 leg units and they are there...just not as many. Another time.",1,0,9.11.8,2026-01-07 04:52:46,,,9.11.8,com.planetfitness,Planet Fitness
8b7e27f1-2660-4873-9b6b-c4da5a15a9e8,Ernie K,https://play-lh.googleusercontent.com/a-/ALV-UjWJfs4ISDt9cpQNZtNH-osOgQZeutYJayPhux8tw7zJ7UVKy_U,After having hip replacement I wanted to supplement my PT and it is helping very much. I vow to continue when my PT ends. it is great,5,1,9.11.8,2026-01-06 14:25:12,"Thank you so much for being a member of our Planet and supporting the PF App!
",2026-01-09 03:01:11,9.11.8,com.planetfitness,Planet Fitness
6bed65ac-6ee1-4737-a7e9-3c6a489d9985,tony scott,https://play-lh.googleusercontent.com/a-/ALV-UjVwKDqCS8M1fyw44IUyNa6Py9Msm_N17O9hWYRXXXyAYpijFyo,"Very pleasant staff and atmosphere ,Clean, I Recommend Planet Fitness Brunswick GA",5,1,9.11.8,2026-01-06 13:12:59,"Thank you so much for being a member of our Planet and supporting the PF App!
",2026-01-09 03:01:05,9.11.8,com.planetfitness,Planet Fitness
0d0edd7d-78d2-423f-8ea1-f4e817425772,Michael Miller,https://play-lh.googleusercontent.com/a/ACg8ocJ1VSfmQvZfXtsvEH99jjGq6ApbNnBCTcyXyP-JbEXSPmIxuQ=mo,I like the app and the gym there is alot to offer if you explore. thank you.,5,1,9.11.8,2026-01-06 11:07:57,"We are happy to hear that you are loving the PF App. Thanks for the review!
",2026-01-09 03:00:54,9.11.8,com.planetfitness,Planet Fitness
007cb531-9005-4537-94a3-4ffdcc8dba07,Rich Russell,https://play-lh.googleusercontent.com/a/ACg8ocLChH0cNO0S6X-0bqfVZciXdBPHp2dW_fI4iXX76BD83s3Qog=mo,very convenient,5,1,9.11.8,2026-01-06 09:28:51,"We are happy to hear that you are loving the PF App. Thanks for the review!
",2026-01-09 03:00:47,9.11.8,com.planetfitness,Planet Fitness
30a83676-8e99-4a3b-b9a2-2dd9324f4241,jess love,https://play-lh.googleusercontent.com/a-/ALV-UjW6Oqz74HWsdEg1DC3c2RhwGSwYsm2Po9-4WPD_hkOfIZmGpgArtA,yall need to fix your crowd meter. I just went and almost every single machine was taken. the crowd meter said 2 bars....we had to leave. its not just my facility. look on reddit and you'll see everyone saying the same thing...,2,2,9.11.8,2026-01-06 08:40:19,"Thanks for bringing this to our attention, Jess! Please make sure you let management know about your concern with the crowed meter, so that they can address it asap. Thank you!",2025-12-10 09:16:54,9.11.8,com.planetfitness,Planet Fitness
f72ee268-c2ec-4d35-9143-b6b297d03ed9,Dennis Layman,https://play-lh.googleusercontent.com/a/ACg8ocLloRo2XHjjl5FxsW0k3yuzEq7kmr5zJ2rXK1YNwHHcxtMJ=mo,it's a great little app. keep track of my check in and workouts.,5,0,9.11.6,2026-01-05 23:48:14,"Thanks for the great feedback, Dannis! We’re glad the app’s helping you easily track your check-ins and workouts. We appreciate you being part of the Planet Fitness community!",2026-01-06 06:57:42,9.11.6,com.planetfitness,Planet Fitness
804719ba-70ca-4dfe-adc6-c7f026a196bc,Tyler Pratt,https://play-lh.googleusercontent.com/a-/ALV-UjWyroUxVkAQWvjUrTQa69kjlJjdOyzeZVDRr885FnaWgIf8O6oQ,they now require you to link a bank account to have a subscription. I don't know about anyone else but planet fitness is the absolute last place I'd trust to keep my bank account info secure.,1,0,9.11.3,2026-01-05 19:14:34,"Hi, Tyler. We require Electronic Funds Transfer through checking accounts for your convenience. This allows us to be able to continue your membership without interruption or the hassle of updating your payment information if your credit cards are lost/stolen. If you have any questions or concerns, feel free to call our club for more information.",2026-01-06 06:59:33,9.11.3,com.planetfitness,Planet Fitness
befb9795-6653-4a73-a662-3b9cb95be829,Keith Majors,https://play-lh.googleusercontent.com/a/ACg8ocLputU70zEuQdMYrVpqllKWwFxQ747WROTgfCP7TMUEq1rf4Q=mo,very informative,5,0,9.11.8,2026-01-05 18:55:31,"Thanks for the feedback, Keith! We’re glad you found the information helpful and appreciate you taking the time to share your experience.",2026-01-06 06:58:36,9.11.8,com.planetfitness,Planet Fitness
3dd2ac3e-635a-46ac-bb1e-3eb456823800,Richard Cimo,https://play-lh.googleusercontent.com/a-/ALV-UjVaUSoyhDm5QPcB2twXVE7G4S79yHErGERzhcrTWowTYkZd4n2S,it is. new yeat a d still no barcode widget..10/21- still waiting for a barcode widget......we need a barcode widget to make it easier to check in,2,2,9.11.8,2026-01-05 00:48:52,"Thanks for sharing your feedback with us! We're constantly working on ways to improve the PF App experience, so we'll be sure to pass this along for you.",2025-05-03 07:01:19,9.11.8,com.planetfitness,Planet Fitness
e5eccdd4-06ea-40e4-994a-18423512f343,Ericka Goerlitz,https://play-lh.googleusercontent.com/a-/ALV-UjWmxJyxKqTqSWVKUdaWoN9Fp4qJj_p4MLDb_h5FOczUF4gsPw,Not all locations offer on-site classes. Maybe consider updating the app to show class options only for locations where it's available.,5,1,9.11.8,2026-01-05 00:28:47,"Thanks for the feedback, Ericka! Class offerings can vary by location, so we recommend checking your home club’s webpage for the most up-to-date class schedule and availability. We appreciate you taking the time to share your thoughts.",2026-01-06 07:02:23,9.11.8,com.planetfitness,Planet Fitness
843020ba-13d5-43a0-9d05-601560af74ac,Mari Stoneman,https://play-lh.googleusercontent.com/a-/ALV-UjURxCglGdxD6gaIKMXLE2HqaK7Efo9C0j4saJK5x_XBYCYEhx_r,"this app is fantastic, makes it better to check in. the workout videos are a welcome addition.",5,0,9.11.8,2026-01-04 03:19:49,"Thanks for the great feedback, Mari! We’re glad to hear the app is making check-ins easier and that you’re enjoying the workout videos. We appreciate you being part of the Planet Fitness community",2026-01-06 07:03:15,9.11.8,com.planetfitness,Planet Fitness
ab72055c-30ed-415f-b5db-81cd9ef9b7bf,Madison Sherwood,https://play-lh.googleusercontent.com/a/ACg8ocKJOSlPrtGtT8PSKZ5aVpvqKU3f3KoEgYuxOehJZQusSKLmcV8=mo,"I can't even get past the enter email option when logging in. it buffers and stays on the same page. at 1.8 million or more in annual revenue, make a bloody app that works.",1,0,9.11.8,2026-01-04 00:41:43,"Hi, Madison! Please email us at social@planetfitness.com, so we can assist you further with any app issues. Thank you!",2026-01-07 08:00:01,9.11.8,com.planetfitness,Planet Fitness
e44718b0-eefb-4305-947e-7d8d8b4d57d6,Scott R,https://play-lh.googleusercontent.com/a-/ALV-UjVKJ6k_CbPzU1-Gq9E206rMBmXZmg1oLsGzk-UI5PhDNe__zpw-kw,"let's be clear there promotion are more then they say. that being said,they don't except cash app so there that",3,0,9.11.8,2026-01-03 06:30:33,,,9.11.8,com.planetfitness,Planet Fitness
7bfc1978-bd21-4cef-b85c-9a1e04a2c6f3,Kay,https://play-lh.googleusercontent.com/a/ACg8ocLYA2PmHAWS2R77Jr9Ov9Ja7KCyhrMwQsgPUDMmaOvRpMjwHw=mo,it's surprisingly effective,5,0,1.5.7,2026-02-19 15:34:28,,,1.5.7,homeworkout.homeworkouts.noequipment,Home Workout - No Equipment
558931ab-353e-4e76-a2f2-a5d2ee7e662a,Ryan Wedenberg,https://play-lh.googleusercontent.com/a-/ALV-UjUd3q02DP-6lIqUn0rFgM2eq9oLJg3QaVM22rKDiz_YgGlK3EXJ,Good,5,0,1.6.3,2026-02-19 15:03:28,,,1.6.3,homeworkout.homeworkouts.noequipment,Home Workout - No Equipment
16667d31-fd64-4c83-a4e1-827f2856f99a,Knight Scott,https://play-lh.googleusercontent.com/a/ACg8ocK4L0VQRzW7CbwMLVqXVKxRhJjpQ--i9vowYXKd5kCrKvZ2Ng=mo,as young 13 year old self conscious teenager I found this app to work really good and I suggest others to use it to it really helps,5,0,1.6.7,2026-02-19 14:47:40,,,1.6.7,homeworkout.homeworkouts.noequipment,Home Workout - No Equipment
c7d9c271-93ac-48db-8a21-9108eb3974ad,Devraj sharma Sharma,https://play-lh.googleusercontent.com/a/ACg8ocL_7clwyPuYCvZZnRbhiFWhMlFKkUcQVbjuX2XUnD3XRLVK6Q=mo,good aap for home workout,5,0,1.6.7,2026-02-19 14:25:39,,,1.6.7,homeworkout.homeworkouts.noequipment,Home Workout - No Equipment
b79b70d8-27c1-4cad-b19c-aa9c638fb7ac,Rehma Amandeh,https://play-lh.googleusercontent.com/a/ACg8ocJsAM23m4hzg2cTNYXd0jG_L_nvPSolgKjF8hqW4yNjbFg5og=mo,I feel reborn ❤️❤️❤️,5,0,1.6.7,2026-02-19 14:23:00,,,1.6.7,homeworkout.homeworkouts.noequipment,Home Workout - No Equipment
4d4f9ce7-b1f4-4bc4-b2df-4a0be1ad50c0,David,https://play-lh.googleusercontent.com/a/ACg8ocLvyQcGJbxYQ4yzFbNZvBKV8GR-Nz0qucocl8jBwIqZuiWYGQ=mo,It is Effective,5,0,1.6.3,2026-02-19 14:15:43,,,1.6.3,homeworkout.homeworkouts.noequipment,Home Workout - No Equipment
c6f43e7d-2692-4d9a-867f-d836b8768455,Harshil Kumar,https://play-lh.googleusercontent.com/a/ACg8ocITZvvZySZEOnyY27iu0xLwVg-DmHklzfYLgQnWzOYcuXzbug=mo,good,5,0,1.6.7,2026-02-19 13:54:14,,,1.6.7,homeworkout.homeworkouts.noequipment,Home Workout - No Equipment
371490a1-b288-4b1c-9c20-74f314c3fa74,Moki Jr,https://play-lh.googleusercontent.com/a-/ALV-UjXzq8EhY6lmAUyAOmkSLpVCHFVWX06DRbOeTT6_TzCn-PPtPH61,Its easy to use.,5,0,1.6.3,2026-02-19 13:41:00,,,1.6.3,homeworkout.homeworkouts.noequipment,Home Workout - No Equipment
6e66acc4-9f3a-44d1-b25b-b1812a49bdde,Kakajo Joha,https://play-lh.googleusercontent.com/a/ACg8ocJMLf2ruQujRpdr_x9PA-WM99VHDYwmNQ4o8JSS_QhA_AW6Wg=mo,asome,5,0,1.6.7,2026-02-19 13:35:21,,,1.6.7,homeworkout.homeworkouts.noequipment,Home Workout - No Equipment
5ef19723-6028-4f6b-b95d-706cdf003f03,OGUNDIMU AYOMIDE,https://play-lh.googleusercontent.com/a/ACg8ocJl6pFBNZdLxFbFVTcmuwNK10zITPHJKlDwY9Xfp_YUyWUhIw=mo,Fitness friendly,5,0,1.6.3,2026-02-19 13:30:13,,,1.6.3,homeworkout.homeworkouts.noequipment,Home Workout - No Equipment
becb3bed-f7ce-43ea-8dcb-edf04943007d,ajay wadhwani,https://play-lh.googleusercontent.com/a/ACg8ocJNHS1mUGPJHiM1-XWWxlm8ixAb2vARztZnunrw1yV9LwVnBw=mo,best app,5,0,1.6.7,2026-02-19 13:11:47,,,1.6.7,homeworkout.homeworkouts.noequipment,Home Workout - No Equipment
04eacf3b-86ac-4904-8485-20a8c9bf4d77,Kufre Jeremiah,https://play-lh.googleusercontent.com/a/ACg8ocJDZkqwTdsKptW0NBYI1Es2aQWNKtZ3BCVOXAv_T50etd7CbA=mo,this is the best I love it ❤️🥰🥰💪💪💪,5,0,1.6.7,2026-02-19 13:09:48,,,1.6.7,homeworkout.homeworkouts.noequipment,Home Workout - No Equipment
5e47af8e-d7ce-4b6c-9d17-0dea7ead41f9,kanchan agrawal,https://play-lh.googleusercontent.com/a-/ALV-UjV9KWrVkNhOtYZLaoV9tsyerlErjezfUhxDRd6H4GqOU8svJuD-,it's very good app,5,0,1.6.3,2026-02-19 12:55:28,,,1.6.3,homeworkout.homeworkouts.noequipment,Home Workout - No Equipment
8eafc2ff-4593-4cc9-9011-7564d30af09b,Puspa Paija,https://play-lh.googleusercontent.com/a-/ALV-UjUzy2CEM1btaBQTfddevbC69k_HyQofpyFLGCnnqeKlcE-b4SEy,nice,5,0,1.6.3,2026-02-19 12:33:07,,,1.6.3,homeworkout.homeworkouts.noequipment,Home Workout - No Equipment
204461df-150c-44cc-96b7-b1cf405ea076,Sarika Phadke,https://play-lh.googleusercontent.com/a/ACg8ocKhD8BE4PdIGEN1e7gkTzCd4dxTyed5v98uUQbN3lavNlMFpQEK=mo,really working,5,0,1.6.3,2026-02-19 12:31:00,,,1.6.3,homeworkout.homeworkouts.noequipment,Home Workout - No Equipment
c0bd132d-12f3-4d62-8ed2-13bcd4bf5500,Olatuja Victor,https://play-lh.googleusercontent.com/a-/ALV-UjXQuVz_J6pa4kN-W3jolIhx6pbOyvsZ24tz915DptGosAcXWLSI,splendid.,5,0,1.6.7,2026-02-19 12:08:37,,,1.6.7,homeworkout.homeworkouts.noequipment,Home Workout - No Equipment
288676a5-1af9-4344-9527-ed2d3af5a5e2,Shiva Magar,https://play-lh.googleusercontent.com/a-/ALV-UjWd_q-FWHFwqlstMIN0Xsplmi2iUqxUlELF0BjLrFZKaJua36MX,best for making you beast,5,0,1.6.3,2026-02-19 12:05:54,,,1.6.3,homeworkout.homeworkouts.noequipment,Home Workout - No Equipment
a01b0375-fead-4b52-b1e5-7d912d42716d,Dastar Pokoti,https://play-lh.googleusercontent.com/a/ACg8ocJOSKgnBaM_16m8XDOYvBt_lVMjLSH2culn1s0y6XtdIFg4Mg=mo,"easy to follow and well explained, better results",5,0,1.6.3,2026-02-19 11:58:17,,,1.6.3,homeworkout.homeworkouts.noequipment,Home Workout - No Equipment
3bd2c5f4-21cd-40ab-aded-2cdba41f353a,Rohit Rohit,https://play-lh.googleusercontent.com/a/ACg8ocK_zaQK3NBsESbOUlbt2qG-xvhoEfpIPj13aXUnWSpiUhwnwA=mo,good work and pumping gin best full bro,5,0,1.6.7,2026-02-19 11:57:43,,,1.6.7,homeworkout.homeworkouts.noequipment,Home Workout - No Equipment
eea3f3ef-3327-40d5-827c-864996ffde9d,Vinya Pk,https://play-lh.googleusercontent.com/a/ACg8ocLstgYkJjIy7_Rhfls11IWGHfE_dcY1to2nYC2_tu1Ve0TCpp4=mo,good,5,0,1.6.3,2026-02-19 11:38:30,,,1.6.3,homeworkout.homeworkouts.noequipment,Home Workout - No Equipment
920fbacd-e0ea-4b65-bd7a-80718a7a5722,AnAndhu Adoor,https://play-lh.googleusercontent.com/a-/ALV-UjVJ-Hj6I9KNzZyrwNl6bROY2nI4XwghQHPw7h200zBj0nNHUoLvWw,👍gd app,5,0,1.6.7,2026-02-19 11:25:31,,,1.6.7,homeworkout.homeworkouts.noequipment,Home Workout - No Equipment
3a8ad6ac-ee10-43b8-aa05-9ed2661a5f44,Moss,https://play-lh.googleusercontent.com/a/ACg8ocK8QgRvxUGU_hfzwoTWFWYWisC7lVfOscguC8u35lvqqaOfFQ=mo,awesome I've learned some new workouts and got some muscle to,5,0,1.6.7,2026-02-19 11:21:54,,,1.6.7,homeworkout.homeworkouts.noequipment,Home Workout - No Equipment
92e45a12-9058-4434-9b24-adcc58c90ea0,Daniel C. Skillz,https://play-lh.googleusercontent.com/a-/ALV-UjWjFvBZeUAbq11_NE5uSFP8o_r0M3vY5ePbTGYTeCAwIH0U9abr,Great app. I've been seeing some real changes since I started using the app,5,0,1.6.3,2026-02-19 11:11:43,,,1.6.3,homeworkout.homeworkouts.noequipment,Home Workout - No Equipment
2b06f224-1bec-44b0-a58d-9db6dd2d5b3b,Shreyash Pathak,https://play-lh.googleusercontent.com/a-/ALV-UjWt8U1pFAudURxDK8-bfV9jDA49wH7TfPvHJD92B2n19DAh0ps,"I HAVE TRIED MANY APPS FOR HOME WORKOUT BUT LITERALLY THIS IS THE BEST ONE AS IT TELLS YOU WHAT TO DO, HOW TO DO AND WHEN TO DO. IT'S MY FAVOURITE APP FOR EXERCISE.",5,0,,2026-02-19 11:04:37,,,,homeworkout.homeworkouts.noequipment,Home Workout - No Equipment
3f1fda48-ac9e-42bf-827f-135dc451a49d,Isaiah Obatona,https://play-lh.googleusercontent.com/a/ACg8ocIuwz6V_lS9Bnnl3h4eRw9Nk6Caepbq97FldHZx0pp_BgdJaA=mo,I recommend this app,5,0,1.6.7,2026-02-19 10:54:23,,,1.6.7,homeworkout.homeworkouts.noequipment,Home Workout - No Equipment
e1d6196a-da80-4c84-9167-35a9b64d942f,Ali Emmanuel,https://play-lh.googleusercontent.com/a-/ALV-UjXsGL4VS4WMcJlSQ5q8nDBSu4C-pxDLZnoumoHP_m6oJKR7dEs,I like it,5,0,1.6.7,2026-02-19 10:52:14,,,1.6.7,homeworkout.homeworkouts.noequipment,Home Workout - No Equipment
6b8cd199-4fa4-4177-9d45-68c8f01585a9,Draco Pusateri,https://play-lh.googleusercontent.com/a/ACg8ocJ_pg7JouExdskVL_mJ42O0ut_0HLYZRavfewKkYrcBM-jK5w=mo,"It's a good app, but you have to pay for it",5,0,1.6.3,2026-02-19 10:45:26,,,1.6.3,homeworkout.homeworkouts.noequipment,Home Workout - No Equipment
dd281183-0c2c-4772-8e42-c9365f78093e,Luck,https://play-lh.googleusercontent.com/a/ACg8ocKKcuQ6u18vpSoKXUZOCad3FOL_B0fVZ8hGfHsXzoHPKi24Lg=mo,nice,3,0,1.6.7,2026-02-19 10:35:32,,,1.6.7,homeworkout.homeworkouts.noequipment,Home Workout - No Equipment
3e47f046-beba-4e6c-9930-10522bb019ae,Vansh Jannat,https://play-lh.googleusercontent.com/a/ACg8ocJCwJYdgrulJGL9yUJzrTZYwAB-gTIDI2RGbGkOrr0mqlH2iA=mo,cool app,5,0,1.6.7,2026-02-19 10:32:27,,,1.6.7,homeworkout.homeworkouts.noequipment,Home Workout - No Equipment
dc38e906-a596-4a2a-9e48-626bffe36717,Shivji Varma,https://play-lh.googleusercontent.com/a/ACg8ocIEyIEhjEoKCQcG-yJkx_qi_iZiGLmrADpiRFOF1ZEJ1vgrEw=mo,👍,5,0,1.6.7,2026-02-19 10:21:29,,,1.6.7,homeworkout.homeworkouts.noequipment,Home Workout - No Equipment
f457638f-fdab-4fd0-a6b6-87f473ade149,Siddarth H M,https://play-lh.googleusercontent.com/a-/ALV-UjUMtdw5dFK-UjMymLjmJS8iXV7HmXPDLtJ_EFtyp0o3A6f1jtg,Love li,5,0,,2026-02-19 10:14:27,,,,homeworkout.homeworkouts.noequipment,Home Workout - No Equipment
d80595db-775b-4d80-aea8-11c25fa1c5fb,Mariam Ahmed,https://play-lh.googleusercontent.com/a/ACg8ocLyou7YUyS_n4TV3F5r5ONM3xGlD7dm_xm8BzAPB_44itBO8g=mo,تطبيق جميل ومفيد للغايه,5,0,1.6.7,2026-02-19 09:29:54,,,1.6.7,homeworkout.homeworkouts.noequipment,Home Workout - No Equipment
02ba23ec-ab12-4eb7-a21d-f7fca5b9d106,MR. Cooper,https://play-lh.googleusercontent.com/a-/ALV-UjXriSjHosxXd9Abw1gl3GztWBQ1YPkRCTHqCwGbjJKSceRSQp0I,"Yeah, awesome.",5,0,1.6.3,2026-02-19 09:24:06,,,1.6.3,homeworkout.homeworkouts.noequipment,Home Workout - No Equipment
506df948-d4be-4f7a-83b1-aeb20753033f,Rahu gowda,https://play-lh.googleusercontent.com/a-/ALV-UjUZaONu6ChnUL48Kz1es5W44NqRJ7fqK1YBZaMLHXFJjj4a4Azw,good,5,0,1.6.3,2026-02-19 08:54:56,,,1.6.3,homeworkout.homeworkouts.noequipment,Home Workout - No Equipment
23eaa4d0-9cfa-46e4-a12d-cf4acd4c3dcd,Mercy Oduor,https://play-lh.googleusercontent.com/a-/ALV-UjVcaE6sR8joSZYswEDxtoViCbq1O2Mwm8y9a4aYRmXTMyFTtA6Gfg,very exceptional,5,0,1.6.3,2026-02-19 08:23:13,,,1.6.3,homeworkout.homeworkouts.noequipment,Home Workout - No Equipment
8d6d30da-36a7-4519-81b5-717426b5661e,sachin pal,https://play-lh.googleusercontent.com/a-/ALV-UjU9M1SFQz2lte58D1oN13UNt5ov7gHfwnPl1SAX5w15R17LWXgr,good,5,0,1.6.3,2026-02-19 08:17:17,,,1.6.3,homeworkout.homeworkouts.noequipment,Home Workout - No Equipment
482e6f33-82c2-47aa-b945-7fb182139316,Dark Night,https://play-lh.googleusercontent.com/a-/ALV-UjUZeRggJG35lM-X3HGlUCV3Zu4hNA-KwadlmvXWO42GTW0EUYFS,best app,5,0,1.6.6,2026-02-19 07:56:36,,,1.6.6,homeworkout.homeworkouts.noequipment,Home Workout - No Equipment
864e81ff-7941-4b31-b0ce-54232ec03efb,Muhib Ali,https://play-lh.googleusercontent.com/a/ACg8ocLFTiX4KnqVuKll0Y6H5xCN6u3tVhFxxKWQUAhjP5-lOm_a0Q=mo,It is very good app,5,0,1.6.7,2026-02-19 07:52:11,,,1.6.7,homeworkout.homeworkouts.noequipment,Home Workout - No Equipment
1c55e1d9-f9a3-451e-abd1-5f608aea607d,Wilson Mazariegos,https://play-lh.googleusercontent.com/a/ACg8ocJ6eOPjCwE56uyyxajfnqN7PF7gC1A_u5zOxl7WskIzdkhj_w=mo,very helpful and contains a lot of fun and challenging work outs,5,0,1.6.3,2026-02-19 07:50:52,,,1.6.3,homeworkout.homeworkouts.noequipment,Home Workout - No Equipment
fe236855-6860-4b51-9eb9-e64461511e97,Rohan kumar Sah,https://play-lh.googleusercontent.com/a-/ALV-UjW2ClAlP8be6kpjg8cd_zPKTrqEoinIK7tRUDpczwn2zFmO7rM,the best,5,0,1.6.7,2026-02-19 07:36:47,,,1.6.7,homeworkout.homeworkouts.noequipment,Home Workout - No Equipment
582aa3ba-953f-4485-a483-399902e76b3f,ram rammy,https://play-lh.googleusercontent.com/a/ACg8ocJeyM2SymOugrqy6VMe0qAuYXsDmmoPFRTR-qiCLb7AdTj8JZE=mo,nice,5,0,1.6.7,2026-02-19 07:36:36,,,1.6.7,homeworkout.homeworkouts.noequipment,Home Workout - No Equipment
08a74d72-24ad-4950-94db-4efeddcc980f,Kamala Rawal,https://play-lh.googleusercontent.com/a/ACg8ocLA_UUV06sCRmKI8RF3wZomhn4nJF54qbwU4tLii79aOoSErg=mo,I love this app,5,0,,2026-02-19 07:33:23,,,,homeworkout.homeworkouts.noequipment,Home Workout - No Equipment
4867a128-5d73-4f88-b65a-61ec09559347,Om Dhope,https://play-lh.googleusercontent.com/a/ACg8ocJfJ7y15_1NxxrtUF9A7a9gPUMa4RL4MsDSw6efLDiF7NE3jA=mo,it can get 5 but only starting workout is free not all workouts,4,0,1.6.7,2026-02-19 07:27:32,,,1.6.7,homeworkout.homeworkouts.noequipment,Home Workout - No Equipment
064abcb6-fced-4e53-9268-f09c1a382822,ANURAG YADAV,https://play-lh.googleusercontent.com/a-/ALV-UjUUKk0wle-L4xSbFCkRbj718zvc9ctexBF_nQ2GNn9lzuJPvLBc,nice app for workout it's give me lot of motivation and I also see changes in my body,5,0,,2026-02-19 07:10:31,,,,homeworkout.homeworkouts.noequipment,Home Workout - No Equipment
a6ff5dfe-d26c-44ad-b7c9-a6c74645fa01,Jatin Sheth,https://play-lh.googleusercontent.com/a/ACg8ocJBmoQpivtEkX9Yz99a0b1rPKhkoGaTfEGtWNCqB5CHTa6z-w=mo,very good,5,0,1.6.7,2026-02-19 06:41:32,,,1.6.7,homeworkout.homeworkouts.noequipment,Home Workout - No Equipment
8785c4e2-ab07-4e8d-b8c3-b2a647212aac,Ravikishore Chandanam,https://play-lh.googleusercontent.com/a-/ALV-UjUMZSExXK8O60dtgyNvO1V7WUnvULgqdj32emEvGG4ZMDLRvl9E,one of my daily opening app,5,0,1.6.7,2026-02-19 06:15:31,,,1.6.7,homeworkout.homeworkouts.noequipment,Home Workout - No Equipment
62d8763f-61af-4c33-97f4-58360b70a9e5,Xavier Bonitatis,https://play-lh.googleusercontent.com/a/ACg8ocI3QpmGTslWJU17jvwtJH52xNgT6FTm9aNJMeEs4Ifc4nV0bQ=mo,Love this,5,0,1.6.7,2026-02-19 06:12:20,,,1.6.7,homeworkout.homeworkouts.noequipment,Home Workout - No Equipment
557e7c1e-a79a-4926-b2ba-f7454be8199d,Dason Tubbs,https://play-lh.googleusercontent.com/a/ACg8ocKsdoOU0qidT2CcriDZeOZ0Oo83yTwPt0EVZBTPGcbjmH6XAw=mo,love this app im working out how i wanted to,5,0,1.6.7,2026-02-19 05:58:01,,,1.6.7,homeworkout.homeworkouts.noequipment,Home Workout - No Equipment
b68dfdec-a365-4a9f-a99a-a076f29983cb,Yash Sharma 51,https://play-lh.googleusercontent.com/a-/ALV-UjVDqzsEOKS1FvbNdDgu6BckseBFfP54ZwdOq5bv0A-8uW399u8,A very nice workout app if you don't want to go gym or you don't have dumbells at home you can try this,5,0,,2026-02-19 05:52:39,,,,homeworkout.homeworkouts.noequipment,Home Workout - No Equipment
1dfce221-8169-4f6d-828b-840c4d7fad5e,Yasir,https://play-lh.googleusercontent.com/a/ACg8ocLUFWI9BHrlsnJMLddEo6BhOCHR9nMjrFvqDHkF4rEFGZoKVA=mo,very useful app for me 🐱😸,5,0,1.6.7,2026-02-19 05:48:26,,,1.6.7,homeworkout.homeworkouts.noequipment,Home Workout - No Equipment
c5773a99-df66-460b-9237-3082bb02d165,Arun Jatav,https://play-lh.googleusercontent.com/a/ACg8ocJTxR6kdva5FcROJzgrjUTo1HBQVo3TUSRfqK6J_jMlETtWcA=mo,wow,5,0,1.6.3,2026-02-19 05:43:59,,,1.6.3,homeworkout.homeworkouts.noequipment,Home Workout - No Equipment
469b5d44-4b5d-4217-a90a-3a303032e078,Kunmao,https://play-lh.googleusercontent.com/a-/ALV-UjVXLQotontlglR_ZnbtdihrLye6zJCMve4Jl4FmFBkt9I1s1Ksi,"full of ai slop and despite saying I couldnt do any jumping (I luve in an apartment) and saying that I could only do 3-4 pushups AND that I had shoulder pain, the very first routine it gives me is jumping jacks and 4 different kinds of pushups for like 12 total pushups. while looking for the cancel subscription button (which there isnt one in the app btw, I had to go into Google play to cancel) it forced me to start the routine. garbage app, asks a million questions it doesn't even account for",1,0,,2026-02-19 05:43:40,,,,homeworkout.homeworkouts.noequipment,Home Workout - No Equipment
5b5e9a0c-7240-45ae-9288-57350abdd372,Zari Thompson,https://play-lh.googleusercontent.com/a/ACg8ocIddHTOGeKxNu5lVqPriVQqEUMfUaA_LIsr6_axrpKytjRC1w=mo,best work out app ever,5,0,1.6.3,2026-02-19 05:13:10,,,1.6.3,homeworkout.homeworkouts.noequipment,Home Workout - No Equipment
5b7eda61-599a-4657-b3a9-db1bde4456de,Varun Avhad,https://play-lh.googleusercontent.com/a/ACg8ocK3R7vhpp6xKWxQlzdLU30KE2DpKK7boDuACFODhNIP_S7d_w=mo,nice app,5,0,1.6.7,2026-02-19 04:58:20,,,1.6.7,homeworkout.homeworkouts.noequipment,Home Workout - No Equipment
122086c5-9cd3-40df-b6d3-4e50cb3401d8,Leo H,https://play-lh.googleusercontent.com/a/ACg8ocLuQrERdeckqNNisgjBkiXblWIqbDs8e5NR2I_EwyXFL8knFA=mo,It is very good,5,0,1.6.7,2026-02-19 04:31:44,,,1.6.7,homeworkout.homeworkouts.noequipment,Home Workout - No Equipment
29a8621b-bbb1-4d8d-bd3f-d487cf56e5c0,Jerris,https://play-lh.googleusercontent.com/a-/ALV-UjUU0TEzzugPXFXIyZL71QR3Boi-st48IgYoUVskkeDWcBMCvJc,there was really no add and it gives u a really good workout based on ur choices and even makes a food plan for you,5,0,1.6.3,2026-02-19 04:18:14,,,1.6.3,homeworkout.homeworkouts.noequipment,Home Workout - No Equipment
7b98bf93-22cc-485f-ac87-a925aae9ebd2,Prem Kumar,https://play-lh.googleusercontent.com/a/ACg8ocKFLrzPEeCoo8FSRAkiUug8H0mRyeYXRGGfQ5V65hmHK5j7zw=mo,best work out app 💪,5,0,1.6.3,2026-02-19 03:56:33,,,1.6.3,homeworkout.homeworkouts.noequipment,Home Workout - No Equipment
ae4c062f-d854-4433-b4fd-00f71150f947,Natividad López,https://play-lh.googleusercontent.com/a-/ALV-UjUTRRn2IaqWPecqolRc1rCJtzUWj5ZWEbY4KzTQh-jgg15TUtY,esta muy bueno le doy un 10 de 10,5,0,1.6.3,2026-02-19 03:48:37,,,1.6.3,homeworkout.homeworkouts.noequipment,Home Workout - No Equipment
8917482c-7d1f-4e17-88f3-3a8c6db7d454,Major Khayr,https://play-lh.googleusercontent.com/a/ACg8ocLMf4H1Z3HtQq46T0Gy-2Wd024Nr065zLyh_NuCLiFn_7fR1g=mo,I really enjoy is as a beginner,5,0,1.6.3,2026-02-19 03:05:07,,,1.6.3,homeworkout.homeworkouts.noequipment,Home Workout - No Equipment
b21e47b0-5a03-4f71-addf-0dbd197ff12c,Ahmad Ayman,https://play-lh.googleusercontent.com/a-/ALV-UjVmS24CjT8jtYFr483sMORCDSnlT0KRdzKAim5EwImEhv-eYpDy,"Helped me alot, great app!",5,0,1.6.7,2026-02-19 02:38:15,,,1.6.7,homeworkout.homeworkouts.noequipment,Home Workout - No Equipment
1eeadc64-8d54-4b93-afb5-da8bc8332502,Tochukwu Okechukwu,https://play-lh.googleusercontent.com/a/ACg8ocL2f3teMwlaL0l6_WwbG71Mvpj-ZQiYxab8tl7dQ6uo8tRF6Q=mo,exhilarating,5,0,1.6.3,2026-02-19 01:52:32,,,1.6.3,homeworkout.homeworkouts.noequipment,Home Workout - No Equipment
19846eca-1aba-4473-9b1e-ad602967c3bb,Jerry Phiri,https://play-lh.googleusercontent.com/a-/ALV-UjV2rdC6eh2cCku-pJNsdwAxsKLhdgx_uIWCmnpSTDvEAM9er4Y,first day hurts but once u get used it feels nice,5,0,1.6.7,2026-02-19 01:47:30,,,1.6.7,homeworkout.homeworkouts.noequipment,Home Workout - No Equipment
44aa1eee-68ee-4772-b8b2-68afd725a08e,Kendrick Thacker,https://play-lh.googleusercontent.com/a-/ALV-UjW8-JqyhHhW5GbrzRYc8XnngBPb_xgMDFWT-zIvtwe1rH-ZDgEm,best app,5,0,1.6.3,2026-02-19 01:42:38,,,1.6.3,homeworkout.homeworkouts.noequipment,Home Workout - No Equipment
ad03d532-1038-403f-9a2d-f75a1a65bf4f,Mthokozisi Mnguni,https://play-lh.googleusercontent.com/a/ACg8ocLUEtTNdr7jW8oNqFRMGJwCdn7niI531gmTb48pvOjgXngNeA=mo,super hard but im pushing,5,0,1.6.7,2026-02-19 01:32:03,,,1.6.7,homeworkout.homeworkouts.noequipment,Home Workout - No Equipment
bbe9beab-d4f6-4c6f-b56e-92a081c7dd77,Matthew Ezu,https://play-lh.googleusercontent.com/a-/ALV-UjU1cY31ol_T_Z7BhGRrtQVT7Omu7w9ySB_BnUQ59w5vntMPCg0,best workout app for me,5,0,1.6.3,2026-02-19 01:26:00,,,1.6.3,homeworkout.homeworkouts.noequipment,Home Workout - No Equipment
ebcb9901-ac61-413d-b212-ba7e76fef9ae,wally Drawing,https://play-lh.googleusercontent.com/a-/ALV-UjWZwn6zhlZ5FrxLfHrRlIADs_HCeS_yXmn3HlN-nn0KIOiEzZcz,🐱👍🏽,5,0,,2026-02-19 01:21:52,,,,homeworkout.homeworkouts.noequipment,Home Workout - No Equipment
c0409ce3-9ffc-43d9-ae0c-4c02ee134cb0,Steven Moore,https://play-lh.googleusercontent.com/a/ACg8ocK3nRhon3M1e7oP2AJKO0STlhrlgDs5Q8RvLiD9aBkvJlbY=mo,Good Work Out,5,0,1.6.7,2026-02-19 01:16:06,,,1.6.7,homeworkout.homeworkouts.noequipment,Home Workout - No Equipment
06047951-a762-40a9-811e-52194d17b35a,Kapembati Solomon,https://play-lh.googleusercontent.com/a-/ALV-UjUd-ybpu1cvtyJqReFSy8G7nTtVdCS8QadkUbehJIaA96YJk8I,it just build my body,5,0,1.6.7,2026-02-19 01:04:00,,,1.6.7,homeworkout.homeworkouts.noequipment,Home Workout - No Equipment
9324ed56-3e3a-47fd-a9ff-427eace90c9d,joseph ishimwe,https://play-lh.googleusercontent.com/a-/ALV-UjXBNnZc6PaNTyGvBcw2oDFT37qf5GLgNFf6j1a7OqFLEUiej9HA,the perfect app.,5,0,1.6.7,2026-02-19 00:14:00,,,1.6.7,homeworkout.homeworkouts.noequipment,Home Workout - No Equipment
88f89510-fb66-4a54-b752-24c679958367,Subject_X,https://play-lh.googleusercontent.com/a-/ALV-UjWK3YMBHt6NnkBballT-kNZwDiRUxUTZUaY1iATA9aJmOkFYB4,great app for fat people,5,0,,2026-02-19 00:01:12,,,,homeworkout.homeworkouts.noequipment,Home Workout - No Equipment
d4288572-445e-41de-9c1d-a5cf1afe7bff,Ndlovu Hlalala,https://play-lh.googleusercontent.com/a-/ALV-UjXKvK1Q-jfrBCWIqEglv1w2qJK00x0T9EBU2Zv58ZM7r69a3Fk,"great APP for home workout, I would recommend.",5,0,,2026-02-18 23:21:48,,,,homeworkout.homeworkouts.noequipment,Home Workout - No Equipment
4cb23ada-272b-4cc3-b813-ff250301bf03,Raju,https://play-lh.googleusercontent.com/a-/ALV-UjW6wh8rAxKeU0CVxxsQWvfSEO0OCFI3hCvFPsNHEEbBdcrnIPS1,this app is good🫡😎,5,0,1.6.3,2026-02-18 23:17:31,,,1.6.3,homeworkout.homeworkouts.noequipment,Home Workout - No Equipment
d47545c2-13ee-4ae0-9cd8-679095faff0b,Toxic Assassin Mortis,https://play-lh.googleusercontent.com/a-/ALV-UjWTJMQrergJRNGjAIvqSqhEW7z_x4A4wkwvTnbA8S8JikmiMqQk,Excellent application. I've started using it to start getting stronger and it's helping me. it can go easier on you if it's too hard and I'm glad they added that. I hope they keep improving it so it becomes an even better application to help other people trying to workout.,5,0,1.6.7,2026-02-18 23:02:32,,,1.6.7,homeworkout.homeworkouts.noequipment,Home Workout - No Equipment
e5cce6dd-f35e-4da0-9e1c-e4d1df6138c9,Mdm Mirja,https://play-lh.googleusercontent.com/a/ACg8ocJ1XrRc-NX6wvohJ-1jiB6-VOfF1E-USESjDuc8at9lRZRw2Q=mo,it's very good actually for me,5,0,1.6.3,2026-02-18 23:02:03,,,1.6.3,homeworkout.homeworkouts.noequipment,Home Workout - No Equipment
6665eb51-1fe6-414a-9c82-15a2a2280867,Taxplayer Tebza,https://play-lh.googleusercontent.com/a/ACg8ocKWpW7ikB32DiJUe-71PJnchLA5Zxc74gF5yspATaeQ4cNAGg=mo,good 🫡,4,0,1.6.3,2026-02-18 22:45:56,,,1.6.3,homeworkout.homeworkouts.noequipment,Home Workout - No Equipment
3284cfc1-ff0a-41d8-aeca-1267ce7015ad,IsmaiL Hosen,https://play-lh.googleusercontent.com/a/ACg8ocKFs8vRHEw2LWYYv0YDENnwXMyNeLBB05MEPl_lehzshh-cvQ=mo,nais,5,0,1.6.7,2026-02-18 22:34:54,,,1.6.7,homeworkout.homeworkouts.noequipment,Home Workout - No Equipment
0f7a0740-5cac-493d-9395-33a6981a6376,Mehwish Imran,https://play-lh.googleusercontent.com/a-/ALV-UjUKHD-mkvcBK254ta7mgsAaMVAQT0hepbeze0F-6Qu4vqab0ek,great app,5,0,1.6.7,2026-02-18 22:27:15,,,1.6.7,homeworkout.homeworkouts.noequipment,Home Workout - No Equipment
bca1592b-5018-496a-aead-7e613dbd2cd1,Alyona Che,https://play-lh.googleusercontent.com/a-/ALV-UjUwYYZrJ8QJT1QBjF1Fhn-VgukIsXUhV0R4r9gsD6pyaHGUF_aR,"great ap for short trainings at home, when there is no time for anything else. Ads are minimal, workouts are good, the app is great.",5,0,1.6.3,2026-02-18 22:26:09,,,1.6.3,homeworkout.homeworkouts.noequipment,Home Workout - No Equipment
3d39add4-b87e-4c72-9482-2d5296ec74f7,Emmanuel Chipalo,https://play-lh.googleusercontent.com/a-/ALV-UjXlcu9qzFCD5GBOgBRyBHgZXRP5K-c5fJVN41dX0s3KWg40jFg,"it's okay but you should add an option for a workout time table for what body parts are worked out on a specific day, please consider this for athletes",5,0,1.6.3,2026-02-18 22:17:07,,,1.6.3,homeworkout.homeworkouts.noequipment,Home Workout - No Equipment
ec42ff74-42c2-423e-a36c-073f0088c982,Adi Puopde,https://play-lh.googleusercontent.com/a/ACg8ocJYyKj1SbiyKoJ5a_rSqVh4DBkjFqFdw4lkIX-UypoBO3FjqA=mo,wonderful 😊,5,0,,2026-02-18 22:14:08,,,,homeworkout.homeworkouts.noequipment,Home Workout - No Equipment
5a596e28-6d56-4ac0-af4e-b47a8613c5b5,Gregory Chu,https://play-lh.googleusercontent.com/a-/ALV-UjXJAxukEy3bXfMbi7mxPNLC1nTfkZlZjwkXeB0Xm8lc5qQB4Y4Z,Good free exercise app,5,0,1.6.7,2026-02-18 22:00:34,,,1.6.7,homeworkout.homeworkouts.noequipment,Home Workout - No Equipment
aae2a2c7-fdaf-49b8-ab90-79f354f71886,Sohaib Class 9,https://play-lh.googleusercontent.com/a-/ALV-UjVKDwNQCxN3jdiB3K-CpYPwMsi2TJojpkKHzWBDVJ4FsjD2wLQ,great for not having any equipment,5,0,1.6.3,2026-02-18 21:49:59,,,1.6.3,homeworkout.homeworkouts.noequipment,Home Workout - No Equipment
16ef5415-c902-4913-9fb4-1783eb42b6c9,Mohammad javad Telgerdi,https://play-lh.googleusercontent.com/a/ACg8ocIqu3og9CMQX0KUkjM-dd07b-udEdZGShMKzZtZedDfyv2B-g=mo,عالی بسیار کار آمد,5,0,1.6.3,2026-02-18 21:48:22,,,1.6.3,homeworkout.homeworkouts.noequipment,Home Workout - No Equipment
545d6e1b-ef61-466a-8014-1f706fc12ebe,yosef assefa,https://play-lh.googleusercontent.com/a/ACg8ocIXRPxz2qLruDJ60bDuFSKisT2EH1wB5uXcJzXm-8C6iBjETw=mo,best,5,0,1.6.3,2026-02-18 21:48:05,,,1.6.3,homeworkout.homeworkouts.noequipment,Home Workout - No Equipment
92c652ad-08ba-4435-8be0-7877896a32cb,Dinesh Prajapati,https://play-lh.googleusercontent.com/a/ACg8ocKY-TRpHi7K5NhcG4FI20IZ7m7vEGTK0rT4CZXwWnHXjXYCcQ=mo,great,4,0,1.6.7,2026-02-18 21:37:46,,,1.6.7,homeworkout.homeworkouts.noequipment,Home Workout - No Equipment
16711053-4914-45c0-bd1f-0953a895aa9e,Anthony Daley,https://play-lh.googleusercontent.com/a/ACg8ocJ-3p4zTuRvYR6fmR_hrP-HKUyKSqFUzBZQ9PbbPNbJAS7YeQ=mo,this app is very useful n helps alot to stay fit n build muscle without the gym,5,0,1.6.7,2026-02-18 21:28:42,,,1.6.7,homeworkout.homeworkouts.noequipment,Home Workout - No Equipment
c0d963ab-98ec-434b-a674-8c48229e47da,Ram Asare,https://play-lh.googleusercontent.com/a-/ALV-UjVrKyu7ERCiVqwSW_mKFhYOw9HJVSRFA5kky7xTr2lAkqdoO5hu,"bahut ghatiya app, hai download karne ke bad open karne par home screen dikhane se pahale hi ad aa gaya",1,0,,2026-02-18 21:27:53,,,,homeworkout.homeworkouts.noequipment,Home Workout - No Equipment
0fb2e42b-871d-44cc-81ec-607607a7bfb8,Simphiwe Mazibuko,https://play-lh.googleusercontent.com/a/ACg8ocLfS8Cn6oPm_0x6tfb3K0zTz5N5kppWsJWq0G1g6oZPEt7qxw=mo,At first I thought I was working out for sure but with this app got me sweating now I'm feeling good and pumped,5,0,1.6.3,2026-02-18 20:44:28,,,1.6.3,homeworkout.homeworkouts.noequipment,Home Workout - No Equipment
25cace85-8f20-4ee3-8808-90c9ac615032,Jaimil Gambhava,https://play-lh.googleusercontent.com/a/ACg8ocKFlgnJtiTwmTDVzi7LncC-8_LG9QGFOU0w7ulbpkDj1KE2QQ=mo,good app,5,0,1.6.3,2026-02-18 20:31:48,,,1.6.3,homeworkout.homeworkouts.noequipment,Home Workout - No Equipment
bd501aff-96d0-4e9c-a093-e80563cc74e9,Krishna Saravade,https://play-lh.googleusercontent.com/a-/ALV-UjWAIHTMLjvQc4Ki_iynqaSuNeFjizNBHaqHy8ndd4FXuiPzkx5z,excellent.,5,0,1.6.7,2026-02-18 20:25:35,,,1.6.7,homeworkout.homeworkouts.noequipment,Home Workout - No Equipment
84c8a11e-95c6-4a30-9cb6-b49d24dcdbdf,Sharareh Khodabandehloo,https://play-lh.googleusercontent.com/a/ACg8ocIJSEb5rHI9RyW8AVMx4M34WXoOQ8Bz_9X8LO9O-zQYp2DSrw=mo,This app is everything you need to excercise,5,0,1.6.3,2026-02-18 20:22:53,,,1.6.3,homeworkout.homeworkouts.noequipment,Home Workout - No Equipment
9567a888-046a-4888-bb2d-002438aff5c1,Mohamad Naderi,https://play-lh.googleusercontent.com/a-/ALV-UjXLhmTw3R9mVyUQBe1ZYKWhJXKnQoq1DJXVYHrp6ezL5z9pInI,very good,5,0,,2026-02-18 20:09:13,,,,homeworkout.homeworkouts.noequipment,Home Workout - No Equipment
e04c5ba9-e878-4313-a9f4-7924140a21b5,vinita gupta,https://play-lh.googleusercontent.com/a/ACg8ocLzCuWEqeYAz0zJuMaswqR-y6iCrSdBCrvqMuKRNTC96rJCxQ=mo,very good app igit six packs and good forearms and triceps,5,0,1.6.6,2026-02-18 20:06:02,,,1.6.6,homeworkout.homeworkouts.noequipment,Home Workout - No Equipment
297cc96a-aa39-4da8-9708-d66292984f3c,Haseena,https://play-lh.googleusercontent.com/a/ACg8ocLReaaGMOHJiqOST9Om3Q9lYh6Xm9jHhQWRYwFYiiCU58CGKg=mo,wow,5,0,1.6.7,2026-02-18 20:03:51,,,1.6.7,homeworkout.homeworkouts.noequipment,Home Workout - No Equipment
e11a7a64-5f15-4524-9f74-b270b2774096,Suhel Ansari,https://play-lh.googleusercontent.com/a/ACg8ocL-cG_a_VmC4at9q7D6C4B-Qhgz3I7aQfJDGAtmCVv3saoNUg=mo,bahut acha hai,5,0,1.6.3,2026-02-18 19:51:22,,,1.6.3,homeworkout.homeworkouts.noequipment,Home Workout - No Equipment
41363499-889d-4461-83c8-3336b6c6bdab,Awez Mohammad,https://play-lh.googleusercontent.com/a/ACg8ocKyXPCLhJqD1OfhwPNYRhqiXIrAN0d9LNxqYvQ96vldPSQVkw=mo,super app,4,0,1.6.7,2026-02-18 19:43:49,,,1.6.7,homeworkout.homeworkouts.noequipment,Home Workout - No Equipment
d0252fa6-7aeb-4f46-a92f-44a64c1a4c59,Rajitha K S,https://play-lh.googleusercontent.com/a-/ALV-UjUrqrsg1yTPzk341JxqQmwbKaA7cSSHTsUa9KQEEFF4jtTLupo,best app for work out.,5,0,1.6.7,2026-02-18 19:43:41,,,1.6.7,homeworkout.homeworkouts.noequipment,Home Workout - No Equipment
e59655f9-2804-4b48-9c15-1d7caa9e2901,Sanket C,https://play-lh.googleusercontent.com/a/ACg8ocJW1tb2H8vKMuH1eiQNwTzLgZejytuAfagrnhLTYmJHA5l4cA=mo,best,4,0,1.6.3,2026-02-18 19:33:11,,,1.6.3,homeworkout.homeworkouts.noequipment,Home Workout - No Equipment
581cdd8a-e377-4cb5-87c8-bad1c9e512ef,Punit,https://play-lh.googleusercontent.com/a/ACg8ocIur1nNYKqzLMNjIGFMcdS1fNvtRzAjQkq3tNaAEUXLKEizvg=mo,wow!,5,0,,2026-02-18 19:22:05,,,,homeworkout.homeworkouts.noequipment,Home Workout - No Equipment
759749a8-71d8-4394-bf6d-9daf65c835ea,Jannatul Adon,https://play-lh.googleusercontent.com/a/ACg8ocIsBrCNyLwlM1v-lqsEyVX83ytjMZgouXfo1RUz0_VlaV_XUQ=mo,this is really good for home exercise,1,0,1.6.7,2026-02-18 19:10:38,,,1.6.7,homeworkout.homeworkouts.noequipment,Home Workout - No Equipment
5fc0673f-17f1-4deb-b6ef-3acd14f8f644,Armaan singh Dhillon,https://play-lh.googleusercontent.com/a/ACg8ocJa3MePgd03tr0ntLyMbPn_yzfmt3uwhi3dYUpeBxmdVlITSmc=mo,very good app and help in built a muscle💪,5,0,1.6.7,2026-02-18 19:06:36,,,1.6.7,homeworkout.homeworkouts.noequipment,Home Workout - No Equipment
783e2e61-39e1-4349-af7f-1af53a9e4b5f,Md Ruhan,https://play-lh.googleusercontent.com/a/ACg8ocJQsvD50PX-PkFIUGmwO2T77fMiXPaDXT2T0-bQf08Vrg_FXA=mo,good app,5,0,,2026-02-18 18:55:15,,,,homeworkout.homeworkouts.noequipment,Home Workout - No Equipment
502c3361-8755-4a39-8bb9-0e4b4137e499,Tina,https://play-lh.googleusercontent.com/a/ACg8ocJYg4Bn50LJjaxPuMRKK6AXAqLu_10pEZXTpSo5wP1eOUB7Fw=mo,v good app,5,0,1.6.7,2026-02-18 18:47:36,,,1.6.7,homeworkout.homeworkouts.noequipment,Home Workout - No Equipment
4edf5820-d785-4284-8ab6-a07ef336a36d,Suraj Kumar Suraj kumar,https://play-lh.googleusercontent.com/a/ACg8ocJNQ-bcxWBcHRnO70A7r4Mt2IbF6TMbdHagzXfM_ZoXSGSyGQ=mo,very nice,5,0,1.6.7,2026-02-18 18:47:13,,,1.6.7,homeworkout.homeworkouts.noequipment,Home Workout - No Equipment
3f69357d-c4a5-4f31-99d6-66e7fddfcabb,Shunumuka Devarapu,https://play-lh.googleusercontent.com/a-/ALV-UjWLOmMgCAf_V3MUQH-ZPqFu8x3ZutKOxYPb4l2k_z-cx6adaNXr,super,5,0,1.6.7,2026-02-18 18:47:12,,,1.6.7,homeworkout.homeworkouts.noequipment,Home Workout - No Equipment
f2b46ad5-1fe0-4611-b613-a0b7bec6daa5,Goldi Gupta,https://play-lh.googleusercontent.com/a/ACg8ocIRhjqNFgCmDidGN7GF8YrHNeeF0JtSEbgvf2kIlxLIN63P-A=mo,Noicee🎀,5,0,1.6.7,2026-02-18 18:45:02,,,1.6.7,homeworkout.homeworkouts.noequipment,Home Workout - No Equipment
c301753a-59d5-499f-8c13-2103ae4a0476,Bowya Saran,https://play-lh.googleusercontent.com/a/ACg8ocK_gWXiSNqQNTDFsU6CKT6uilHCG50jKJE_A-tjLQMaLgvXfg=mo,perfect workout,5,0,1.6.3,2026-02-18 18:43:08,,,1.6.3,homeworkout.homeworkouts.noequipment,Home Workout - No Equipment
786770b4-418e-4671-a3d1-f3b55ba16288,Arshman Khan,https://play-lh.googleusercontent.com/a-/ALV-UjUkN13_CSJARPFuWlS54BIaRlqoefVGVV5aB0EsIQyisUd0rI4,its very good,5,0,1.6.3,2026-02-18 18:19:52,,,1.6.3,homeworkout.homeworkouts.noequipment,Home Workout - No Equipment
f8e6f686-9d7a-40d5-9100-81696dbdad42,Loyola Model High school,https://play-lh.googleusercontent.com/a/ACg8ocIfLmy82hmbkeB8DG0I6p1LPnpNYoEFqJhvM1qvkOg56sjINw=mo,nice,5,0,1.6.7,2026-02-18 18:14:01,,,1.6.7,homeworkout.homeworkouts.noequipment,Home Workout - No Equipment
9f0e26fb-66d6-4dc2-af7b-07790cb46c71,Julian JAMES,https://play-lh.googleusercontent.com/a-/ALV-UjXZ0jUfN8Y-aQEPDHFWOl36V4a1C3HuHINuMWiz9e917AhlK6Nj,"Easy to work with at your own pace ,ur own time no ads",5,0,,2026-02-18 18:06:48,,,,homeworkout.homeworkouts.noequipment,Home Workout - No Equipment
ef413624-df46-4a1a-8a64-9e3d134e2ec5,REAL NEWS ANCOR,https://play-lh.googleusercontent.com/a-/ALV-UjUscLj5XwHKop14BMS5zMuk-WEEuuOEg7oZbuiZYVkC40m7cnE,I'm living the difficulties. Amazing app,5,0,1.6.7,2026-02-18 17:51:06,,,1.6.7,homeworkout.homeworkouts.noequipment,Home Workout - No Equipment
27e77965-4b5d-4d85-bdae-09d5b1d2a7db,Usha Sisondhiya,https://play-lh.googleusercontent.com/a/ACg8ocKD6ymhP27t-YBBBU9nh9P-lXnZOxPiovKO6ZdQ8wi18ktHVA=mo,good,5,0,1.6.7,2026-02-18 17:48:35,,,1.6.7,homeworkout.homeworkouts.noequipment,Home Workout - No Equipment
f4d661bb-198d-4ddc-8be4-a5ab4ce2f322,Irshad Ahmed (GamerZ),https://play-lh.googleusercontent.com/a-/ALV-UjVGjvRtKxff72SScKxIkF0j1P3iGbMB1XM0V5FO0rwvJ4nSSawY,consistency make you win 💪,5,0,1.6.7,2026-02-18 17:42:14,,,1.6.7,homeworkout.homeworkouts.noequipment,Home Workout - No Equipment
6db9fdfb-2560-45c2-b3d5-8df859809d8f,Divyansh Paliwal,https://play-lh.googleusercontent.com/a/ACg8ocKcc1JvHmMT8tkATe01A4AkCMJaQfFDm9PZYX5FZA8d-4jezpI=mo,nice help me to lose fat easily without much husle busle go for it totaly free and hoghly efficient just require a 30 min of a day with a proper decipline 😍😍😍😍,5,0,1.6.7,2026-02-18 17:41:57,,,1.6.7,homeworkout.homeworkouts.noequipment,Home Workout - No Equipment
121323d1-4a55-4955-b699-c238fe01a49a,Yan Kyaw,https://play-lh.googleusercontent.com/a/ACg8ocL60mNLpA1WMtYBf8kLGIjenYxliLfkSn-sGllCR8p5Nkakwg=mo,nice very training,5,0,1.6.3,2026-02-18 17:40:13,,,1.6.3,homeworkout.homeworkouts.noequipment,Home Workout - No Equipment
21a5a932-6a19-4e66-a6e9-0cb9cd4fa84a,Satyam Paswan,https://play-lh.googleusercontent.com/a/ACg8ocIv8j0ZwABYj5fVhyq14PT6kC-23MonK2e6GY_P69dJrDv9kA=mo,Thats a best aap its help me to build my abs at home,5,0,1.6.3,2026-02-18 17:38:14,,,1.6.3,homeworkout.homeworkouts.noequipment,Home Workout - No Equipment
d5259d21-07e9-429e-9753-180b8da705d8,Bryan Lopez,https://play-lh.googleusercontent.com/a/ACg8ocKAqqL9WhBt0XF831m8ylqbW28IgoxCQax9YTjGn1fZx4K__A=mo,good and excellent,5,0,1.6.7,2026-02-18 17:35:29,,,1.6.7,homeworkout.homeworkouts.noequipment,Home Workout - No Equipment
95b0d014-3bc3-4b69-b848-9a9457eceaef,Hari chand Rajput,https://play-lh.googleusercontent.com/a/ACg8ocIdfXIzYk9ang3xWgVD_Y0ZW-uy8vZJ627quz_y7YmfvcT19Q=mo,Nice 🙂🙂🙂🙂☺️☺️☺️☺️☺️,5,0,1.6.7,2026-02-18 17:31:26,,,1.6.7,homeworkout.homeworkouts.noequipment,Home Workout - No Equipment
421113a9-65dd-43b4-9adf-4821c0fcd316,Hari Narayan,https://play-lh.googleusercontent.com/a-/ALV-UjVs7r3W-sKY9nB7ZJAA5NSZQVJeZiUTjmN1rs5Y8v8mmVSX6Ao,"good for a consistent persons, not for children play",5,0,1.6.3,2026-02-18 17:30:39,,,1.6.3,homeworkout.homeworkouts.noequipment,Home Workout - No Equipment
3b0c3e0d-9107-4819-b1f7-3873683c780d,Asif,https://play-lh.googleusercontent.com/a/ACg8ocIBfuWDumOj1HxhL80it_NczZNPHWB2x67WoYKmEhLQTvJ4PA=mo,not fake,5,0,1.6.2,2026-02-18 17:28:40,,,1.6.2,homeworkout.homeworkouts.noequipment,Home Workout - No Equipment
7e422bf8-0253-4aa5-b8a6-9ead03af084b,Sehan Madhubhashana,https://play-lh.googleusercontent.com/a-/ALV-UjUCR10KwcZbw7GcIgw2Sdi2BaUAN5AOnr52QI3WFZQ0TI1P7Pw,superb,5,0,1.6.7,2026-02-18 17:19:26,,,1.6.7,homeworkout.homeworkouts.noequipment,Home Workout - No Equipment
caad3f8f-8e86-4597-b5ef-5817c4629540,Abdullah,https://play-lh.googleusercontent.com/a/ACg8ocKNToAW5L4NFWl2dpJQx-0jFy8veGRgBA6fzp9NmfBfmwmA1Q=mo,This is very helpful app for fitness,5,0,1.6.3,2026-02-18 17:03:50,,,1.6.3,homeworkout.homeworkouts.noequipment,Home Workout - No Equipment
ea73fcd5-7977-4f27-aba6-ca63dd488c1e,Kanchan Gupta,https://play-lh.googleusercontent.com/a-/ALV-UjXjdUV1XOnlAz9s3NbiKy0lotrfWSmt8WuHOtMvXNo-gbFTQ1gP,nice,5,0,1.6.3,2026-02-18 16:57:49,,,1.6.3,homeworkout.homeworkouts.noequipment,Home Workout - No Equipment
a57c3f12-7c1b-4609-b947-0d2b1b4e268f,Vaghela bharat Shankarji,https://play-lh.googleusercontent.com/a/ACg8ocLPiCjr7pR3XAwZmvnXxxTXCfln4OUgP9DFo1Ee9iqxDGmmeQ=mo,best app,5,0,1.6.3,2026-02-18 16:53:17,,,1.6.3,homeworkout.homeworkouts.noequipment,Home Workout - No Equipment
41ea3cec-1b0d-41da-9138-d7be7f7f3de9,Shivam Thakur,https://play-lh.googleusercontent.com/a-/ALV-UjX5DbIoEFpercXdSde9VJuov-3H4jMMmoxM145DOOf3fEaIJrA,this a very great app it really help you gain muscles,5,0,,2026-02-18 16:50:22,,,,homeworkout.homeworkouts.noequipment,Home Workout - No Equipment
e858d425-cc1e-461e-af95-66ab9b10157e,odey lunyungu,https://play-lh.googleusercontent.com/a-/ALV-UjWrgFdxF0eo-CTrtD3untw8r50fKmSQr5gNljqaf-en2s5QNUyw,very helpful for health and body fitness,5,0,1.6.7,2026-02-18 16:35:25,,,1.6.7,homeworkout.homeworkouts.noequipment,Home Workout - No Equipment
c699ea20-7355-4685-8fdd-e6c6cd8ee854,agung syafrizal,https://play-lh.googleusercontent.com/a-/ALV-UjVy5g0v7UbhgmONtExR_wwurAPavdONFemS3UDD614UqtL0VK_v,nice and just right for someone who had a little time and almost no exercise equipment.,5,0,1.6.3,2026-02-18 16:18:45,,,1.6.3,homeworkout.homeworkouts.noequipment,Home Workout - No Equipment
45f03471-e49e-442f-a79d-7a9ba56b4e3b,alijah goodridge,https://play-lh.googleusercontent.com/a/ACg8ocKcwUhQFF8FFjkKyLbBQ07aAbYdsx5lljbmdeKsSqf0puzflg=mo,its very helpful,5,0,1.6.7,2026-02-18 16:13:29,,,1.6.7,homeworkout.homeworkouts.noequipment,Home Workout - No Equipment
537c6b9c-6309-4ec2-9e6f-281a97bc1753,Sarojani Suryakant Siddheshware,https://play-lh.googleusercontent.com/a-/ALV-UjW4gGInIhO5PTNA8MSDqgXh-GN_c08g6fvGXCn3lnUMljJUgvyZ,very amazing app and very helpful,5,0,1.6.7,2026-02-18 15:54:18,,,1.6.7,homeworkout.homeworkouts.noequipment,Home Workout - No Equipment
9933db7d-29b3-40fc-b0ff-e0e2f64b44c8,Dorian Sandy,https://play-lh.googleusercontent.com/a/ACg8ocIV-1CmrLF9mfp2jLdbZBNaN56qWU5hV0D5iuRUl5XvbudObg=mo,it helps a lot,5,0,1.6.3,2026-02-18 15:39:21,,,1.6.3,homeworkout.homeworkouts.noequipment,Home Workout - No Equipment
60274d06-34af-496e-902c-0da42d018783,IRFAN XD,https://play-lh.googleusercontent.com/a/ACg8ocK-2S3NWQKOTHVbpjY2r8J5GnT83GrxLvxv8uaVdRbgT43L-A=mo,bagus,5,0,,2026-02-18 15:22:10,,,,homeworkout.homeworkouts.noequipment,Home Workout - No Equipment
429c44d3-aa84-4b70-b649-0e85e7ca7044,Raven zoe Angcaya,https://play-lh.googleusercontent.com/a/ACg8ocLmJjP9KxTsME7Bx8tH8KzQ4L5vCNDbZ4fnwBuMKnN5ifUbzg=mo,My fat got lose because this app,5,0,1.6.7,2026-02-18 15:07:23,,,1.6.7,homeworkout.homeworkouts.noequipment,Home Workout - No Equipment
fefca6e2-f0b3-459f-be5a-eaf21981aeb0,Mohammad Imran,https://play-lh.googleusercontent.com/a/ACg8ocLhSpKYe2WzU-focSSKnNGA4z2iCOiHrwj3MmNGVSfukESO9g=mo,nice 👍,5,0,1.6.3,2026-02-18 14:57:23,,,1.6.3,homeworkout.homeworkouts.noequipment,Home Workout - No Equipment
3d3a0477-e1ca-4a5e-a399-dab01feb75cd,Kopila Giri,https://play-lh.googleusercontent.com/a/ACg8ocKQ6XNtWfkCCSFHbb7L8E_HNgL3iHYgLR7Q_58ddkeT-5ykOQ=mo,it is very usefull app because my arms is weak i havenot abs and i will use this app and i got strong body,5,0,1.6.3,2026-02-18 14:57:07,,,1.6.3,homeworkout.homeworkouts.noequipment,Home Workout - No Equipment
62bc4503-9ec1-476e-b756-3dfcbee5cbcb,Determination Magoche,https://play-lh.googleusercontent.com/a-/ALV-UjVJWknaXUST2Imjn-RJZyD6WwJwy5hdZsA1RFmTZpiVfi7ZBX4,nice,5,0,1.6.3,2026-02-18 14:53:08,,,1.6.3,homeworkout.homeworkouts.noequipment,Home Workout - No Equipment
275e2a42-e477-49e3-b9bc-0fb3ede3f275,Asymawi Aziz,https://play-lh.googleusercontent.com/a/ACg8ocKbJXg5p3_ZeTPO5RJBBNpnJOKqpPyE_Ej6-e6JUTLNKjMqYQ=mo,Great,5,0,1.6.7,2026-02-18 14:25:48,,,1.6.7,homeworkout.homeworkouts.noequipment,Home Workout - No Equipment
9454c94a-938a-49fb-97bf-983bed7038c0,Maya Shukla,https://play-lh.googleusercontent.com/a/ACg8ocKt5EUdBpT2MPkMu_JfLLn23-XsnKianMtPi99wJQ0N7HnrqQ=mo,Nice app,5,0,1.6.3,2026-02-18 14:13:39,,,1.6.3,homeworkout.homeworkouts.noequipment,Home Workout - No Equipment
2e7a2a3e-ef9b-44e1-8e2e-290aca698657,lafon clovis,https://play-lh.googleusercontent.com/a-/ALV-UjXrp7M4CBWCT6p5aQJ5zFZybXTe3OduWmny8K1lhm7xAAvgTa_b,"This is really helpful. all my body hurts, that's how i know it's working",5,0,,2026-02-18 13:44:55,,,,homeworkout.homeworkouts.noequipment,Home Workout - No Equipment
05b2c281-0486-4e7d-8a9d-a59a78c3b108,Thakor Vishnuji,https://play-lh.googleusercontent.com/a/ACg8ocJBMce13zXegdj5FJe2xAI1Hjf2QC0lMIxqP9o0izIpRKhkUA=mo,best,5,0,1.6.3,2026-02-18 13:40:32,,,1.6.3,homeworkout.homeworkouts.noequipment,Home Workout - No Equipment
603c05b0-a362-4ed2-b7fe-29f8c4be296d,Phenom Enol,https://play-lh.googleusercontent.com/a/ACg8ocK9Q5IcTy-uZNAAzRHBO4FWCaEANdKrARGtQdfM5sNEKAruwQ=mo,"excellent app with proper guide. well organized structure of activities, no equipment and gym costs. Highly recommend.",5,0,,2026-02-18 13:17:44,,,,homeworkout.homeworkouts.noequipment,Home Workout - No Equipment
0a0a3176-044b-486f-aae6-17571c315a32,Shreya Corner,https://play-lh.googleusercontent.com/a/ACg8ocKXxWQ42nlZiXZNfGV1aDcP-W_-knE4I0spZ-QaRivjkmQT9lo=mo,best app,5,0,1.6.3,2026-02-18 13:11:01,,,1.6.3,homeworkout.homeworkouts.noequipment,Home Workout - No Equipment
4a3af4ad-7010-4425-85fe-30ec71019bd3,Mohanadas Gubyad Mohanadas Gubyad,https://play-lh.googleusercontent.com/a/ACg8ocJ0QZVBcz7CDfHsE-pCwGp_bQJjEZDWoMVhiGgb0UrcnEvI=mo,the best app for home workouts,5,0,1.6.7,2026-02-18 12:36:31,,,1.6.7,homeworkout.homeworkouts.noequipment,Home Workout - No Equipment
1ed3ef9e-f4e6-4ed7-9779-8543f793a950,Taji Pokem,https://play-lh.googleusercontent.com/a-/ALV-UjWeacSpthghWgM2-Z8fowIkuV5aOSO_czmzdCAaroi4asFkYwk4,"I feel pain and I'm sweating, so that's good. I wait for the end of my program to see the result.",4,0,1.6.7,2026-02-18 12:36:10,,,1.6.7,homeworkout.homeworkouts.noequipment,Home Workout - No Equipment
da6ab521-33bb-449a-a11c-c3d25018818a,Mr faruk Gbade,https://play-lh.googleusercontent.com/a/ACg8ocKMLfUAlkihBmQI-XiesCEhDFDp6QxcimIyxEUG50bRA5JHrg=mo,this app is great,5,0,1.6.7,2026-02-18 12:27:42,,,1.6.7,homeworkout.homeworkouts.noequipment,Home Workout - No Equipment
32ed3610-986c-467d-bff2-887a5af62c64,Pampa Paul,https://play-lh.googleusercontent.com/a/ACg8ocKoQeYwgo9HLyT7pqyX-Lu66dV4wzWbGmY5yFfC9QK5Mjcohw=mo,good,4,0,1.6.7,2026-02-18 11:29:58,,,1.6.7,homeworkout.homeworkouts.noequipment,Home Workout - No Equipment
1ca819de-b9fa-46f9-a7ae-0390bc747534,kingfred simwinga,https://play-lh.googleusercontent.com/a-/ALV-UjVzK_-Itq7MXFa-J-5HAgs59U15n6G3wihRJQvX346q0MBlbBs,"great, kind of real life coach",5,0,1.6.3,2026-02-18 11:27:13,,,1.6.3,homeworkout.homeworkouts.noequipment,Home Workout - No Equipment
fb582cbc-0538-44b3-ba2f-93e9fcfb59de,Ibrahim Robi,https://play-lh.googleusercontent.com/a/ACg8ocJcrt7m61XCHW2gFGvrLE2QriRS-JS8xY8ZxdpnjKsiGmRCEA=mo,great 👍🏻,5,0,1.6.3,2026-02-18 11:22:16,,,1.6.3,homeworkout.homeworkouts.noequipment,Home Workout - No Equipment
b9d21122-267f-4502-81be-f0228fe0b3c6,Rolivhuwa makhari,https://play-lh.googleusercontent.com/a/ACg8ocJwrDY6hoSc4H7PyRMmOLkQIUzeswB6P2DOsQEw5HU0Y3gi9Q=mo,Met my expectations,5,0,1.6.7,2026-02-18 11:19:19,,,1.6.7,homeworkout.homeworkouts.noequipment,Home Workout - No Equipment
1920b31b-4a6a-4e53-b038-79c45b1379bf,Oludimeji Odelade,https://play-lh.googleusercontent.com/a-/ALV-UjW7p93jDhBfoNlX6fdOClufBq0Wy-i3KiCQupha8Us-I6p0yKkH,Good,5,0,1.6.3,2026-02-18 11:10:26,,,1.6.3,homeworkout.homeworkouts.noequipment,Home Workout - No Equipment
9766688a-91cf-4cda-b105-b9e9d7f9f6e7,IANADRAZA Jean Charles,https://play-lh.googleusercontent.com/a-/ALV-UjWXwrSTrebEnID0uEBQFx6_JYloX1WdvqluMP5ogGOjnzXmRbc,This app is useful for health,5,0,1.6.3,2026-02-18 10:51:19,,,1.6.3,homeworkout.homeworkouts.noequipment,Home Workout - No Equipment
19f33e68-216f-420d-bca3-b51ac2e68813,Arham Sir,https://play-lh.googleusercontent.com/a-/ALV-UjXsNMWcTq2yO98I9Up4W40fTklY5QkBLPpACXurxu9u17IeS1nV,good 👍,4,0,1.6.6,2026-02-18 10:47:43,,,1.6.6,homeworkout.homeworkouts.noequipment,Home Workout - No Equipment
c99a46f4-acdb-4cf6-8281-710146bdacda,Elson “Van'Promise” Manasseh,https://play-lh.googleusercontent.com/a-/ALV-UjUTwHKuGSUDKwZNnwgHGyQN0AKIkrk4gsB8RpXx-CQd1R2TjttwZg,amazing and perfect App,5,0,,2026-02-18 10:43:36,,,,homeworkout.homeworkouts.noequipment,Home Workout - No Equipment
baf1e31e-1048-4d9c-beca-2dc52ef4d080,Damien Hernandez,https://play-lh.googleusercontent.com/a/ACg8ocKzHGv85KmCnKU9niioz2cHXQ1j34g0DIYncC200OiuVFvbvw=mo,so good,5,0,1.6.7,2026-02-18 10:40:52,,,1.6.7,homeworkout.homeworkouts.noequipment,Home Workout - No Equipment
22acee7c-9854-4fd6-aaf6-fa027c89c085,Balram Chaudhary,https://play-lh.googleusercontent.com/a/ACg8ocKccUZaHqldtlDQ5y1GNPTHaon079buETeFxV1qHSjIGRRY1Q=mo,feel confident,5,0,1.2.8,2026-02-18 10:20:56,,,1.2.8,homeworkout.homeworkouts.noequipment,Home Workout - No Equipment
8c6c9136-7e03-4e0c-9ba3-4ee67e2d53ac,Raj Ganojwar,https://play-lh.googleusercontent.com/a-/ALV-UjUZRDPcN0B5v047eLOZ2aw4NVCc6ir7fPsXw9im8X7jhk7llWr7xQ,could you please add widget and streak freeze features,4,0,,2026-02-18 10:07:21,,,,homeworkout.homeworkouts.noequipment,Home Workout - No Equipment
537a6b03-8b0f-410f-b045-a4f02bfd24f8,Annewsha Santra,https://play-lh.googleusercontent.com/a/ACg8ocKpwILLYPMYyOisUmx2Eq07F4pIo_zlb-dQC7xskZWX9Lwk8Q=mo,very nice app 👍👍,5,0,1.6.7,2026-02-18 10:04:53,,,1.6.7,homeworkout.homeworkouts.noequipment,Home Workout - No Equipment
1d5bb5f8-2eed-43c4-a77b-7e60ad65291f,Altamas,https://play-lh.googleusercontent.com/a-/ALV-UjW4Rf5bVw1vbLvhJxzncPUvftmsU-5UqaIjySG_dQCZhHwrhH-0,❤😎😎,5,0,1.6.3,2026-02-18 09:55:25,,,1.6.3,homeworkout.homeworkouts.noequipment,Home Workout - No Equipment
02ec5ba1-8042-4e94-ae63-99890a5110d9,Joshua Lazaro,https://play-lh.googleusercontent.com/a-/ALV-UjWWoHQFMlmPYupobQjQpfYatdfjPkqoeVSNnCb7eNr3p_8HbNTT,Great app I've ever seen,5,0,1.6.3,2026-02-18 09:41:04,,,1.6.3,homeworkout.homeworkouts.noequipment,Home Workout - No Equipment
fb16dcb5-d4f4-4a34-b2b2-71e21c4ffa00,Dresden Reading and Gaming,https://play-lh.googleusercontent.com/a-/ALV-UjUVqu80RRCo_GG-fCKzWRV-ujvkisvAwDSR8WvJN8sagWbX6xZy,I might be able to gain strength after all,5,0,1.6.7,2026-02-18 09:30:50,,,1.6.7,homeworkout.homeworkouts.noequipment,Home Workout - No Equipment
0c2ea7c9-c7b6-46ef-9fa4-e5d46d4978c4,Mayuresh Farate,https://play-lh.googleusercontent.com/a/ACg8ocJjqVEBd9dPltvkPjckbny3bVrHM5BHJLyjiifP5l6clqgRfw=mo,nice app for beginners,4,0,1.6.7,2026-02-18 09:25:40,,,1.6.7,homeworkout.homeworkouts.noequipment,Home Workout - No Equipment
d74a0fa7-34db-4e86-8578-38f413fd7ee9,Adeline Sainfort,https://play-lh.googleusercontent.com/a/ACg8ocI1I9L7Kd6_SLpHArL8zftVp2ELDr7KX6NYgDIgcTvoQmovZw=mo,I just got this i already feel changes,5,0,1.6.7,2026-02-18 09:23:46,,,1.6.7,homeworkout.homeworkouts.noequipment,Home Workout - No Equipment
1f5d1df8-32d8-48a5-b08d-62b25e859eb5,MAJUMDERSUJATA Majumder1234,https://play-lh.googleusercontent.com/a/ACg8ocJE3VrYKTIq-N2eM6fVVPw3cWVGeOaHYV730vvuFu-Na_vq9Q=mo,Good,5,0,1.6.7,2026-02-18 09:11:44,,,1.6.7,homeworkout.homeworkouts.noequipment,Home Workout - No Equipment
b1083897-33a1-46df-a5c5-3dc837a09c35,Benjamin,https://play-lh.googleusercontent.com/a/ACg8ocJ5Q3ieXpnWLFaU8QrtsE8NvTONGGIMvLfUu83d-6eXUIorXA=mo,it's really a great app,5,0,1.6.3,2026-02-18 08:48:52,,,1.6.3,homeworkout.homeworkouts.noequipment,Home Workout - No Equipment
4f1545eb-84a2-4fb5-b9ee-679ec634a5b0,Sandeep Kumar,https://play-lh.googleusercontent.com/a/ACg8ocIdNih3HEP4P_LN1TJk8MrAyClMztD0HhCseFfl05EMmDwX3xI=mo,best app to make abbs and fullbody muscle with very scientific there are lots of exercise that you can do easily at home also there are three level beginner intermediate and advance. I love this app because this is one of the best app that you can make your body without going ZYM.,5,0,1.6.3,2026-02-18 08:44:37,,,1.6.3,homeworkout.homeworkouts.noequipment,Home Workout - No Equipment
11d12086-4a73-4a62-bc0e-2b12833ebbd0,Taufique Khan,https://play-lh.googleusercontent.com/a-/ALV-UjVww0z42nHrNoFedze_WIdEMmLIaBk4-q9yAXWSPiRxQw2zfsU8,great aap for daily exercise with best training instructions loved it...😘,5,0,1.6.7,2026-02-18 08:36:36,,,1.6.7,homeworkout.homeworkouts.noequipment,Home Workout - No Equipment
93cffee0-bd54-4e84-87cf-13c78397fc3c,Ayman Ayub,https://play-lh.googleusercontent.com/a/ACg8ocJKxBP1-WQzSZhg31jSQm2HJiZESQj5olEIcz8x2gPghDfYlQ=mo,encourage me to actually try working out great app,5,0,1.6.7,2026-02-18 08:35:52,,,1.6.7,homeworkout.homeworkouts.noequipment,Home Workout - No Equipment
827a60bd-cdf8-4f46-94e5-d47bfbff5232,Baadi Devi,https://play-lh.googleusercontent.com/a-/ALV-UjVDHnzctxiqWDReh37-xWbiFW0kdN_Gv57cuj8va--BBiNvUL8,best app,5,0,1.6.3,2026-02-18 08:10:35,,,1.6.3,homeworkout.homeworkouts.noequipment,Home Workout - No Equipment
72c12f54-1758-454d-9543-5b167ce26c61,Tahasan Bepari,https://play-lh.googleusercontent.com/a/ACg8ocKfPy1HeyXeheiYjX9zczJ2vKAkxYEzYJUf0_LIa-_lackVMQ=mo,it is good,5,0,1.6.7,2026-02-18 08:05:34,,,1.6.7,homeworkout.homeworkouts.noequipment,Home Workout - No Equipment
1f8f4ce4-8bd8-4c5c-a4dd-68cb2621ed89,Geeta Zala,https://play-lh.googleusercontent.com/a/ACg8ocIsnIDBHP-c7_vuhNm6yaaUQDHVTwUTq6qu6Ul9bifpFTX6LA=mo,wery wery nice app and very sweet app and full workout setp by step nice app..okkk...,5,0,1.6.3,2026-02-18 08:05:13,,,1.6.3,homeworkout.homeworkouts.noequipment,Home Workout - No Equipment
e7cf0fc0-5648-4448-877f-7c7ca08eedb0,Arnav Vijarniya,https://play-lh.googleusercontent.com/a/ACg8ocLw3vwACgUGE_PWsbauvlwlLOHqeyniDGeI9OqRuSVFpBRjeQ=mo,good one for physical,5,0,,2026-02-18 07:47:25,,,,homeworkout.homeworkouts.noequipment,Home Workout - No Equipment
eef4a2aa-d962-42c8-adf1-f6bcaa4f77f2,Gayathri Ganesan,https://play-lh.googleusercontent.com/a-/ALV-UjVkP3yKgb1PlU8inTzPAkJlzL1wAF0vSzUHFrkQSra6zbmDa04,nice workout guidelines,5,0,1.6.3,2026-02-18 07:45:04,,,1.6.3,homeworkout.homeworkouts.noequipment,Home Workout - No Equipment
2fed47ef-a14c-4afd-a216-da5ccb994f44,Musawar Abbad,https://play-lh.googleusercontent.com/a/ACg8ocJvJ713gRf6wMI5iOHt8TDg-w1F0b-gIkWEznD9CcvwBJdV=mo,it is very best app for workout,5,0,1.6.7,2026-02-18 07:43:40,,,1.6.7,homeworkout.homeworkouts.noequipment,Home Workout - No Equipment
6fdc86e5-474a-4576-8b51-9bbb223abc60,Raylen Mcduffie,https://play-lh.googleusercontent.com/a/ACg8ocKaosgTUtoQmw12fxRAqCKQUgfHosyQAKXwIhr3B_w1vQSTmQ=mo,I love this,5,0,1.6.7,2026-02-18 07:39:51,,,1.6.7,homeworkout.homeworkouts.noequipment,Home Workout - No Equipment
c47ebfcd-4b88-41dc-a4a7-1e119c56a51c,rajen dran,https://play-lh.googleusercontent.com/a-/ALV-UjWmZy0Ln69LnWbftIQN7M_TcoN0QmEdrylFmfaJreQBP9VSpyLPtg,good,1,0,1.6.7,2026-02-18 07:36:44,,,1.6.7,homeworkout.homeworkouts.noequipment,Home Workout - No Equipment
35cff52e-38b0-4eec-9073-750f8e9469a1,Sadar ullah junj,https://play-lh.googleusercontent.com/a/ACg8ocIbY1kLSBBhwUG0wWL3Fy43qV-ZQ74r04D4H4paXU7E7JHWoA=mo,Very Good Apps for Bodybuilding 🥰,5,0,,2026-02-18 07:35:53,,,,homeworkout.homeworkouts.noequipment,Home Workout - No Equipment
47623ca3-7c85-418a-b6c1-f6059ebb5928,Alex Smith,https://play-lh.googleusercontent.com/a/ACg8ocJpTu12gmJnsc5CzUjt2pFJ1kZWiZuzVDKWek12DdLTeIxW1Q=mo,can't wait to hit goal,5,0,1.6.3,2026-02-18 07:31:58,,,1.6.3,homeworkout.homeworkouts.noequipment,Home Workout - No Equipment
01bbf16f-f102-4be7-92d6-75cba22e7a04,Abhishek Kumar,https://play-lh.googleusercontent.com/a/ACg8ocI1opDXaMwWuYowGIilVDtANn0NPAASWSf8ZmBJXOa3Sw8dCw=mo,mast h,5,0,,2026-02-18 07:28:37,,,,homeworkout.homeworkouts.noequipment,Home Workout - No Equipment
7e836e7e-5d26-49eb-8b47-eea2b23d3300,Robin Kumar,https://play-lh.googleusercontent.com/a-/ALV-UjXXH0ceCd9M90fTLEXAslIDtaNVKMMH7_OC-LRJf7VrtnA5xUQ,good for health,5,0,1.6.3,2026-02-18 07:27:55,,,1.6.3,homeworkout.homeworkouts.noequipment,Home Workout - No Equipment
2730f146-c9be-48da-a4e0-c7bb83882b86,PVENKATA MURALI INDHU,https://play-lh.googleusercontent.com/a/ACg8ocKfMgRIZrVHMkr1VtkdkQMbZI0LmOeLDtRyhhJeAx1OHtBwxg=mo,very useful for everyone,5,0,1.6.7,2026-02-18 07:15:42,,,1.6.7,homeworkout.homeworkouts.noequipment,Home Workout - No Equipment
eba25f34-f702-4f69-8a92-cf41d398097d,Yadlpalli Varalakshmi,https://play-lh.googleusercontent.com/a/ACg8ocLFMIt7YoT81wAfZK5C_HkAGJOigA6nOqDYUs11g2NHQ826Hw=mo,superrrr...........,5,0,1.6.3,2026-02-18 07:14:17,,,1.6.3,homeworkout.homeworkouts.noequipment,Home Workout - No Equipment
c46358b4-a069-455c-b999-296a9f554ed6,Gagan Kurre,https://play-lh.googleusercontent.com/a/ACg8ocKOX1PPSjS93TehRtEBpWB_Y-1BQaALrjg2RuF91ziCPaq1MA=mo,good 👍,5,0,1.6.7,2026-02-18 07:13:45,,,1.6.7,homeworkout.homeworkouts.noequipment,Home Workout - No Equipment
bd6b3ccb-9ab1-45aa-9323-82efdc6aab8d,Aayush kushwaha,https://play-lh.googleusercontent.com/a/ACg8ocJVsh6E-M4qXHM8SYt06894yEvOdSFbJfcEMl9PD8b3LqM8Yw=mo,one time go for fitness,5,0,,2026-02-18 06:56:36,,,,homeworkout.homeworkouts.noequipment,Home Workout - No Equipment
07c1a94a-76a1-4629-8476-de38b86ce06e,Fritz,https://play-lh.googleusercontent.com/a/ACg8ocK10-rWe_gArsiTDGU7RN9EusoHnc3Ds0drzcxKjpZCDB9KCQ=mo,"I tried this, this is fire!!🔥🔥🔥 I felt my leg burned through the exercise best app must download",5,0,1.6.7,2026-02-18 06:52:20,,,1.6.7,homeworkout.homeworkouts.noequipment,Home Workout - No Equipment
7a5e90e8-0ebf-4803-b2fb-e7d13298aaab,Ajay Yadav,https://play-lh.googleusercontent.com/a/ACg8ocJhy_aLortZINwAh1CxE2OYsGL_tsVeZUDqUUuwnqQ68g8rWA=mo,Beter app for exercise.,5,0,,2026-02-18 06:51:43,,,,homeworkout.homeworkouts.noequipment,Home Workout - No Equipment
18f5c752-0000-48b1-8ed7-e795c7eb80b5,NANDA KUMAR,https://play-lh.googleusercontent.com/a/ACg8ocL-z88PZfuQYR_X4bqF62TYJOgXaHnoSYQ5juy4LP-INr-dZw=mo,very good,5,0,1.6.7,2026-02-18 06:50:14,,,1.6.7,homeworkout.homeworkouts.noequipment,Home Workout - No Equipment
3ae94929-7076-406c-8945-0b980a2e3f0e,Hari Mohan Sharma,https://play-lh.googleusercontent.com/a/ACg8ocIRbm0V80bDT6DJplBETdmH4d1M9gb74qVgmLZtmEv10gut6w=mo,good,5,0,,2026-02-18 06:44:44,,,,homeworkout.homeworkouts.noequipment,Home Workout - No Equipment
49c68db7-bbae-46c2-b680-d1c2427536d8,小萬,https://play-lh.googleusercontent.com/a/ACg8ocLK2kq1BTxsjB2h05LS_U7gSLSJKF_0ioIrxrttE0_KRFhLHz4=mo,very useful!,5,0,1.6.3,2026-02-18 06:42:52,,,1.6.3,homeworkout.homeworkouts.noequipment,Home Workout - No Equipment
e10c43a8-c431-4b61-8ad2-cffe6033b701,Indar parkash Mishra,https://play-lh.googleusercontent.com/a-/ALV-UjVRa2XtKBSE9nY5nFF2k3wKS-_MLqJlxttIqTgk-jELVvEo1VwC,best workout app,5,0,1.6.7,2026-02-18 06:39:57,,,1.6.7,homeworkout.homeworkouts.noequipment,Home Workout - No Equipment
92c2c877-255a-4698-9e28-1fa4b2b7904f,dharma raj,https://play-lh.googleusercontent.com/a-/ALV-UjUWsjdNX0S2e57AVjdGzKj7BKRXP_cnmUx30tHC_5nlnhqWV5qw,this app and workouts really helped me a lot .just have to be consistent and the effects starts showing.love the app.,5,0,1.6.7,2026-02-18 06:20:21,,,1.6.7,homeworkout.homeworkouts.noequipment,Home Workout - No Equipment
2df00786-f6f9-4dc8-b6bc-817e2bf9fc57,Banoth Manikanta,https://play-lh.googleusercontent.com/a/ACg8ocLyQdCqN_cuGtmgOL155PRizc8MI1sDAl37B4hC75HvbBEHGg=mo,superb,5,0,1.6.7,2026-02-18 05:56:19,,,1.6.7,homeworkout.homeworkouts.noequipment,Home Workout - No Equipment
6d70564e-a14b-4736-ac66-4337c015524f,new boy,https://play-lh.googleusercontent.com/a-/ALV-UjXUEg3Qz4lM4ysSb8Nz6gNexUXyWwr0AjaRZ_kBj9Rm5mEOo_-c,good,5,0,1.6.7,2026-02-18 05:28:10,,,1.6.7,homeworkout.homeworkouts.noequipment,Home Workout - No Equipment
104bcd72-a58a-4c98-b8a5-28bb7ab15cea,Phume Mdluli,https://play-lh.googleusercontent.com/a-/ALV-UjVxI9CZFmuXOhSBPcNtyi8Nwdpc_gn3NxFL-kp544ML78npGAfa,"So, you want to look healthy, feel healthy, be healthy... go for this. I moreso wanted calisthenics because well do Africans compete in gymnastics? What about the calibre of breakdance without breaking a thing? Not the goofy foot step... I mean windmills, turtles, head spins — this app is awesome. Thank you, I am starting again soon.",5,0,1.4.2,2026-02-18 05:25:55,,,1.4.2,homeworkout.homeworkouts.noequipment,Home Workout - No Equipment
67e34c11-5943-4112-90df-6125b04a81a6,Manish Kumar,https://play-lh.googleusercontent.com/a/ACg8ocKNnzD2agirT32Cua-YdEdCF_pVneaDtabj6FhItZ_KW_a6cw=mo,very nice,5,0,1.6.3,2026-02-18 05:20:19,,,1.6.3,homeworkout.homeworkouts.noequipment,Home Workout - No Equipment
d169c7ca-c6b0-4594-b162-5f0d9b2535a4,Bajrangi Kumar,https://play-lh.googleusercontent.com/a-/ALV-UjUcJNcajDzkHLRbN1g_agV1gvjp4WFN3zFAh20W4OkGZOplJBnbVw,nice ap,5,0,1.6.7,2026-02-18 05:01:38,,,1.6.7,homeworkout.homeworkouts.noequipment,Home Workout - No Equipment
eb14e177-ac64-44a9-a3a5-26ce7e745430,Jeremy Johnson,https://play-lh.googleusercontent.com/a/ACg8ocLlYKMxPZAYmvDv20kkA8Nxzad4ObHSOZNUus0Xd8a7O3NcNw=mo,broke a sweat,5,0,1.6.7,2026-02-18 04:08:18,,,1.6.7,homeworkout.homeworkouts.noequipment,Home Workout - No Equipment
6995c524-4181-400a-b5e3-9fb07ee537f2,Aakash Machhi,https://play-lh.googleusercontent.com/a/ACg8ocJJymzbYBv-3vUOd9Wn-FuILWNkIkNb90-dRVjlacvvEaW1KQ=mo,good,4,0,1.6.5,2026-02-18 02:27:57,,,1.6.5,homeworkout.homeworkouts.noequipment,Home Workout - No Equipment
80136d62-f028-4beb-9bfc-887a27dbe7c4,Edwin Kurniawan,https://play-lh.googleusercontent.com/a-/ALV-UjVWfWbQ9aAB2aVn_c8o6FL8Hxx_Cn98B4Pzu9JYcwLUu5qDSSCL,Good for practicing the people,4,0,1.6.7,2026-02-18 01:58:58,,,1.6.7,homeworkout.homeworkouts.noequipment,Home Workout - No Equipment
e1cda2ad-8401-4840-a600-604b2d97b295,Baba E,https://play-lh.googleusercontent.com/a/ACg8ocJlepzc7DXfNMVZsR-Nx1_oMbVw1eK0Wn-bBP5m5887pgRD4Q=mo,fire app,5,0,,2026-02-18 01:48:15,,,,homeworkout.homeworkouts.noequipment,Home Workout - No Equipment
fa14f3c9-bcbd-4a69-b3e1-20899ba2d7c8,Mendivil Family,https://play-lh.googleusercontent.com/a/ACg8ocK0VVcFxsLyfFqtERiISYDQF4So9AS_XSWXszOPcUWOdh8pRw=mo,very well maid app,5,0,1.6.3,2026-02-18 01:22:38,,,1.6.3,homeworkout.homeworkouts.noequipment,Home Workout - No Equipment
429331b1-1b43-4644-acab-864e338189f7,Adedayo Samuel,https://play-lh.googleusercontent.com/a-/ALV-UjXqYdUcFSA1FP40rsXyjvwoE45M1Q0M8Zsyv-Vn2ghFMlzKGuyQ,"Very nice Calisthenics. Can't believe this app is still free. If there's a way I can donate, please let me know. Thanks for putting this together. I look forward to the improvements it'll make on my body. God bless you!! 🙏🏿🙂",5,0,1.6.7,2026-02-18 00:49:28,,,1.6.7,homeworkout.homeworkouts.noequipment,Home Workout - No Equipment
