reviewId,userName,userImage,content,score,thumbsUpCount,reviewCreatedVersion,at,replyContent,repliedAt,appVersion,app_id,app_title
7eec415f-0d8e-453c-8409-3f401897dbb8,Abhishek Kumar,https://play-lh.googleusercontent.com/a-/ALV-UjWEjsQraBYXu4VGgmyq05ffva05LPnolFnm2X7n_5merjRYfEo6,my good experience for our app😄😄😄,5,0,4.617.10003,2026-02-19 15:59:28,,,4.617.10003,com.ubercab,Uber - Request a ride
66cda91a-eaa5-4f02-9dc4-1684bf12a51a,Toyin Titilade,https://play-lh.googleusercontent.com/a-/ALV-UjU0OHDevw8Z9ez6HNbeYfJa3khjVqsobV8IV69IP2OQiOFA3S8ocA,"VERY FAST, EFFICIENT AND SAFE",5,0,4.616.10004,2026-02-19 15:54:12,,,4.616.10004,com.ubercab,Uber - Request a ride
9162bab5-04fc-473e-8118-95310d4f0c5b,Avi Das,https://play-lh.googleusercontent.com/a/ACg8ocK3Ig-rCc1wzYu-IYgM-eZOA0GIGPfyCDJ68dsXY9cd4nbyUA=mo,very nice,5,0,,2026-02-19 15:51:28,,,,com.ubercab,Uber - Request a ride
5dcb3048-3d64-4bde-bf61-e273d0194d9d,Joselito Escanilla,https://play-lh.googleusercontent.com/a-/ALV-UjX35fp4FAZJHXCD585uue_dlLD9N5R6CIM1tcnuP66pRiQIn-M,"I cant turn off the toggle of uber wallet, well It is turnin off but it still automatically charge the balance in my wallet and uber one credit. Im using it for personal and work, now its hard to claim the expense. 02/19/26 Toggle off for uber balance still not functioning. Uber still automatically deduct everything.",1,0,,2026-02-19 15:50:22,,,,com.ubercab,Uber - Request a ride
119682d9-8b31-4183-b977-e78f6f5faff5,Shubham Rao,https://play-lh.googleusercontent.com/a-/ALV-UjWtKhWKgxvq3dv5N3zofhhCfxZSX0HORFYYOWCM0jeZ4iFcKKY,ye app bahut bekar hai,1,0,4.618.10001,2026-02-19 15:42:21,,,4.618.10001,com.ubercab,Uber - Request a ride
4b4ea94e-2fac-406b-b1b6-9ac61732e3b8,Lonely World Clothing Co. RichLoner LLC,https://play-lh.googleusercontent.com/a/ACg8ocKun9BszB6vxMqfckHNlDbaR74tS5V7onDto686rOqxMAwE_g=mo,"It is such an easy app to use. However, I did have (2-drivers) in one night. My first driver was very cocky and rude. My other driver was nice and interactive when it came to my guest and I.",5,0,4.618.10001,2026-02-19 15:34:41,,,4.618.10001,com.ubercab,Uber - Request a ride
23742d99-dd94-4e91-93e8-ca840309e2c3,CHANDAN Technical,https://play-lh.googleusercontent.com/a-/ALV-UjUSW1AT9HK6br42GNPp7OptyrMozf-nXAJgqHMwVqdEkaEVNV2c,well done,5,0,4.618.10001,2026-02-19 15:33:15,,,4.618.10001,com.ubercab,Uber - Request a ride
63504869-3619-40f9-b5e8-c3f53cc368af,Geet Kalani,https://play-lh.googleusercontent.com/a-/ALV-UjXmNQhoq5LC5syZ9uc1gYpeMEZg4sakWfYNjD_okdRDmYbE77-3,good,5,0,4.617.10003,2026-02-19 15:32:31,,,4.617.10003,com.ubercab,Uber - Request a ride
fa682331-33be-4de0-9c20-3df700efc6bb,Tristen Beh,https://play-lh.googleusercontent.com/a-/ALV-UjXXAd0utUoX7Y09ONpBEQeq-gTf6Y9AiCdovUHFwIbWrMPJbFQc,Need to Treat Driver and Passenger More Benefit ...more saving passenger and more earning for driver,4,0,4.618.10001,2026-02-19 15:32:21,,,4.618.10001,com.ubercab,Uber - Request a ride
e4166c03-594a-44a7-96ef-09b94aa5e5b1,Ekansh Goyal,https://play-lh.googleusercontent.com/a-/ALV-UjX5cRFIfv3lairPiVUOchrFLgzyzkSFgYV_lm0oamPFOh709Avg,"Sometime the rider takes the money through their own qr and and also upload on app for the payment, so you have to pay twice for same ride.",1,0,4.617.10003,2026-02-19 15:32:07,,,4.617.10003,com.ubercab,Uber - Request a ride
70de5ef9-dfd6-4dec-97cd-59212f85fd74,Yuvraj Choudhary,https://play-lh.googleusercontent.com/a-/ALV-UjVDLN0eiKfU-KFcY1yBvjXbtm90xlFqh5Aoj-_Tv90PttP0-7gs,uber automatically increase the payable amount when ride completes without any warning/reason. It shows some amount while booking a ride but after completing the ride it adds more amount automatically.,1,0,4.617.10003,2026-02-19 15:28:47,,,4.617.10003,com.ubercab,Uber - Request a ride
9914ae68-8661-4541-86e3-68dd3ece19c9,Bhavesh Bhoir,https://play-lh.googleusercontent.com/a-/ALV-UjWJFYTQmRTX60y8KMs5BeGQJpCPm0v4utKpR9QFqQpATYMM9lI_,awesome services,5,0,4.618.10001,2026-02-19 15:28:28,,,4.618.10001,com.ubercab,Uber - Request a ride
b96fe354-49a2-4572-a575-023bfc1f18c3,Michael Best,https://play-lh.googleusercontent.com/a-/ALV-UjVJsxLnFjPFhFwOb2jC2YnQ-AiAB9MPcLMYxn7XjIxZTH-zpW3a,works good now,5,0,4.617.10003,2026-02-19 15:28:10,,,4.617.10003,com.ubercab,Uber - Request a ride
be647376-ee77-4852-9b60-87f3417905c8,Lucas Ferreira,https://play-lh.googleusercontent.com/a-/ALV-UjVJ101m5XMLvWo0yg5_s64nM8c82xpnlKsXCTn4OsoiHo2LbrRB_A,"O aplicativo fez esperar tanto que era mais rápido ir de ônibus e não foi a primeira vez que isso aconteceu. Se eu cancelo sou punido, se o motorista cancela ou fica parado eu também sou punido.",1,0,4.618.10001,2026-02-19 15:24:10,,,4.618.10001,com.ubercab,Uber - Request a ride
50b836f7-fd66-4468-b338-02655c5821b1,Sanjay Lamani,https://play-lh.googleusercontent.com/a-/ALV-UjXm4DTmpy70dKchMav5h_unzbwPQnnm8_EGBPL4U9Vms2IhZw,Good,5,0,4.617.10003,2026-02-19 15:16:46,,,4.617.10003,com.ubercab,Uber - Request a ride
7b7efda4-9598-4178-95cc-40f861d2a19c,momodou colley,https://play-lh.googleusercontent.com/a/ACg8ocJvg-SkiAzAa678gocQoGQWkhyTIdXlNXQT-DMOakx1qMBceQ=mo,very good very happy customer,5,0,4.618.10001,2026-02-19 15:10:23,,,4.618.10001,com.ubercab,Uber - Request a ride
ce9c5aad-3c64-4692-9a3c-7b293a0770ba,pritam das,https://play-lh.googleusercontent.com/a/ACg8ocLIobkJQIpGzZXOmgnbNiRyBCquy00iy9DsLQy7DEl4lGW0Jck1=mo,mis match fare,1,0,4.617.10003,2026-02-19 15:01:25,,,4.617.10003,com.ubercab,Uber - Request a ride
be65bbf3-62d1-43a3-a77b-fc0db21415d9,Aryan Sharma,https://play-lh.googleusercontent.com/a-/ALV-UjXB5DdQxnHkW_Bjen-dcT2tGV3Qh721M5WPBJLcR_t89xGHbE7Z,"worst app ever, extra charges for cancellation of ride and if the driver cancels then there is no penalty for wasting my time, waited for 2 drivers the did not arrive so I cancelled on 3rd yet it charges me fees and support is so dogshit that they can't address it still worst, people should go for rapido and other stuff which actually cares about support and doesn't charge extra fee.",1,2,4.618.10001,2026-02-19 14:59:16,,,4.618.10001,com.ubercab,Uber - Request a ride
b7260928-1964-4dd7-8bc1-ad375bf0ddd2,Jayprakash gahlot,https://play-lh.googleusercontent.com/a/ACg8ocKtYYYxkJERbPxJpfBX1y8RwSGQ0Iupp8y1JfdDbREcGdvpEQ=mo,fine,5,0,4.609.10005,2026-02-19 14:55:43,,,4.609.10005,com.ubercab,Uber - Request a ride
86b9be6d-bdaf-4ae0-bccc-5c9380cf938d,ketan khandekar,https://play-lh.googleusercontent.com/a-/ALV-UjVNL5b8uWV1UPVtulkgtOtfLQHY6MeG1CACLrK9V1zgMaVWx2w,good,4,0,4.617.10003,2026-02-19 14:52:02,,,4.617.10003,com.ubercab,Uber - Request a ride
c35d6b1d-817c-4ea2-a774-2a37ff30d2bc,DIWAKAR SINGH KUSHWAHA,https://play-lh.googleusercontent.com/a/ACg8ocIXqboWiBwefeD3bjFQ7dDb4ORShfcOWR_HIGVlzUHzRsL50Q=mo,good,5,0,4.617.10003,2026-02-19 14:51:37,,,4.617.10003,com.ubercab,Uber - Request a ride
bcebef75-7634-452d-9d37-658f9dd9087c,rohit tiwari,https://play-lh.googleusercontent.com/a-/ALV-UjWiVRmdqmjxCiXFTjtJZS086nQYepmgG0AUlXIQNUA--Qgr5Cur,very good 👍 Sarvice ubar thankuu,5,0,4.617.10003,2026-02-19 14:46:08,,,4.617.10003,com.ubercab,Uber - Request a ride
1c5de254-d0f1-41e8-baac-8d02bb54ba6e,Alvin Turner,https://play-lh.googleusercontent.com/a-/ALV-UjXNvZGcz2aTIElDGaEpBgyyP0O7TFdvq-K_sEXUX11w5fzop1yk,good customer service 👍,5,0,4.616.10004,2026-02-19 14:36:07,,,4.616.10004,com.ubercab,Uber - Request a ride
f0bc205f-b303-4450-b2a0-ec487c52146c,Dimple Saxena,https://play-lh.googleusercontent.com/a-/ALV-UjUFCOw7-l05MytFfvK52QtPLMl2-Y-33Tk_wghme8Ld9JD9i6A,Uber bahut badiya app hai,5,0,4.617.10003,2026-02-19 14:32:32,,,4.617.10003,com.ubercab,Uber - Request a ride
58981f1c-b702-403b-bb13-236b302e5e28,Brenda Siara,https://play-lh.googleusercontent.com/a-/ALV-UjU_yoDphoIQFGymzm0X_uGEhcszYNq7jfpnJy-Tve93IM7LQUQ0,I think Uber has failed to transfer a culture of good customer care across the board. In Poland you meet racist drivers (one death-stared me and my 6yr old son through the rear view mirror) or those who will start the trip and even drive to the destination without you on board! Uber support will not help that I got billed. In Kenya they negotiate the price outside the app making you pay more for circumstances beyond your control eg. the condition of the road at your pickup or drop off!,2,0,,2026-02-19 14:29:15,,,,com.ubercab,Uber - Request a ride
3a8deb4b-d4d3-447a-ad19-671e4430ca7a,Mukkara Prasanna,https://play-lh.googleusercontent.com/a/ACg8ocJ7MO799DnpY2xq7x85kJ-GvpKVZnpw0Ho_-veUZ6TVoGaBzw=mo,"Every driver is asking for extra payment, and if we refuse to pay, they drive rashly. I am not going to use uber, I feel not safe to use.",1,0,4.617.10003,2026-02-19 14:27:21,,,4.617.10003,com.ubercab,Uber - Request a ride
2c6dfb1c-2ed8-4d33-8039-012caf817a7a,RAJAN SHUKLA,https://play-lh.googleusercontent.com/a/ACg8ocLfHlHzgh3_nCF1FMUxvkL_oniURT25xq3vnJnHoilffV9bzQ=mo,good service 👍,5,0,4.615.10000,2026-02-19 14:24:05,,,4.615.10000,com.ubercab,Uber - Request a ride
84d4024f-eda4-497a-97da-b30d45e88b7a,jesse hamm,https://play-lh.googleusercontent.com/a/ACg8ocL6OVzVZnT-4dt0M4BKToy-KZA7AIxPYaz4iITRQdEAJexZ=mo,great 99%og in,5,0,4.617.10003,2026-02-19 14:23:58,,,4.617.10003,com.ubercab,Uber - Request a ride
f5486baa-42d1-40ff-9527-424456f9fa2b,Sonali Ganguli,https://play-lh.googleusercontent.com/a-/ALV-UjUdUNPxOIFNrsAk9TRYUHUoKdUMmakOdfeRAkAsnc0VZVRE6cES,Very helpful,5,0,4.615.10000,2026-02-19 14:18:19,,,4.615.10000,com.ubercab,Uber - Request a ride
64a6177b-7598-4d53-bdbc-e6a0573b675c,subhan khan,https://play-lh.googleusercontent.com/a-/ALV-UjWPu5PEQtI_Q17PfHCglIb-CN5c3qKN7jZ88__d1JEAY6nfitgM,Vehicle was very comfortable.,5,0,4.617.10003,2026-02-19 14:15:44,,,4.617.10003,com.ubercab,Uber - Request a ride
99c336ba-a821-42c0-a9ab-448883d9bc1c,ASHOK PRAJAPAT,https://play-lh.googleusercontent.com/a-/ALV-UjXsR4shQwTvE2d27uC49cGk92zbXxI2bcH7wCl3tQLRploUM0I,ok,5,0,4.618.10001,2026-02-19 13:58:28,,,4.618.10001,com.ubercab,Uber - Request a ride
dd5417ef-9142-4ecb-872c-7fd339900cae,D. Higiro,https://play-lh.googleusercontent.com/a/ACg8ocJhzQGr3v7HJXYCUHINZBSHwAlU3OH0xVWH7aDaPyn1BST9ow=mo,"When it works, it works. When the driver attacks you and steal your stuff after canceling the ride to claim paiement outside of the app, he is rated 5 stars by uber who does nothing to help. You could be stabbed, killed or raped in the cab, it's not the responsibility of Uber so they will just watch you! Uber will even bill you an additional *cancelation fee* since the driver canceled it must be your fault 🤡 🤡 The bill will be attached to your coffin and Uber don't see that as problem.",1,0,4.617.10003,2026-02-19 13:57:45,,,4.617.10003,com.ubercab,Uber - Request a ride
5f477c01-76ad-47a7-b980-8aecad7a3b0e,Dennis Kent,https://play-lh.googleusercontent.com/a/ACg8ocIqGLWbWOrlsGcMIFyGLbFjezif8ur96_O6la6f4dtsHIibwg=mo,"Opened with the wrong start location and wouldn't allow me to change it. Eventually frustrated, tried uninstalling and reinstalled the app. Then I got into a very frustrating situation with the app sending the login pin via email which I can't access without closing the app. I ended up being 2 hours late because of the issues with the app.",1,0,4.617.10003,2026-02-19 13:46:06,,,4.617.10003,com.ubercab,Uber - Request a ride
80d781a8-f7ae-4d4d-aa68-f63a32625c1a,Shaji Ks,https://play-lh.googleusercontent.com/a/ACg8ocImHL1Y-Bi8Kjr4FVmmQrHI4tOTQKZsLYh-7ao49F9eEK09Tg=mo,nice ride,2,0,4.617.10003,2026-02-19 13:44:59,,,4.617.10003,com.ubercab,Uber - Request a ride
e5672782-8daa-401c-a460-4b45e1194ae2,Dhiraj Pandey,https://play-lh.googleusercontent.com/a-/ALV-UjXot85gRXmzZTvJpZSVkjmGrwPtMm5EJfgzNmYdyuznGxmQn7VO2w,good,5,0,4.616.10004,2026-02-19 13:40:47,,,4.616.10004,com.ubercab,Uber - Request a ride
657305ec-71ec-4f34-8a00-904523dab2b6,Gary Clayton,https://play-lh.googleusercontent.com/a/ACg8ocKvNQwSmlqASgL5U2IITejGKTaTcDoV90l-PLJwIJOYRKlZZQ=mo,"new to ride share ,not a tech head by any means , found it easy and very enjoyable",5,0,4.617.10003,2026-02-19 13:38:28,,,4.617.10003,com.ubercab,Uber - Request a ride
32d62cb6-1108-47ae-aca7-9458b0fab68d,Subash Jeeva,https://play-lh.googleusercontent.com/a-/ALV-UjXm5BCPzu9vRBA5bz4GKHfWsZqQFR6eV8AViZv9GwgcMlAFT2wj,Time pick up is Well👍🏻,5,0,4.617.10003,2026-02-19 13:37:55,,,4.617.10003,com.ubercab,Uber - Request a ride
6d481e6b-ed01-43dd-8373-bb980ecd152a,Padam Raj Daftary,https://play-lh.googleusercontent.com/a-/ALV-UjX2cD1ac65JKFIODN9Z-PbyPrwdygDArGAFktt5M0tTwog-V7h0,something really wrong. for a trip both driver and uber cash was taken and amount difference is 450 and they closed ticket by issues 3 rs 85 ps and there is no way to contact. their support is just not reachable nor there is any mail. they insist to use app but there is no way I can write my custom grivienence. Such a bad experience with Uber and now a days its common to get teoubled. customer is getting fleeced.,1,0,4.617.10003,2026-02-19 13:36:26,,,4.617.10003,com.ubercab,Uber - Request a ride
6a9a900a-be2d-4a1c-b39d-79317fe8000e,Veena Reddy,https://play-lh.googleusercontent.com/a-/ALV-UjXJBL4A3KrRNcvyNWqfQ4DHltreJJDFAI4tHnyxdI9coYR1NbY,wow,5,0,,2026-02-19 13:31:32,,,,com.ubercab,Uber - Request a ride
c9e83f10-e688-432e-bca9-337c1b8fcbf3,Rajkumar Sharma,https://play-lh.googleusercontent.com/a-/ALV-UjVovemLKM2MlO3xZrEsgHJUsP1XHFiIKF5t1TMFkd4_jchHL-l_,oky,5,0,4.617.10003,2026-02-19 13:25:10,,,4.617.10003,com.ubercab,Uber - Request a ride
284345d2-d331-41e6-856c-17a53dcb1968,Uddhav Biswas,https://play-lh.googleusercontent.com/a-/ALV-UjVhZm2k9MQ9aGPf4f_7qnQ2mfFlRyANzkEDpYKdB8VaX55JwxlI,"Good app but think for the drivers too, mostly are dissatisfied",5,0,4.617.10003,2026-02-19 13:23:29,,,4.617.10003,com.ubercab,Uber - Request a ride
a37b1520-3e58-4074-b87b-69faae16de43,Hemant lade,https://play-lh.googleusercontent.com/a/ACg8ocLkWHTF1aOEBKnDjfNXT70TVFrBtpCuinLt1cUs4ik1bRJ9=mo,nice,5,0,,2026-02-19 13:17:30,,,,com.ubercab,Uber - Request a ride
7a636225-25e5-4d21-941a-6e2b2c8e5e15,Tanmayee Mazumder,https://play-lh.googleusercontent.com/a-/ALV-UjW0EwutpwCHyfyMSkjGZE-xNdA556V4Rlwabwb0ziMui6HUj3E,i am very satisfied and they don't have any extra charges like other app. its affordable and its worth money.,5,0,4.615.10000,2026-02-19 13:16:19,,,4.615.10000,com.ubercab,Uber - Request a ride
2832a821-ff35-4c9b-8da8-764341a7ef33,Abhishek,https://play-lh.googleusercontent.com/a-/ALV-UjWZUdv6XwSfR40Jr3cTpakPaWkRHXDF3-cHW-zJRpTfRd1HhS0,lodu experience,1,0,,2026-02-19 13:16:12,,,,com.ubercab,Uber - Request a ride
a77d923e-d6ad-4ee2-91a5-413320df8d0e,Arun Kumar,https://play-lh.googleusercontent.com/a-/ALV-UjXHH8AW8pDY0h8Ta85xAkwShlC-zehaNlrFrdoh7oWKnpoGGR-K,good,5,0,4.617.10003,2026-02-19 13:14:05,,,4.617.10003,com.ubercab,Uber - Request a ride
c6726493-7691-42c5-8742-2fc5871af76e,Tushar Solanki,https://play-lh.googleusercontent.com/a-/ALV-UjWZx267XJacyiGxO-nKF5Cave-dgzFlIj559Cak9T7imq8Kw9AL,nice,5,0,4.617.10003,2026-02-19 13:11:40,,,4.617.10003,com.ubercab,Uber - Request a ride
79ad47b8-3a5f-4483-b8d7-f1d9f0c3e749,D.,https://play-lh.googleusercontent.com/a/ACg8ocL5kNWcKYR1BJtqXoM5sV-bYJLCM1zmS_ukX2NM4q9ldW13Kw=mo,"Abandoning a woman with a walking disability and two big suitcases in freezing weather and kneehigh snow is a special kind of evil. Driver just told me to get out, unloaded my luggage and drove away. I'm not using Uber again because it's not safe. Support is rude and refunded only ~half of the price.",1,0,4.617.10003,2026-02-19 13:03:44,,,4.617.10003,com.ubercab,Uber - Request a ride
efbf5c1f-b663-4b43-bc1f-83b4416e6b19,Rohitkumar Patel,https://play-lh.googleusercontent.com/a-/ALV-UjXRNYnMZQAumgd7JWMbeTdzwbnnhBLmZyo6DTZpDPALcIS4-i7E,nice and reasonable,5,0,4.618.10001,2026-02-19 12:53:50,,,4.618.10001,com.ubercab,Uber - Request a ride
d26c7c64-60eb-4088-b81f-1cc785f498ad,Manhar Shukal,https://play-lh.googleusercontent.com/a/ACg8ocKiFJGuFTHltq0qyjmngQX8DYNumdGqBoDcOMhCrFnx_09axw=mo,good,5,0,4.617.10003,2026-02-19 12:50:28,,,4.617.10003,com.ubercab,Uber - Request a ride
1b3dffff-7994-424f-924a-7ec56c98ea64,Payal Tyagi,https://play-lh.googleusercontent.com/a/ACg8ocJX01fXEAB2qL7KQj-Mw0K172_GvwTmnJyN-ZDmlSNxTaNZ5g=mo,well mannered..,5,0,4.618.10001,2026-02-19 12:48:03,,,4.618.10001,com.ubercab,Uber - Request a ride
e0f4b58f-aeac-465f-8e45-359d7e754b50,Umesh Kumar,https://play-lh.googleusercontent.com/a-/ALV-UjX9figapg_12nMYi9fWl5gAqF4NKIHIQSNQ2GHIaaj_823EWxLm,Good at,5,0,,2026-02-19 12:47:04,,,,com.ubercab,Uber - Request a ride
2b628be4-9f03-4c4e-ab8b-8722b41c0d82,pramod mc,https://play-lh.googleusercontent.com/a-/ALV-UjWR6Od5bKDb6c73SmGALo0xo3TXxZACUnMJmTB7JTVOlkhlwflkcQ,very happy,5,0,4.617.10003,2026-02-19 12:45:22,,,4.617.10003,com.ubercab,Uber - Request a ride
f8e27922-7c76-4262-8e8f-aadb7f706cbb,Ansh Deep,https://play-lh.googleusercontent.com/a-/ALV-UjXdLEZQuE250UiTktLmeuY0VKrdceK8GIWet-UPB-4CIKGXWhJD,excellent service,5,0,,2026-02-19 12:44:56,,,,com.ubercab,Uber - Request a ride
02bf5efe-92ca-45d6-9313-e7e6fc504042,PK official,https://play-lh.googleusercontent.com/a/ACg8ocKwJJNBjXvpWS0ppNwA2sjJarXRUsQAYXqDzFY60WPFR8Lnu0c=mo,excellent,5,0,4.617.10003,2026-02-19 12:41:53,,,4.617.10003,com.ubercab,Uber - Request a ride
9bb66335-3bad-47c3-8698-6a13cdbb454c,Aiman Muqrad,https://play-lh.googleusercontent.com/a-/ALV-UjXgVfQB2dd1JoY09q4jAwW3502JIXj-5g-MTagsQsH3eR8XlOFZ,"the more you use it, the more expensive it gets",3,0,4.617.10003,2026-02-19 12:38:03,,,4.617.10003,com.ubercab,Uber - Request a ride
fff35c3c-e058-434f-9af3-e2d9cac3f901,Rashmi Iyengar,https://play-lh.googleusercontent.com/a/ACg8ocJUztLDQLl6fejYGDhtwvISp7h9I2rEwG83gKW_wp_sjh4Lpg=mo,"I had previously booked a ride. Initial fare was 147 When I reached the destination the fare went up to 207 When complained to the app, they gave me uber cash. I did not get the 60rs refunded as actual cash instead. I do not use uber cash, nor do I want to. Why was the fare raised in the first place",1,0,4.617.10003,2026-02-19 12:33:34,,,4.617.10003,com.ubercab,Uber - Request a ride
3ba1b6ae-c171-4a15-83c7-bbdd82cb6ec0,Simone Preston,https://play-lh.googleusercontent.com/a/ACg8ocKS4NfKQmUDXQQpae4AWaqK4HI2A4fuZAYS1DkEoJ_zUbhSxgam=mo,"Recent issue with the app, ongoing issue with their service - Recently, I started getting an error each time I opened the app, saying, ""Something went wrong. Try again later"". I have tried resetting the cache, data, and updating, but no change. The Uber service is appalling, and they've left the support inbox to AIs to respond. How lazy! On my most recent trip, the driver missed the turn-off from the freeway, and the unnecessary detour cost $5 extra. Uber (AI) refused to refund this. Atrocious!",1,0,4.618.10001,2026-02-19 12:28:40,,,4.618.10001,com.ubercab,Uber - Request a ride
8a1156e5-a9ef-4399-8211-48aa37ea85db,Janos Domokos,https://play-lh.googleusercontent.com/a/ACg8ocIjDwuq6yN5dbvLPjawAdiXZwQX5ltf0GC-xsE0loBWxjbh6A=mo,Best!,5,0,4.617.10003,2026-02-19 12:27:54,,,4.617.10003,com.ubercab,Uber - Request a ride
cdfed2d7-7aa9-4280-8685-c753607573ef,Parthasarthy Gopinath,https://play-lh.googleusercontent.com/a-/ALV-UjWdUyy-zp899lr3vM-Ar2fYZ77MyNrRxvtdMXaqhXDqP2quJbC0jg,good,5,0,4.613.10001,2026-02-19 12:25:57,,,4.613.10001,com.ubercab,Uber - Request a ride
aadd50a5-480e-40d3-b22b-f97693cf7a4f,Aridaman Singh Dhillon,https://play-lh.googleusercontent.com/a-/ALV-UjXdOGWjYWAXy0DCqXOxcXMlRlKABQaT8TO7O0faIo8b7vtcCyk,satisfied everytime. only problem is with the location system. often it is difficult to show the exact location on the map making it difficult for the drivers to find the customer.,5,0,4.617.10003,2026-02-19 12:25:46,,,4.617.10003,com.ubercab,Uber - Request a ride
613e667d-10a9-43a0-b07e-3c649bb798d5,Omkar S,https://play-lh.googleusercontent.com/a-/ALV-UjXg-JHzeLOzYgWS1hX1RAoOjRyaQkWofr1uaGH-UMX5KgcvguQ,useless app,1,0,4.613.10001,2026-02-19 12:20:02,,,4.613.10001,com.ubercab,Uber - Request a ride
139ef15a-cf13-4b1c-bcdb-3736079fc5e1,OZMB Ahmed,https://play-lh.googleusercontent.com/a/ACg8ocK3C6qed4qOe88MXpbx4-LiGyOFBs84NLRy0zgEBfG-ngZmhA=mo,جيدة جدا,5,0,4.614.10002,2026-02-19 12:14:55,,,4.614.10002,com.ubercab,Uber - Request a ride
606999af-1fc0-4f36-8e60-5a2e2ac9be1c,Adrian Rosario,https://play-lh.googleusercontent.com/a-/ALV-UjU0c7hixmtTUsQIMEQtiq_-j-Nwdt5cClpcBKbSkQ0cIIs5aM7U,"Right now I'm using Lyft because every time I open the app, it keeps saying ""Something went wrong, try again later"" over and over again.",1,0,4.617.10003,2026-02-19 12:06:50,,,4.617.10003,com.ubercab,Uber - Request a ride
cf9ebf44-278e-459f-bf70-c4241ca65232,Ashiq Khan,https://play-lh.googleusercontent.com/a-/ALV-UjVcI4psAX0rgj9jhyT4DzhKkcQWR3MucwXLXtcC0M60eimr57k,nice 👍👍,4,0,,2026-02-19 12:05:03,,,,com.ubercab,Uber - Request a ride
852b4191-4c8f-4a94-9536-5953591b132e,Indrashis Ghosh,https://play-lh.googleusercontent.com/a/ACg8ocJJZLldtjT9VYr-DhHtBdxTT-pS1ioWkraRBJannsUczxhEvg=mo,good app for budget friendly and driver's also,5,0,4.617.10003,2026-02-19 12:03:48,,,4.617.10003,com.ubercab,Uber - Request a ride
847ddf82-09f8-4200-bb51-d3be55d30d46,Lindelwa Sokhela,https://play-lh.googleusercontent.com/a/ACg8ocJJUQsLQC7ohNuDxk8D1N0MQ2GxAj7o1bpbbfr8XpnMjWdo8w=mo,I had a nice guy for my first time riding a motorcycle ❤️ ❤️ I loved it and I'm definitely doing it again,5,0,4.617.10003,2026-02-19 12:02:36,,,4.617.10003,com.ubercab,Uber - Request a ride
e8204a2a-3e01-4807-b176-ffe938949f95,Christopher Gerlach,https://play-lh.googleusercontent.com/a-/ALV-UjVzFPg16ax4rGVRs85F-1-jtzwjSytltRd1oHhWQ792-_TxA5g,ok,5,0,4.617.10003,2026-02-19 11:59:13,,,4.617.10003,com.ubercab,Uber - Request a ride
3a2fa852-cf1e-4617-a99c-d41ec79b15ef,Rajkumar Shriwas,https://play-lh.googleusercontent.com/a-/ALV-UjUrQr2WNYkiwmKwlhLsAou6jbUHuyh0oseS5DZ2Fn52qyiWABc,good driving,5,0,4.617.10003,2026-02-19 11:51:30,,,4.617.10003,com.ubercab,Uber - Request a ride
94f5c0b8-32c9-4d70-b5fd-aa02b926ca96,Sadashiv Kode,https://play-lh.googleusercontent.com/a/ACg8ocKd_TRw6RVHtCnADLmRheE-JMM809vXfBlDzfIhAtZJAt0CYQ=mo,good,4,0,4.617.10003,2026-02-19 11:45:20,,,4.617.10003,com.ubercab,Uber - Request a ride
9f1dab63-a60d-431c-84bb-1eeb8ee59001,Daniele Favaro,https://play-lh.googleusercontent.com/a/ACg8ocIJaTSE_b-vzyVQbPWxltn_ZEdIEixyH3yjs0l1ReK1BxFfe1H_=mo,"can't login the app; ""something went wrong""",1,0,,2026-02-19 11:44:46,,,,com.ubercab,Uber - Request a ride
c504399f-cad6-43e4-bbfd-a720ff546bf6,Venkateshan A P,https://play-lh.googleusercontent.com/a/ACg8ocIiXWMJ0QTcMjYaQ7Yb0EwLn2k5N1RmpsvSRlvvwii1jC9Oag=mo,"The worst app and bikers are using this app as an advantage, can't even be able to report them",1,0,4.617.10003,2026-02-19 11:44:10,,,4.617.10003,com.ubercab,Uber - Request a ride
098cdbcd-4467-4720-bba7-c73684382455,Md Naushad,https://play-lh.googleusercontent.com/a/ACg8ocJriQ35ugo5nH9eqieTzTFJC2nOLLzShO00zq1CjmU_6GsiDw=mo,es aap mein charg badh jata hai,2,0,4.617.10003,2026-02-19 11:42:08,,,4.617.10003,com.ubercab,Uber - Request a ride
446db343-fd95-4cc7-b9dd-640abd596d04,Shantha R,https://play-lh.googleusercontent.com/a-/ALV-UjXCOMCBmqO6aVKtRibUuXKWpjEQWKY-r8qMkb5J1F-G5iW2RZU,good,4,0,4.618.10001,2026-02-19 11:39:11,,,4.618.10001,com.ubercab,Uber - Request a ride
8df3f4f2-1a1a-4923-b697-e5d22d9cffb8,BHAYANI PIYUSH,https://play-lh.googleusercontent.com/a/ACg8ocIdvXArl4fQXAxUPiTa0PkQKDkFJ6_DugVIfinrj0zO9btptqgI=mo,not working app this time,1,0,4.617.10003,2026-02-19 11:31:03,,,4.617.10003,com.ubercab,Uber - Request a ride
b67e9c4d-da16-4331-9466-1cf475fa4553,Gopi,https://play-lh.googleusercontent.com/a-/ALV-UjVnLVNrgud0kG05zBDbyInkwHCo9SvKVXbkgxt_LaYklp3MxQAp,there is an issue for opening interface,1,0,4.618.10001,2026-02-19 11:30:55,,,4.618.10001,com.ubercab,Uber - Request a ride
0c77bd12-de18-445e-8c8f-b1150b8c9a9d,mistimon productions,https://play-lh.googleusercontent.com/a-/ALV-UjUVo9pC8-R3b90rbn_K4eo_zbKymnkLJLfjbVmdzIG6EQSWkpYP,wao,5,0,4.617.10003,2026-02-19 11:30:31,,,4.617.10003,com.ubercab,Uber - Request a ride
fb126e98-1296-46ca-9391-5d702c5dd9e6,rcreddy eragam,https://play-lh.googleusercontent.com/a-/ALV-UjVlfts1wuWX5v_hq_eBoM4FqzFZSETZE2aj4g_p90smpfpII4C_,worst app.No customer service for any complaint or clarifications.,1,0,,2026-02-19 11:29:51,,,,com.ubercab,Uber - Request a ride
6fcb5a5b-c7c6-412e-a3a6-c35fbff98c84,Denysha Battle,https://play-lh.googleusercontent.com/a-/ALV-UjWJtONXaID63r0u2a3QgpmbZxNsawuR7p8_-9wL4qjy4cgaLwXwKw,app just keeps closing out. I can't even order food but it will take my money for Uber cash,1,0,4.618.10001,2026-02-19 11:28:55,,,4.618.10001,com.ubercab,Uber - Request a ride
a8c0e945-7448-4439-af12-192c57c05b47,Arjun Gupta,https://play-lh.googleusercontent.com/a/ACg8ocIbrnuLV5sOFpXQuiFspWSIJJRqa6nx5MTva1shYRIn7W1LfA=mo,good 💯,5,0,4.615.10000,2026-02-19 11:26:24,,,4.615.10000,com.ubercab,Uber - Request a ride
5e221c80-cc44-4ed0-a262-6f51439ea2be,Tlotlo Kole,https://play-lh.googleusercontent.com/a-/ALV-UjVnQc5wCDz10x08u9dYx8a6v2Rihl8NG7wHgoDqX0tQps_3HUQ,Great discounts.,5,0,4.617.10003,2026-02-19 11:24:46,,,4.617.10003,com.ubercab,Uber - Request a ride
8c20bb47-2693-4851-b378-5e6318f4d60c,Kaps JY. Nath,https://play-lh.googleusercontent.com/a/ACg8ocK60r3q7OzIVv80jDr4979oAjaKJ87E-Z91Ssb698O49WJXr-4=mo,gud,5,0,,2026-02-19 11:24:36,,,,com.ubercab,Uber - Request a ride
dd1059af-d484-43a4-a80f-b5fb914a9e1a,Asher Ahmed,https://play-lh.googleusercontent.com/a-/ALV-UjU0AIY_8GsI2UXO7ItYdZXZOl7bmuoPBPb7yUgCfnnLMC5uewHI,totally the app is good but it show the price like 60 and it cost like 80 totally the app is so good but this facilities are not good drivers are also good but over race charges,1,0,4.601.10001,2026-02-19 11:18:35,,,4.601.10001,com.ubercab,Uber - Request a ride
4922701f-8e10-4f58-9837-d40614af387f,Doreen Kate,https://play-lh.googleusercontent.com/a/ACg8ocK9DqJlUVIzA6Bqg1nxNwtNBDjVS5ZlHZAfJMWl6YMmvgBG-fZK=mo,exceptional!,5,0,4.617.10003,2026-02-19 11:18:00,,,4.617.10003,com.ubercab,Uber - Request a ride
80c801d1-6cb0-4248-990c-a6ff9a1aa3d7,AMIT KUMAR,https://play-lh.googleusercontent.com/a-/ALV-UjWLsqa9Fhry-1AWChOIxRP67NEwK2vVFyM1YfJn_aitdhGxfmGo,nice 👍,5,0,4.609.10005,2026-02-19 11:17:27,,,4.609.10005,com.ubercab,Uber - Request a ride
42f68aa8-4589-48d8-b6b8-f41d5040275e,Ram 9347,https://play-lh.googleusercontent.com/a/ACg8ocIkjlNVYK8xP-tEXb8oFtTm1_TNZQvgv6v_TM5AeKsyCylcRA=mo,super 🥳,5,0,4.617.10003,2026-02-19 11:16:15,,,4.617.10003,com.ubercab,Uber - Request a ride
94415b55-b456-4c49-9770-a609ee131610,Danny Copp,https://play-lh.googleusercontent.com/a/ACg8ocL8wF11FFZgf9PfgSFMXZ2LHGVhiuFwuAOFMYwboSbzAaoizw=mo,I love the service,5,0,4.617.10003,2026-02-19 11:13:35,,,4.617.10003,com.ubercab,Uber - Request a ride
aa3c1066-47e4-4b23-af9d-a7a3417301d9,Isaac Wesonga,https://play-lh.googleusercontent.com/a-/ALV-UjW8Fcqz5s_SpkItp-CXT3mCufT-XlzjJmg9KFvdaVGIMxo6ce3XMA,"I love the service, is really perfect",5,0,4.615.10000,2026-02-19 11:11:51,,,4.615.10000,com.ubercab,Uber - Request a ride
221ddb29-7331-42f5-af4a-8543a08166e6,Meghan,https://play-lh.googleusercontent.com/a-/ALV-UjXvr9RlwYJTdwKUFK5bR4SkRDPIzMX8EwAVVwxx8A9aXPc4RUk7lg,"I downloaded the Uber app (for the first time) about a half hour ago, and got a message that said 'something went wrong, try again'. So I waited and tried again after a few minutes, and then waited a few more minutes. Then I closed the app and restarted my phone, nothing. Next I uninstalled and reinstalled the app 3 more times ... NOTHING has worked to get the app to open so finally it is now uninstalled (for good) and I will not be utilizing this app going forward.",1,0,,2026-02-19 11:11:25,,,,com.ubercab,Uber - Request a ride
a04e9a08-b52a-4d78-9306-f880aaee4c5a,Mithun Kumar,https://play-lh.googleusercontent.com/a-/ALV-UjWNf-yqSvhK3H0HV8sdGEeagL3EJcVQb6kI-vjK0jCbhp91k54r,good,5,0,4.617.10003,2026-02-19 11:10:03,,,4.617.10003,com.ubercab,Uber - Request a ride
6223a0bd-9540-4da7-9727-52b0766b0046,Manjit Mishra,https://play-lh.googleusercontent.com/a-/ALV-UjXlEjt7g5J4RbPAm2DDIt6gpjOzgkvOF-gEf6449T5tC_Kkpbi0,good,5,0,4.617.10003,2026-02-19 11:09:34,,,4.617.10003,com.ubercab,Uber - Request a ride
5dc3289b-a643-4097-ba73-29eff50d80f5,Vinayak P,https://play-lh.googleusercontent.com/a-/ALV-UjXnlR0ShTtbRwHGWCTBPfoQlQvSSI5894k7-b_t-sMixr-4ign3,super app,5,0,4.617.10003,2026-02-19 11:02:04,,,4.617.10003,com.ubercab,Uber - Request a ride
3a3d8b7a-514f-40f9-b1dc-57ae1df39f25,mawuli Agbenafa,https://play-lh.googleusercontent.com/a/ACg8ocKk25ofrJO_Z_2U5ouhfdSEvEIvYHlONt9135D90WArid3vOQ=mo,I got ban for no reason,1,0,,2026-02-19 10:59:49,,,,com.ubercab,Uber - Request a ride
7e7e6218-e6d8-4778-83ce-1e5351379ec4,charles O. ours,https://play-lh.googleusercontent.com/a-/ALV-UjUektBM1FmuGXL5qvzAJnDyiZp6FscqA4TlhxWKk1xUNSFUNoY,always mostly reliable,5,0,4.617.10003,2026-02-19 10:56:18,,,4.617.10003,com.ubercab,Uber - Request a ride
6408a438-a81f-48a8-905d-7d1f00d3a375,Dmitrii Repenek,https://play-lh.googleusercontent.com/a-/ALV-UjXyDN91JZDQ9N0YX8RBsjatKtcZux687NScyPSpGYuDVDQRt0Q,Unable to log in. Unknown error,1,0,4.617.10003,2026-02-19 10:53:41,,,4.617.10003,com.ubercab,Uber - Request a ride
3bc77ade-54c9-4888-8fd5-8af3f9c45de9,Raul Gomez,https://play-lh.googleusercontent.com/a/ACg8ocJpwzLJKQUuA9Y_FlnlIB6rWfeHyNAvxNDIfcxcilCWGPF5Yw=mo,peaceful,3,0,4.617.10003,2026-02-19 10:53:09,,,4.617.10003,com.ubercab,Uber - Request a ride
10adf819-5a44-4f5e-b6ad-faaaaf5b02c1,Gurpreet Singh,https://play-lh.googleusercontent.com/a/ACg8ocKCKQFBB4kdQHCfV25RLipDd3onRuJaFrUoQpQYkk4YalLTHQ=mo,good service,5,0,4.617.10003,2026-02-19 10:42:16,,,4.617.10003,com.ubercab,Uber - Request a ride
aecaffe1-b2d0-4fde-ae01-f7878ee5ee64,S D,https://play-lh.googleusercontent.com/a-/ALV-UjXpnkPHE0lFXAHdngS3jGELDH4cZFldfRiMUQLCu6pNHI-iuDFb,I've used and paid for the Uber one membership for several years but they truly don't appreciate their customers what a horrible waste of time,1,0,4.618.10001,2026-02-19 10:37:35,,,4.618.10001,com.ubercab,Uber - Request a ride
85483809-4df1-44a7-8a82-b80a1847fff7,Mohammad Meesum,https://play-lh.googleusercontent.com/a/ACg8ocL6te4rp-ShheDT5roiTbpXtUQY7TktmP_P-z8F1i-hdlVU2A=mo,good,5,0,4.618.10001,2026-02-19 10:32:49,,,4.618.10001,com.ubercab,Uber - Request a ride
eb2a2d12-c2b1-43f4-8453-d44c3d51ab4c,priest preest,https://play-lh.googleusercontent.com/a-/ALV-UjVRXPfC7zexkqueZwedzP5T5_drplKC7u52-2F8SOQ3IZJ9yGWX,shows the correct and short path reasonable fare,5,0,4.617.10003,2026-02-19 10:32:30,,,4.617.10003,com.ubercab,Uber - Request a ride
3a9beaaa-edbc-4379-a2c2-f81a177dc775,ramchandra kulkarni,https://play-lh.googleusercontent.com/a/ACg8ocL_fJyEYO095Oj5a50nOUkxaRo74mZJNj9jLNbKq60zZHQIBA=mo,"third class service and expensive app, dont install",1,0,4.617.10003,2026-02-19 10:31:57,,,4.617.10003,com.ubercab,Uber - Request a ride
74634c98-c378-4b90-b7af-7468dabe648e,Vyas Dhakre,https://play-lh.googleusercontent.com/a-/ALV-UjXMsw2Bl1nWDV71obGfv-xlRCATpw4oG8Skhf2sCAGDl59zOZAK,good,5,0,4.617.10003,2026-02-19 10:18:41,,,4.617.10003,com.ubercab,Uber - Request a ride
39a562a3-20c6-4acd-8f9d-d86edc70cbcc,Kaushik Lotti,https://play-lh.googleusercontent.com/a-/ALV-UjWXfQM4Re0yFGd7fPQDm1dFH2KeTZg-CzQWm12_NmnCLIhc8GQ,"This app is useless. Uber doesn’t accept orders for Kukatpally quickly after a long wait it accepts, and then cancels. Now I’ve started feeling Uber’s service is bad.",3,0,4.613.10001,2026-02-19 10:16:05,,,4.613.10001,com.ubercab,Uber - Request a ride
3c739d51-128c-41bd-a630-806ba474c1f6,Shazi Sammu,https://play-lh.googleusercontent.com/a/ACg8ocL4rHcV38d0eHqcSQcoeVp9ZN75sxcTKCCdx86jpsM3b8dA9g=mo,Good 👍,5,0,4.618.10001,2026-02-19 10:15:04,,,4.618.10001,com.ubercab,Uber - Request a ride
38d8f008-fecd-4a68-b2df-f33d750b32bf,Kiamba,https://play-lh.googleusercontent.com/a/ACg8ocKG6Rapk7tc7eFTENTCTX63bf1QqF-1FuS-rB43wVfebchufA=mo,The driver Njoroge was excellent. Good service,4,0,4.617.10003,2026-02-19 10:13:55,,,4.617.10003,com.ubercab,Uber - Request a ride
3203261f-ed58-4323-b2e6-2596894fba58,Malu Chvz,https://play-lh.googleusercontent.com/a-/ALV-UjWNFbaThZFp7NcxZliC7RUUf7wX5yRY0yOIZeXvV3sYpXmTwTnA,Some ine stole my debit card information from uber and its been making chargers of 9 dll multiple I just noticed,1,0,4.618.10001,2026-02-19 10:09:17,,,4.618.10001,com.ubercab,Uber - Request a ride
9ce1660a-bf12-4c26-99f6-06a597dd1ada,Arlene Stander,https://play-lh.googleusercontent.com/a/ACg8ocLNXMdonINHwm0fAXzrOZC7feXkFFRm93hi3xDB7wEn1V8Pig=mo,very personable safe driver,5,0,4.618.10001,2026-02-19 10:09:14,,,4.618.10001,com.ubercab,Uber - Request a ride
29de079e-9cce-448d-abdc-153c14505ef4,Chavda Gautam,https://play-lh.googleusercontent.com/a/ACg8ocJgJ_-JMh3dS5Jj8LIXxwCfEN_HWY0tjeUuYeuDv3OrwlD8Zg=mo,good ride,5,0,4.605.10002,2026-02-19 10:04:59,,,4.605.10002,com.ubercab,Uber - Request a ride
1ce3744a-93a9-4110-8245-4e26d73324ef,Kavitha Acharya,https://play-lh.googleusercontent.com/a-/ALV-UjXX5p04NxhNPZs6K7DPshcqvWr3BUlmKKvK4J5V5uXFNi4DueHRrg,good app thank you for helping this kind of this apps because it helps a lot thank you I'll travel wherever I go I book only Uber because it is very good,5,0,,2026-02-19 10:04:12,,,,com.ubercab,Uber - Request a ride
0153909d-8a20-4f7e-8ea3-a8d537d747a3,Hugh Jass,https://play-lh.googleusercontent.com/a/ACg8ocK60rggJi5s-GV0KKEavNZeqrSbm8ri_P_90WVUOZY4oPx87Q=mo,why tf does the fair almost triple in price during 'high demand',2,0,4.617.10003,2026-02-19 10:00:55,,,4.617.10003,com.ubercab,Uber - Request a ride
4485757a-fa5f-4271-a1c2-16ca199a1f7f,Niva Kalita,https://play-lh.googleusercontent.com/a/ACg8ocIa_mb_dNx_8U-0EpVTQmJttCfgI25cUP8fRbeBzBiViBg5FA=mo,when I open the app it's not opening at all,1,0,4.617.10003,2026-02-19 09:56:57,,,4.617.10003,com.ubercab,Uber - Request a ride
9f9f6137-2a61-44fd-a574-e7b3935af6fa,yogesh patil,https://play-lh.googleusercontent.com/a-/ALV-UjXJpqLDp2a8zWeICdeF7XM26HjmG8VANn7j35J75bGTjmWDJ4w,very good,5,0,4.618.10001,2026-02-19 09:53:52,,,4.618.10001,com.ubercab,Uber - Request a ride
0e50e8fc-be10-4a1e-a1c9-efe5b1a59e61,Sanjita Khatana,https://play-lh.googleusercontent.com/a-/ALV-UjVDstma09NGayX3cLJnpao2i8dNPHb3_l8wXJMfwkuDDeSfuV7x,अच्छा,5,0,,2026-02-19 09:53:32,,,,com.ubercab,Uber - Request a ride
9ad3514c-56c8-4b64-b6f9-0a6cb998abd1,Madelyn,https://play-lh.googleusercontent.com/a/ACg8ocJY4vf8dssr5BFrTdD1cAaaAfsyRQJ6N4MOVRUYclc8th99fA=mo,"cannot reach customer service or get the FALSE CHARGE ON AN UBER EATS PURCHASE I DIDNT EVER MAKE, NOR WAS IT MADE BY MY ACCT? THEN I WAS DOUBLED BILLED FOR NEARLY 2 MONTHS ON ONE CARD FROM ADDING A TIP?? AND OFC NOTHING HAS BEEN RESOLVED, THEY PROVIDE NO CUSTOMER SUPPORT BUT A BOT THAT CUT ME OFF FOR A FRADULENT CHARGE AS WELL AS 2 MONTHS OF BEING DOUBLED Charged and you won't let me submit any more help requests or give me a DIRECT EMAIL TO SHOW THE OVERAGES AND TALK TO A REAL PERSON. FRAUD!",1,0,4.617.10003,2026-02-19 09:52:49,,,4.617.10003,com.ubercab,Uber - Request a ride
fd31d2cb-795c-4b0b-b642-7fbaa9904ef5,Akshadip Bajare,https://play-lh.googleusercontent.com/a-/ALV-UjX42HE4_TxyXrmzOqzRveEgQ0N6ozrmOmx3ZUR_YApI7-szdAM,Getting issues while opening the app Access denied,4,0,4.618.10001,2026-02-19 09:46:46,,,4.618.10001,com.ubercab,Uber - Request a ride
ceeaaa54-42b8-4c80-bdb3-1ea68c7c4f4e,Francis Limin,https://play-lh.googleusercontent.com/a/ACg8ocKfrhKU4rq8mt8QT3AthLwsaofrOFsiAeS6gjMhI7qEg2USXA=mo,cool and cheap fare love it ☺️,5,0,4.618.10001,2026-02-19 09:44:17,,,4.618.10001,com.ubercab,Uber - Request a ride
ce6ef89d-1eed-4adb-882b-c9cbd5a31d7a,Manish Kumar,https://play-lh.googleusercontent.com/a-/ALV-UjWbB262hxg3JLBOB8nQPXm47rqZEfsEiyL4Dr0HErRMzmomoc7i,Thankyou So Much Uber,4,0,4.618.10001,2026-02-19 09:34:30,,,4.618.10001,com.ubercab,Uber - Request a ride
dbe26a54-98df-4bc9-9f59-3137d38f085a,Stephenie Shepheard,https://play-lh.googleusercontent.com/a-/ALV-UjWqlS4PiIsR_U0TAUmkysp1j2pdIQaxC8rJqOdA20sTbS3whToR,not on Uber and don't like their ride,1,0,4.617.10003,2026-02-19 09:30:55,,,4.617.10003,com.ubercab,Uber - Request a ride
2402aa70-4546-4e04-baa1-dea9123d5b6e,Rajat Brijwal,https://play-lh.googleusercontent.com/a-/ALV-UjWXR8TrGJAJYxnTUZ_sbehXieyyt_Wp5TO24HjE0qvjxOZ2Aile,driver not find quickly 😞,3,0,4.618.10001,2026-02-19 09:29:58,,,4.618.10001,com.ubercab,Uber - Request a ride
710ab4d0-2f81-4555-8993-0d4d443ede22,Soumyashree Biswas,https://play-lh.googleusercontent.com/a/ACg8ocKoo477ifbN7N2oo_KNsMWU2Fu7VAAcNAy0N_W8qJP4ZsFbAe8=mo,"Your algorithm is screwed up for Uber Shuttles. it doesn't show the optimised results. Even when there are buses it doesn't show up on the app, or shows different pickup/ drop locations and not the most optimised one. Disgusting app experience not expected from uber. I have to wait at bus stop and reach office late by 30min to 1 hr just because no shuttle shows up on app but I can see shuttle going right in front of me. Ridiculous",1,1,4.618.10001,2026-02-19 09:28:48,,,4.618.10001,com.ubercab,Uber - Request a ride
b33d6a33-39d8-4129-b88b-ba9e2b419990,MRF Rishap,https://play-lh.googleusercontent.com/a-/ALV-UjVFuvufwl56Y4EjOXONT4h_4-4IgIRM-UDonOkS7I1Pt3sL-LFpAQ,good,5,0,4.615.10000,2026-02-19 09:26:07,,,4.615.10000,com.ubercab,Uber - Request a ride
3501c51c-af94-4591-b2de-32b99a0f4285,Mark Luccio,https://play-lh.googleusercontent.com/a/ACg8ocI-xGI_RiUKy3ni_FuizfHZKwqH1vwLNVyNcYnmcXAXXnL6dg=mo,perfect ride,5,0,4.617.10003,2026-02-19 09:26:02,,,4.617.10003,com.ubercab,Uber - Request a ride
01e69d4b-856e-46e9-bbf2-4c1659aa21b0,MANJU RAY,https://play-lh.googleusercontent.com/a/ACg8ocJIUGmChtRahwxGoTgKbL3ceNEkLTJUBuLLYowWpUWLL145WQ=mo,worst application,1,0,,2026-02-19 09:19:15,,,,com.ubercab,Uber - Request a ride
ac9acbda-d987-4f26-883b-05e7a9bc8941,Meaghan,https://play-lh.googleusercontent.com/a/ACg8ocJ-fI7EGBp23QKEnye2ssZ8TpWnoKF1zGoR8ho60Bx6THxc7w=mo,it says try again it won't even open the app and I just bought my phone today.,1,0,4.618.10001,2026-02-19 09:13:10,,,4.618.10001,com.ubercab,Uber - Request a ride
004f678d-4a7b-40d2-af14-8c328e170320,Rudra Pratap Singh Solanki,https://play-lh.googleusercontent.com/a/ACg8ocIFyoAn9im4MlKmrCew1W23dVsL5Pg8WJWZsrEab4qY92Nvew=mo,Never going to use the Uber app again there are no safety measures for the app.,1,0,,2026-02-19 09:11:35,,,,com.ubercab,Uber - Request a ride
42bb21de-6759-4f6e-bf4f-bccb697d9843,Sourav Das,https://play-lh.googleusercontent.com/a-/ALV-UjWAnkFbpRKUYVeNAsoKn7GFudwhuITpw01FTptSbe3Vbb1f7P6Y,good,5,0,4.617.10003,2026-02-19 09:04:17,,,4.617.10003,com.ubercab,Uber - Request a ride
6e527d35-1881-4458-9664-91593bd50f8c,RAJVEER GUPTA,https://play-lh.googleusercontent.com/a-/ALV-UjUOiTRM8aLPHuI3kjceM7hfZlkjwCxtHJ53tIR1R7NMPLxmYb0e,😊,5,0,4.616.10004,2026-02-19 08:59:00,,,4.616.10004,com.ubercab,Uber - Request a ride
1ac6665b-dd91-4a71-ae9b-abaee8d54770,Edward M,https://play-lh.googleusercontent.com/a-/ALV-UjXcWxxehAH4xA0JNLzMgt8e0VVkJ4Dd1zH6Iy5s7FBq1mzeqmOE,"I downloaded the app and it just says ""Something went wrong, try again later"". tried force closing and reopening, nothing. tried Uninstalling and reinstalling, nothing. trash",1,0,4.617.10003,2026-02-19 08:57:43,,,4.617.10003,com.ubercab,Uber - Request a ride
2c77ca74-83a2-47c0-b452-ec3e65c2542c,Rik,https://play-lh.googleusercontent.com/a-/ALV-UjXAdWIiXbe90yHTdu93ukSd11qleDiIzKpEfzL63rZ8mjLhncqE,Often nobody accepts the bike ride. Once I even got late to the office for this reason,2,0,4.617.10003,2026-02-19 08:57:38,,,4.617.10003,com.ubercab,Uber - Request a ride
2a9eb769-27b5-4e21-8686-cd3c243776ac,Ron Germack,https://play-lh.googleusercontent.com/a/ACg8ocLfT2jOrjIykNp_-d-S7D48mG3eGUYMPmliXL4sF8tEOA_ZTA=mo,"Asked for rating and given the option of ""yes"" or ""ask me later"". Consistently sends push notification ads twice a day and only able to turn off in the privacy settings which are currently inaccessible.",1,0,4.617.10003,2026-02-19 08:56:13,,,4.617.10003,com.ubercab,Uber - Request a ride
e4eaca0c-dcb8-485a-9e1c-8a53794a28e7,Judith Sarris,https://play-lh.googleusercontent.com/a/ACg8ocKGrSgT8XDsFXa239T4AwjY9Ds71D99dNMnEVp6HK_N_n1MDg=mo,"I Installed the app, but could not get it to work. It just kept saying *something went wrong. Try again later.* I never could get it to do anything else.",2,0,4.618.10001,2026-02-19 08:55:44,,,4.618.10001,com.ubercab,Uber - Request a ride
f23beb72-8386-4dca-adb3-6000accc458a,Sunanda Sharma,https://play-lh.googleusercontent.com/a/ACg8ocI6mpfD7JXU4wIK_-pd3AYLAIlhIXlXbzkOQUv4_ixFmoWzjw=mo,easy and safe riding,5,0,4.615.10000,2026-02-19 08:51:56,,,4.615.10000,com.ubercab,Uber - Request a ride
0cc0d9f6-a48e-4ff9-9699-8ca4d96542a6,Andrew Peiser,https://play-lh.googleusercontent.com/a-/ALV-UjWoX9kaJYV2CCsr8RitbHbpUDy5NspozrQKfQLPPpACOKBKykiAeA,no customer support available.,1,0,4.617.10003,2026-02-19 08:48:54,,,4.617.10003,com.ubercab,Uber - Request a ride
cb3964db-7ba0-4178-b8c5-37c1247117db,Divya Kumari,https://play-lh.googleusercontent.com/a-/ALV-UjWno4ef4E54mg4cmV5VWLV6UUqGzP-IQCrEuDi62zc3vjC177f5,good service,5,0,4.617.10003,2026-02-19 08:47:15,,,4.617.10003,com.ubercab,Uber - Request a ride
4b7a88e8-f5f0-4be6-aa75-303a49aee391,AAKASH PANCHAL,https://play-lh.googleusercontent.com/a-/ALV-UjXY8Pg_B3xzfVXNeUoHAG2LvORW_j5Lx89td0UNhCufTjbg6Qwm,very good,5,0,,2026-02-19 08:41:35,,,,com.ubercab,Uber - Request a ride
4db2a8ff-a31c-47a6-9628-ce0f2e52cc30,Anurag Malik,https://play-lh.googleusercontent.com/a-/ALV-UjVB24OsfBZ-v12JhblnTlJ-4fOccuXDDNJ4MNVXzFtkch0gIH1n,money cutting ✂️ app,1,0,4.614.10002,2026-02-19 08:28:46,,,4.614.10002,com.ubercab,Uber - Request a ride
d479b4de-f16f-4030-93fb-b2dfe315f4ee,Abhi Gautam,https://play-lh.googleusercontent.com/a-/ALV-UjUk8JSWs1YcOxWvGFWEf_ZMxX-eZlA8JhV9x_yx0KlLUqRc_UQ,good,5,0,4.617.10003,2026-02-19 08:26:18,,,4.617.10003,com.ubercab,Uber - Request a ride
20b94efd-aa84-4197-83bf-8373d64d34cb,Suraj Chakraborty,https://play-lh.googleusercontent.com/a/ACg8ocK_z2Pf34sacrsS88WJK2A02QkXBwPKNV81vMxuPNmaVlmT0JU=mo,nice 👍,5,0,4.617.10003,2026-02-19 08:24:25,,,4.617.10003,com.ubercab,Uber - Request a ride
3bd96ee2-0f90-43b0-9f8f-d478f53f30d8,praveen antony job,https://play-lh.googleusercontent.com/a/ACg8ocIgQPYQNo9UePSsxlnOIatqOZp0nXEopIi-h2F-sqfEKZ9_EA=mo,👍 👌,5,0,4.617.10003,2026-02-19 08:22:27,,,4.617.10003,com.ubercab,Uber - Request a ride
03213fb1-677c-4e76-bcb8-47dd659005e1,Jewel Alom,https://play-lh.googleusercontent.com/a-/ALV-UjUq_62GEXp3VIiF2mPVnzAXpDRFC34nV23bRNGawLmuDqDtjgxI,App sign up Not Download,5,0,4.576.10001,2026-02-19 08:21:00,,,4.576.10001,com.ubercab,Uber - Request a ride
aa41c61c-f0c5-4531-b6f8-ab9eb8a9d465,Sani Kayina,https://play-lh.googleusercontent.com/a-/ALV-UjVs48RnAqwHgpb_6Qe1vC5eCYKX_Dr8fs4R_afns03lJxyYalA,good,5,0,4.617.10003,2026-02-19 08:20:41,,,4.617.10003,com.ubercab,Uber - Request a ride
19738cc1-f255-4006-93b9-7f8e0e6fe4cc,pradeep chahar,https://play-lh.googleusercontent.com/a-/ALV-UjUR3RG6zciQWzyMtKorS8ajx3_tBKsOoGBERMOc_A5_gvGooIBx,Good,5,0,4.618.10001,2026-02-19 08:18:50,,,4.618.10001,com.ubercab,Uber - Request a ride
0b369b8a-c63d-4f8b-93f6-7d16c6e2702a,Nisha Kushwaha,https://play-lh.googleusercontent.com/a/ACg8ocIwAMOGEzHhTlPVgS3iKlWWfroln16dNBLwhbtrxnsRn2T3uA=mo,ride booking is very fast and affordable.,5,0,4.617.10003,2026-02-19 08:16:42,,,4.617.10003,com.ubercab,Uber - Request a ride
36199734-508c-4e90-b8e9-18afa859181d,Barnali Majumder,https://play-lh.googleusercontent.com/a/ACg8ocKFznL2wVLT2WeqYk5ey8V1pyQXFIw-UiuyMCZXW3qoJET0Qg=mo,Expensive bike rides in my area. Not affordable anymore.,1,0,,2026-02-19 08:14:58,,,,com.ubercab,Uber - Request a ride
b140a4ed-0a40-43df-acad-0b764613ccc7,Umar Firdous,https://play-lh.googleusercontent.com/a-/ALV-UjVD3FRzOOaPIWtHCxV79e0wb3CmGRwAzKiC6NSGq27z20cPMvE_,great all,5,0,4.617.10003,2026-02-19 08:13:17,,,4.617.10003,com.ubercab,Uber - Request a ride
d258a864-e648-4a85-a499-bbf280cb5e72,Rashmiranjan Mishra,https://play-lh.googleusercontent.com/a/ACg8ocKRDtFmbQX2CX8RJ3D_FLCVjAM-kcg9p_mRr-iQYy5cDX8=mo,very gentle man,5,0,4.617.10003,2026-02-19 08:12:50,,,4.617.10003,com.ubercab,Uber - Request a ride
38541b6c-4f60-48b6-87fe-e0215d803e76,Rajae Elya,https://play-lh.googleusercontent.com/a-/ALV-UjUl4bGyN8SzVtkC8BdEWhJZgY6uq9tsdmU3Fg7erWB7zd72FmlEdw,"Two days ago I called a driver and he canceled the trip, and again today. After waiting 20 minutes, the driver canceled the trip, yet $5 was still deducted from my account. Dealing with Uber has become very bad.",1,0,4.617.10003,2026-02-19 08:11:54,,,4.617.10003,com.ubercab,Uber - Request a ride
9ff92ef9-f5f1-4275-a3e7-90e995448660,Wendy Nwaozuzu,https://play-lh.googleusercontent.com/a-/ALV-UjVKzOomk17dO4fV_rdgo_UAriGie2gb09dx2yugEIhRccVR7W23,"what's with the new update? why can the app no longer detect my location? I have to enter my current location and destination. it's quite frustrating and not a good idea. what happens when i'm not exactly sure of the current location, and the location selection at the bottom is grossly incorrect",2,0,4.616.10004,2026-02-19 08:10:49,,,4.616.10004,com.ubercab,Uber - Request a ride
94879eef-4afb-4add-916b-3289e14f35e8,Kaviarasi .E,https://play-lh.googleusercontent.com/a-/ALV-UjUfve7okv07p7E6CTq0jtrk2Ww0l2cbXW2TKd0kKmXYiF1bcuSa,app not working properly,1,0,,2026-02-19 08:07:06,,,,com.ubercab,Uber - Request a ride
06b10534-4e0a-410c-ba3c-33066204a078,lynn pabon the elite hero,https://play-lh.googleusercontent.com/a-/ALV-UjWrcR2Kgll4yk3PLjdgee057k1h5q4ER-xyb6ZqELOf7asOoDGhFQ,Please make this app compatible with Galaxy A17 5G. it keeps saying something went wrong and try again,3,0,4.618.10001,2026-02-19 08:05:53,,,4.618.10001,com.ubercab,Uber - Request a ride
249d48f6-c0ef-446f-ad5b-8643b64d0b21,djboyKanhaiyagofficial,https://play-lh.googleusercontent.com/a/ACg8ocI20fmNaPw4wJEuUeAYQtEad4FNel14ZEOiXd1U-R85xzqj=mo,badiya aap hai,5,0,4.618.10001,2026-02-19 08:03:15,,,4.618.10001,com.ubercab,Uber - Request a ride
13639d80-8c3c-41e2-a74c-3d57103b92b5,Sam Lewis,https://play-lh.googleusercontent.com/a-/ALV-UjWwodXa850GYMaj-JK7CBZ2cE0VQjIF_VViIV1TPniu2AUqGxJcOA,"why is it, when I pay for Uber one, that every time I order food I have to wait an hour for the driver to deliver multiple other orders. then when my food arrives, it's cold? this is some straight BS.",1,0,4.617.10003,2026-02-19 08:01:49,,,4.617.10003,com.ubercab,Uber - Request a ride
c19e48b4-c730-4401-86aa-ec6fcdc5d31d,Abhi,https://play-lh.googleusercontent.com/a-/ALV-UjVW2YHZEGf66sGf-tJkvBXYtnXr43AXkT4GNIF-H12w4Edwdirm,not working,1,0,,2026-02-19 07:56:45,,,,com.ubercab,Uber - Request a ride
d1b0e5fe-f2b3-4cee-a6d8-3764895871e9,Santhi Chintha,https://play-lh.googleusercontent.com/a/ACg8ocKYuimMYGOO-FXoRaZdXO2kMt0WfpmPDdYqHKRtqBLrKmiS7A=mo,app not working,1,0,4.618.10001,2026-02-19 07:52:26,,,4.618.10001,com.ubercab,Uber - Request a ride
37eb3bd9-b7ab-4770-b1aa-951a07b8cbc6,Courtney Sanders,https://play-lh.googleusercontent.com/a-/ALV-UjV4c3ot2_kYUBIxZiT1sAjn6MBLY76nKJs0uxVdf9y2zOY34lJp,"I'd give less stars if possible. Any time I open the app, it says, ""Something went wrong."" or ""access denied"". Makes it extremely hard to order rides. I have uninstalled, reinstalled, cleared cache etc. So instead, I use Lyft.",1,0,4.618.10001,2026-02-19 07:50:25,,,4.618.10001,com.ubercab,Uber - Request a ride
ce9160b0-0828-4c33-811a-6dcc728188d1,Patrick Long,https://play-lh.googleusercontent.com/a/ACg8ocK0ZyhECz90ddnuCQB3HtazdcKByJTbjogzm0tam8xfKVBSxQ=mo,"Too many messages, thirsty",3,0,4.617.10003,2026-02-19 07:32:01,,,4.617.10003,com.ubercab,Uber - Request a ride
fefc9fe6-d1fc-422c-a79f-d02639663c2a,Hermogenes Bendanillo,https://play-lh.googleusercontent.com/a-/ALV-UjXhY_HVinF7XFfpH9xAUt6IqnsdIGq3I2lO62MzkXeql4S1JOka,Very bad experienced with one of your driver😞he keep using his mobile for talking someone that result of going in different route that adding the cost too much to me and when we pay the amount of 50sr he update only 30sr and i need to pay again the remaining amount.This totally not acceptable and I cannot recommend you to any of friends and families.,1,0,4.614.10002,2026-02-19 07:22:34,,,4.614.10002,com.ubercab,Uber - Request a ride
d6939077-8ed4-4bf5-bfe7-2dd24fe3aa90,Joel Johnson,https://play-lh.googleusercontent.com/a-/ALV-UjVe-1Okboe_0U6v65lM3I83tCxZajoosJKlYLE2Fq8QHVxiov1r,one word.... RELIABLE!,5,0,4.617.10003,2026-02-19 07:18:05,,,4.617.10003,com.ubercab,Uber - Request a ride
ae9b884f-98fb-40e4-8ba1-4835bcdf7a52,Cody M,https://play-lh.googleusercontent.com/a-/ALV-UjVk5yEPsDY8SuppqfHSU87lZ5N2K0YWAgIrJE5wlR9fkLqmqotI,"A properly 21st century experience but no app with maybe later instead of""no"" can ever have 5 stars. Dark patterns are toxic and you should be called out",4,0,4.617.10003,2026-02-19 07:17:37,,,4.617.10003,com.ubercab,Uber - Request a ride
54e2ec1c-b743-4342-8de1-f8b133d832a5,NEERAJ KUMAR,https://play-lh.googleusercontent.com/a-/ALV-UjVcwj0L9WuE4Ti553bI-SPoQ7ZZhNKSxoDy07mtM3-dlGThWf4,fantastic,5,0,4.617.10003,2026-02-19 07:11:39,,,4.617.10003,com.ubercab,Uber - Request a ride
07297e1d-4eba-4262-b7de-0e4933b5d393,Amit Jain,https://play-lh.googleusercontent.com/a/ACg8ocKUj6RsKQgtXimj0PdHOH3jrxVmS9n_czh8poeVtt7V9Zy2Dw=mo,good service,5,0,4.617.10003,2026-02-19 07:04:49,,,4.617.10003,com.ubercab,Uber - Request a ride
8bb2b7e7-b66b-401d-89af-a83e7847e5a2,Jan Bowen,https://play-lh.googleusercontent.com/a/ACg8ocKKCztzWKE8OaokRmqB6NxZ8reYJx7FV5gPqvHR-EoRkt-0tg=mo,"Coming home from the Flower and Garden show... I was loaded down with huge heavy purchases. My Uber driver was fantastic, helping me unload. GREAT DRIVER!!!",5,0,4.563.10002,2026-02-19 07:03:57,,,4.563.10002,com.ubercab,Uber - Request a ride
ef721965-5bf0-42ca-bf64-796e2a65680c,Arpit,https://play-lh.googleusercontent.com/a-/ALV-UjVqu92drUwOLHu5I5lGsWJbk0UTH1ryySlDgfLMjlWYPyKOeu0d,Uber partner is like a family friends.,5,0,4.617.10003,2026-02-19 06:58:28,,,4.617.10003,com.ubercab,Uber - Request a ride
491dd962-da38-4438-91ee-491c21df3a97,Mohammad Ali,https://play-lh.googleusercontent.com/a/ACg8ocICvNxiH8sHmef8UN9O8OPpjiupQde_CnuNWRWcDI7V03Xf_g=mo,good,5,0,4.617.10003,2026-02-19 06:47:08,,,4.617.10003,com.ubercab,Uber - Request a ride
52bef5ce-d66a-4606-9695-842ed2b5da86,Hardik 007,https://play-lh.googleusercontent.com/a/ACg8ocKecGq0MtfFNDmUNATdfThv2vULY1cJIv5YUB8MB_Lsd34ibA=mo,some driver don't know about direction and waiting time is long and drivers tell us to come at a point they are not willing to come at the pickup point .,1,0,,2026-02-19 06:46:33,,,,com.ubercab,Uber - Request a ride
a2ac3565-3156-4ecf-861d-e80447b59cd6,Parmar Gaurav20,https://play-lh.googleusercontent.com/a-/ALV-UjVjFzYuSvWvSXbCQ5uRNDE69MB9jFksYcH7ipUM_sTeoUGKNaU,👍✅,5,0,4.618.10001,2026-02-19 06:45:46,,,4.618.10001,com.ubercab,Uber - Request a ride
c54c1510-3538-4b53-a28b-f1d8f4b747cb,Ankit Kumar,https://play-lh.googleusercontent.com/a/ACg8ocJPxsDqBbOuSlM3m6guKLwA5ffPLnQRa0D3ELhp7LKfBlBKJQ=mo,ok,4,0,4.617.10003,2026-02-19 06:41:12,,,4.617.10003,com.ubercab,Uber - Request a ride
de89bc85-8aa1-4147-9502-2074f5d0d7d7,Levi Gaston,https://play-lh.googleusercontent.com/a/ACg8ocLV1573G8FK7xSL6JJ99gh4VhRm4up7CpFYx-66gs1Pmbekyw=mo,Too expensive for short distance trips,1,0,4.600.10001,2026-02-19 06:38:44,,,4.600.10001,com.ubercab,Uber - Request a ride
bc9f16d0-e55d-4b19-8ad0-e2ad4556837b,Santosh Srivastava,https://play-lh.googleusercontent.com/a-/ALV-UjVlPqIuAcyTsxHZqkKEpmWGz_fxMZu-tkyoAPa2GmCVDn5_T4Q4,good service,5,0,4.617.10003,2026-02-19 06:36:16,,,4.617.10003,com.ubercab,Uber - Request a ride
d8a25946-8497-4a1b-bae0-9b9ccea4b747,Aryan Anand,https://play-lh.googleusercontent.com/a-/ALV-UjWxdK2nYIKZbVlDBXY-eTPatjcDoxrzc2g7L6eqx15bPngEfKwG,"Every time, without fail, the app crashes when it is time to complete a ride or an order.",1,0,4.617.10003,2026-02-19 06:35:57,,,4.617.10003,com.ubercab,Uber - Request a ride
12d796ad-5045-4ec4-8695-f05e6069d2c3,Tabatha Cal,https://play-lh.googleusercontent.com/a-/ALV-UjVWMw5L2eFDvkKQqigeyB7-feoKhnDeJ_2IoBDsymKSReOZQhXH5A,"I have had so many positive experiences with the Uber drivers! I have recommended Uber to friends, family and coworkers! I love Uber for their excellent service!",5,0,4.617.10003,2026-02-19 06:20:01,,,4.617.10003,com.ubercab,Uber - Request a ride
eccf63c9-1d99-4ab0-be69-eeef09c0ae58,Gregory Hoff,https://play-lh.googleusercontent.com/a/ACg8ocIsJ2E1IgH2j--0QvBGtBj9J6tZupQ-7ZnOO4hF71Dlqrhq1g=mo,"$10 taxes and fees on a $12 order, only for it to show up soggy and cold because the drivers are picking up and dropping off orders after picking up mine, is a regular occurrence. 9 of the last 10 times I've used this app for eats, this has been the case. I'm not using your app or anyone else for 'food delivery' anymore. I hope they rest of the world follows suit. you're all crooks.",1,0,4.618.10001,2026-02-19 06:19:57,,,4.618.10001,com.ubercab,Uber - Request a ride
3b7bda7e-739c-47d1-bc9c-74253a015512,Kenyatta McClendon,https://play-lh.googleusercontent.com/a/ACg8ocLqnOS4z1qgCV8lHjD1KDsciXrgl8ZiZXf61csT6wh39WP_uA=mo,Edward is a very courteous driver and safe.,5,0,4.617.10003,2026-02-19 06:14:16,,,4.617.10003,com.ubercab,Uber - Request a ride
ed853544-299c-47db-9cbd-38dee56768f4,Ken DeMaere,https://play-lh.googleusercontent.com/a-/ALV-UjUhZQnW-e4a48XxkGRknc8CNNLE_s_hzqiBxb99AdIE-9Tvm-bl,"Comfortable can, excellent driver, made the trip relaxing and enjoyable. What more can one ask for?",5,0,4.617.10003,2026-02-19 06:10:28,,,4.617.10003,com.ubercab,Uber - Request a ride
54f357be-6976-4e19-b302-ee1999d1bd3d,Marc Ashbrook,https://play-lh.googleusercontent.com/a-/ALV-UjUFWAt1yrb5JpteuQ3fhnRB6EQjYOTPOW0cr9YVlO9OkXPjpWUl,"easy,peasy, and something else I can test to is that when they can't find you a ride or you canceled for some type of reason they put your money back on your account immediately. where is Lyft takes 2 to 5 days to put your money back on there so if you only have money for the ride that you're taking you're dead",5,0,4.617.10003,2026-02-19 06:09:56,,,4.617.10003,com.ubercab,Uber - Request a ride
0bf1e8ff-4cd2-403d-ab1a-1a7c876802d6,Princess,https://play-lh.googleusercontent.com/a-/ALV-UjWIKEbRTg-3b-0Emj3vEtF4fG8cWJyUJWCxceC-H8rvR08hYms,"Let me start with the verification process, I for one think it's complete BS that I can't be verified with Uber and still have my privacy respected. I don't want all these people knowing where I live, where I work, what I'm doing and have my name on top of all that no that is not safe for me. I should be able to be verified with Uber and still conceal my real name and the driver shouldn't be allowed to ask me personal questions. stop using their chargers ppl you're giving out your information.",1,0,4.618.10001,2026-02-19 06:06:41,,,4.618.10001,com.ubercab,Uber - Request a ride
482583f8-bd5f-4c14-870a-fa510715d821,Sushil Yadav,https://play-lh.googleusercontent.com/a/ACg8ocKCZq8V4yuAuf21mWKySzJqKP0bP2I8cymma9gVKt8-ErXx4Q=mo,good,5,0,4.618.10001,2026-02-19 06:05:17,,,4.618.10001,com.ubercab,Uber - Request a ride
b067998a-b08d-4dca-bf56-f33b2282521d,Kamini Kate,https://play-lh.googleusercontent.com/a-/ALV-UjWORqgNi6WRzdjyDqSFV0WSxH35_wSyX483M9-NvGYRrzScFnz2,very drive the ride and corporative driver kala,5,0,4.617.10003,2026-02-19 06:01:54,,,4.617.10003,com.ubercab,Uber - Request a ride
55a6240e-49f5-41a8-be61-5b3176881db3,Jitendra Singh,https://play-lh.googleusercontent.com/a-/ALV-UjV8jdP-xPqsPd3UkbY_Ru-puPKa_UBusR6rP8UndPKdnDA0_7AQ,likes good rider,5,0,4.618.10001,2026-02-19 05:55:23,,,4.618.10001,com.ubercab,Uber - Request a ride
4b22bb58-0e5c-40d2-af69-f50cb7128de6,Cody Justice,https://play-lh.googleusercontent.com/a/ACg8ocIpEEZJKPHIeVqYZvuEE1TAe5pM74lBEvNTJcwaoBXmJRU1wQ=mo,very good very polite very respectful enjoy the conversation with the mail,5,0,4.617.10003,2026-02-19 05:50:36,,,4.617.10003,com.ubercab,Uber - Request a ride
e8b5ac30-eab7-4b1b-baf4-f9bdb2d5290b,Smita Santosh,https://play-lh.googleusercontent.com/a/ACg8ocI9Ci74MsPacWOYuGZOyzuDtW0Ciu6-twh0kxLyyVn9QlsZUQ=mo,reliable,5,0,4.617.10003,2026-02-19 05:33:30,,,4.617.10003,com.ubercab,Uber - Request a ride
882676b7-9c11-42d3-b53e-871b760724a2,Tanbir Alam Tannu,https://play-lh.googleusercontent.com/a-/ALV-UjXhlwjzBMsMu_Cw3qFcgRR7wIbKW1TZ2g658HE0lleYs2erYonerA,Very Good 😊,5,0,4.618.10001,2026-02-19 05:31:19,,,4.618.10001,com.ubercab,Uber - Request a ride
c5243e28-7b42-4d84-a699-e65bf39abca1,Samuel Tetteh,https://play-lh.googleusercontent.com/a/ACg8ocJgyKlAG4HfY9MSJOv8vGnxgkoAQUq66VAhUcTTJ_MrSxSw6g=mo,perfect 👌,5,0,4.617.10003,2026-02-19 05:16:00,,,4.617.10003,com.ubercab,Uber - Request a ride
bf821c2d-f16b-4cba-8ef2-1dad67abe4eb,Jonia Litchfield,https://play-lh.googleusercontent.com/a/ACg8ocLNrkQbC1w0oh983bbMVQDBWRQKcoJY6S6zKn2hmasPx7AE0Q=mo,Prompt. Immaculate vehicle.,5,0,4.617.10003,2026-02-19 05:13:27,,,4.617.10003,com.ubercab,Uber - Request a ride
c8d3bbc1-31c0-4ab3-8805-74f24bf5fe13,psiberbird,https://play-lh.googleusercontent.com/a/ACg8ocIZ7HWp2d43med48a8VJv4K1CAcee9U5gynjBJ0vHjs94Wi6Q=mo,"This was my first time using Uber. Downloaded the app. It was an easy setup, ordered my ride and everything went smooth as can be. Quite pleased.",5,0,4.617.10003,2026-02-19 04:53:16,,,4.617.10003,com.ubercab,Uber - Request a ride
de13b56c-a5a5-4acb-b5bb-3783d8c32bb3,Jasmine Weaver,https://play-lh.googleusercontent.com/a-/ALV-UjXacXGWRwBuPKoehFlUOgPVti3k9TSJg4fREJYACXsIRJ22Uciu,forced you to tip even if you have no money makes you go into the negative in your bank account it will not let me order another ride till I've made a five star review even if I was harassed I hate this app and the men that run it,1,0,4.617.10003,2026-02-19 04:44:29,,,4.617.10003,com.ubercab,Uber - Request a ride
a0f45253-37fb-48e2-88aa-9ac14f05bced,John,https://play-lh.googleusercontent.com/a/ACg8ocKQ3q_XCMRLuPK_qoocLMZCyF0qZuBLi-GApc98609V2EwcTg=mo,our ride with Cotton was exceptional. she was attentive and personable.,5,0,4.618.10001,2026-02-19 04:43:55,,,4.618.10001,com.ubercab,Uber - Request a ride
57d94943-312b-4539-902e-c91cd3822a91,amira arafat,https://play-lh.googleusercontent.com/a/ACg8ocJjQVX3OgrXUwIqlKbnzSDA1dt8YCOEJ9rLlO8A4_qVatzZ8Q=mo,so polite class helpful captain,5,0,4.617.10003,2026-02-19 04:40:10,,,4.617.10003,com.ubercab,Uber - Request a ride
0cfc0205-9a37-4dcd-9e40-396cb8c0ae60,sonu kumar,https://play-lh.googleusercontent.com/a-/ALV-UjXrAZphup6QUgBDXlfkb2XhGglMwhnOlHCOrqVmIYkNyRXP7_5e,good,5,0,4.617.10003,2026-02-19 04:37:52,,,4.617.10003,com.ubercab,Uber - Request a ride
e0409cd1-3c38-45be-95b5-f2ba42c483e5,Cyriac Joseph,https://play-lh.googleusercontent.com/a-/ALV-UjXYO9Bk25IXuGA5z3W0l9CK0GSl49bcj8SejuDRTGOIwzPJnHqP,Delhi airport haggling negotiations. in the end unlike other parts of the world in India Uber has been hijacked by cab mafia. your ability to get a ride out of Delhi airport depends on being able to convince a driver to take you. waiting a hour now. help desk is helpless because drivers are not cooperating.,1,0,4.617.10003,2026-02-19 04:33:20,,,4.617.10003,com.ubercab,Uber - Request a ride
a5c7ac48-233e-4ab5-972b-1142454977d3,Oliver Neary,https://play-lh.googleusercontent.com/a/ACg8ocLOXzTt-8TzZgpGRuYD5gAQoyNGbZsRi7JMc9e4BkCOMLPNkQ=mo,Generally i jave had a good experiance with Uber but today i was charged for a subscription renewal that i never signed up for.,1,0,4.617.10003,2026-02-19 04:32:09,,,4.617.10003,com.ubercab,Uber - Request a ride
a75164ba-ee3b-40fb-8331-ca6b4dea9aca,A Google user,https://play-lh.googleusercontent.com/a-/ALV-UjV4ovD0Z05Fzj4Uzw6OshNqLekMk343w2_Nd4kjBeJ2O-Ct0uM,"12 Minutes, FIVE miles away. Give me closer rides. Never use Uber.",1,0,,2026-02-19 04:20:39,,,,com.ubercab,Uber - Request a ride
05b058d9-5419-4e57-bb23-2713b6507150,Narendra Kumar m Narendra,https://play-lh.googleusercontent.com/a-/ALV-UjVySJJw5BDeKjB_EkK0VPlwboWlwqcFlnp8E7U63f0bdh8Gj30,ok,5,0,4.618.10001,2026-02-19 04:18:12,,,4.618.10001,com.ubercab,Uber - Request a ride
860e7143-7e82-45c8-b831-2920b763ae64,Daniel Henderson,https://play-lh.googleusercontent.com/a/ACg8ocIZukNAEbjWxQ5tLEsXnv5yLIoGgdr9lDHKwka4hxvC9KkCUg=mo,Uber has far too many drivers that just don't arrive or end up canceling minutes before my reserved trip is supposed to begin. This has happened 4 times withn 3 days.,2,0,4.618.10001,2026-02-19 04:18:04,,,4.618.10001,com.ubercab,Uber - Request a ride
ced5d1a6-a480-45a6-a246-a38e15da425b,Chris Osborne,https://play-lh.googleusercontent.com/a-/ALV-UjU4ENv-bO2IlGNBs776QfVVqATT_j9zJ_OxxzeDLveUmHIGJOjx,Great and easy to use,5,0,4.618.10001,2026-02-19 04:17:59,,,4.618.10001,com.ubercab,Uber - Request a ride
5d905df5-e750-4456-ae1b-02d6c34f97d9,Deborah Dioneda,https://play-lh.googleusercontent.com/a/ACg8ocKfCJuIY9api8q-mrmk9OerM_VK0HOeR8dyAVG7PIpKOGvUeA=mo,very safe and pleasant.,5,0,4.618.10001,2026-02-19 04:13:56,,,4.618.10001,com.ubercab,Uber - Request a ride
169a3113-f817-4723-9099-e05e2f286056,Bhanuj Taneja,https://play-lh.googleusercontent.com/a/ACg8ocIYOLy7N4asIbrBFx-LABiIGZJSW8ofzlcEbAfix3MFlnKUmA=mo,can't get invoice of ride even after having all the required information submitted,1,0,4.617.10003,2026-02-19 04:09:37,,,4.617.10003,com.ubercab,Uber - Request a ride
8d11f7aa-e806-44ea-9a64-43833fa653f5,Kimberley M. Martin,https://play-lh.googleusercontent.com/a-/ALV-UjWMrfnnKh75MxpObe2Siq_jheGL540288BHu4-g5pRlmp4nCoMmEQ,Uber has been a life saver for my family and I. I have met some wonderful people as well ☺️.,5,0,4.618.10001,2026-02-19 04:03:15,,,4.618.10001,com.ubercab,Uber - Request a ride
b81c434f-ea3b-4f98-afca-efea0a2f5a19,Andoni Rodriguez,https://play-lh.googleusercontent.com/a-/ALV-UjWgwVeiXpJGdXNlA2JibM9yVdPGZeYFW1AnHx2GJkBowHKJwtH0wQ,"Scam artists. Took over 20 minutes to connect me to a driver and then the app chose to cancel my ride. When I tried to request a new ride, it was magically $6 more than before.",1,0,4.617.10003,2026-02-19 03:55:03,,,4.617.10003,com.ubercab,Uber - Request a ride
726df737-e3b8-4dee-857c-6bae044979d0,WILLIAM TANG,https://play-lh.googleusercontent.com/a/ACg8ocLdNzfe33AUCOL1vwDvPufCsN7spj1X5kCKGR1elUjKdT3LJA=mo,Excellent service and very friendly,5,0,4.617.10003,2026-02-19 03:51:36,,,4.617.10003,com.ubercab,Uber - Request a ride
f962ca86-ca63-4c32-b418-b0e53d7497b2,Thea,https://play-lh.googleusercontent.com/a/ACg8ocIJCiyWzSlVb4kc4x-l-4aHoN40bYyVjsE1oI46lsWdQsE6Yw=mo,"Friendly, helpful driver- navigated rush hour traffic smoothly.",5,0,4.616.10004,2026-02-19 03:42:41,,,4.616.10004,com.ubercab,Uber - Request a ride
129e79f9-07e4-4334-8e0a-33e88bb5aa45,Fransiska Permana,https://play-lh.googleusercontent.com/a-/ALV-UjW8dNGnsxuPDHcxtlehO4rBNgNwEH5S8yZqyuBLEtFXXEo7oXM,Perlu ada fasilitas utk keluhan ke resto,1,0,5.397.0,2026-02-19 15:56:11,,,5.397.0,com.grabtaxi.passenger,Grab - Taxi & Food Delivery
6b3917e4-b765-44fb-a596-d65efa575ec8,Fayder Jhon,https://play-lh.googleusercontent.com/a-/ALV-UjVPPCz2EEhHO7jrT9Bd5H20WYlJtheFbnwUmIOrcywLsEu6KnA,"Di bulan puasa mitra nya pada sombong, milih milih penumpang,. ga ada tindakan tegas nih dari grab nya?? kalo kaga ada feature milih motor nya juga lah utk para penumpang biar adil",1,0,5.397.0,2026-02-19 15:47:16,,,5.397.0,com.grabtaxi.passenger,Grab - Taxi & Food Delivery
9f1db1df-e467-4f1e-b531-7c912016677c,Nur Afiah,https://play-lh.googleusercontent.com/a-/ALV-UjWvWWuTAOHV6XOK86hsfxjwa3hYfSI7TdnV2_odA0MsvwYGOcbPDA,"I usually use this app to order cars and food, and I love it as it fulfills my request and their driver doing great.",5,0,5.397.0,2026-02-19 15:46:19,,,5.397.0,com.grabtaxi.passenger,Grab - Taxi & Food Delivery
159bc76e-b27a-44e6-a289-035c40b684fa,FD Mugen,https://play-lh.googleusercontent.com/a-/ALV-UjVofW59I644zSmnCIa7ZJOm8WT6CTS0JU6N5EASHm4crpFO9mvxew,good,5,0,5.389.0,2026-02-19 15:25:12,,,5.389.0,com.grabtaxi.passenger,Grab - Taxi & Food Delivery
b240749d-9b29-41b3-ab00-b5be22bffb9a,Tovaan Aji,https://play-lh.googleusercontent.com/a-/ALV-UjWYscyur7GOkwUew8g2HMososc9C44e4TsIKzj8Zf-6iLvPL4VD,setelah ditunggu kurang lebih 20 menit ternyata driver bisa cancel trip sepihak. mantap sekali waktu yang terbuang.,1,0,5.397.0,2026-02-19 14:58:43,,,5.397.0,com.grabtaxi.passenger,Grab - Taxi & Food Delivery
da67fb93-62e2-4687-98bc-35ed89d85113,Nanisha Effendy,https://play-lh.googleusercontent.com/a/ACg8ocJzPT2C3s5oFBiks0l7suUx5L5W6RigP7iK-Ksh4ArGnCzJQQ=mo,quiet reliable ini rainy days. what more would you expect :) thanks online operators!,5,0,5.397.0,2026-02-19 14:56:38,,,5.397.0,com.grabtaxi.passenger,Grab - Taxi & Food Delivery
4e253fac-60ca-4add-be6e-e9ff5c85b65d,MUHAMMAD AFFAN,https://play-lh.googleusercontent.com/a/ACg8ocJHNyP6hbjZCJamBdWM6LFr_4h93FGtWZHlUfAKJQRkiewntjOD=mo,"The ultimate super app. Whether it's a ride or dinner, the service is fast and the app is very reliable. I can call taxi rides when my car broke.",5,0,5.397.0,2026-02-19 14:51:48,,,5.397.0,com.grabtaxi.passenger,Grab - Taxi & Food Delivery
fdbc418d-db97-4feb-90fe-f560494c08b1,SuF,https://play-lh.googleusercontent.com/a-/ALV-UjU4e-rQDIkijeURboyw6tMhLBYul9VmE8ZGwqqvupcNn_jAh_d1,"Makin buruk , map mandiri , jelek , driver kotor. mendingan sebelah.",2,1,5.397.0,2026-02-19 14:50:04,,,5.397.0,com.grabtaxi.passenger,Grab - Taxi & Food Delivery
75b4c2a9-554a-4ba9-bae2-21170ae76b72,John Hong,https://play-lh.googleusercontent.com/a-/ALV-UjXsgmxu3pA-NUr-H8bZbhjNzQ241piMSQ3xl3azvSZoxFbwM2M,The customer service is very bad on this app/platform. It takes days for them to respond and they aren't helpful at all in your issues. The calling method doesn't even work. I will be moving onto Bolt for my transportation.,1,0,5.397.0,2026-02-19 14:40:26,,,5.397.0,com.grabtaxi.passenger,Grab - Taxi & Food Delivery
2b0f4926-1c4c-402b-9257-97389bffcff4,yie yie,https://play-lh.googleusercontent.com/a/ACg8ocKE0F0VzhgEiyjBsQ31TWXTMHXQOLWSZaQvh2_7yb814OuL2w=mo,"why? becouse anytime i need to pay more but you all dont know that is my last money, can you give somemore lower price to pay went us use this app grab ?",1,0,5.396.0,2026-02-19 14:24:31,,,5.396.0,com.grabtaxi.passenger,Grab - Taxi & Food Delivery
adf22679-9f3e-4d67-8bc9-85abd58b5fd2,Nurul Atikah,https://play-lh.googleusercontent.com/a-/ALV-UjWpI68hV03weBfQt2GX5W9_2EUpomk-satO_PrMwqE3HeqgZlTg,anytime I don't have transport the only solution which is grab,5,0,5.397.0,2026-02-19 14:24:30,,,5.397.0,com.grabtaxi.passenger,Grab - Taxi & Food Delivery
0bb1fa4e-e68f-41c6-ade7-564c99199ded,Krik Krik,https://play-lh.googleusercontent.com/a/ACg8ocImBQ4N3OfK6QuKGNA0yBhn9epv3bQPq1MqBmxXDBoUYnrbYw=mo,gara2 auto Translator jadi salah pesan makanan Nasi Fuyunghai Udang = Shrimp Fried Rice tolong diperbaiki ya!!,1,0,5.397.0,2026-02-19 14:21:44,,,5.397.0,com.grabtaxi.passenger,Grab - Taxi & Food Delivery
e4498707-a970-406a-b9af-4b5e4ff33346,Russ,https://play-lh.googleusercontent.com/a-/ALV-UjXFn1XSafklxZ6lx4uzeZgYFxTWizlkbN-PZVzBGXVvv0Er-Lg,"overall it is a good app, but please for the love of whatever, the use of AI description and AI generated picture should be banned. They are not accurate and very misleading when ordering food. Sometimes the food is nothing like the description of pictures. It is false advertising and I am boycotting all restaurants that use this AI in this way.",4,0,5.397.0,2026-02-19 14:21:43,,,5.397.0,com.grabtaxi.passenger,Grab - Taxi & Food Delivery
ead4b8b9-b548-4d3e-a771-8549d55b04b0,Dolly Tyagi,https://play-lh.googleusercontent.com/a/ACg8ocLbvTl6GrSpBw_em9HDHv6Ny51By_TS90PbOG6LUcDgC4tyFQ=mo,nice,5,0,,2026-02-19 14:11:47,,,,com.grabtaxi.passenger,Grab - Taxi & Food Delivery
bd90bd6d-6de0-48bb-8455-f5a9cf4fc233,Nurnajiha Syuhada,https://play-lh.googleusercontent.com/a-/ALV-UjUSF6HqJsxD3nM0Gj4Z4mTpfMT6AEKYjtkGx9iSIB3duqNVlDjA,"Whether it’s a Grab ride or GrabFood, the service is always reliable and efficient. Love the app and highly recommend it.",5,0,5.397.0,2026-02-19 14:10:53,,,5.397.0,com.grabtaxi.passenger,Grab - Taxi & Food Delivery
ce232610-8b03-44de-98fb-310ab2387ff5,Adrio Faresi,https://play-lh.googleusercontent.com/a-/ALV-UjW0Mb4eATl67OsaUe7RWEW6FgBixikikqR7vtfmu_ZNvW0iv2u6,sama aja kayak app sebelah drivernya banyak yang pura2 ga jalan/ngejauh biar di cancel,1,0,,2026-02-19 14:06:00,,,,com.grabtaxi.passenger,Grab - Taxi & Food Delivery
ff3d330f-8129-4dbf-9a6b-41795a378add,Yogesh Desai,https://play-lh.googleusercontent.com/a/ACg8ocL0UT42JmC08j-cVMPDSWYw4asIN5SQRByDHq36PQfMMvsMtw=mo,Worst app and unfair pricing.,1,0,5.397.0,2026-02-19 14:04:59,,,5.397.0,com.grabtaxi.passenger,Grab - Taxi & Food Delivery
2ceacebc-1b08-406a-a031-7d42efa0ad80,miyuki himura,https://play-lh.googleusercontent.com/a-/ALV-UjVLiL6CIj19P068IzBNUcIoxpk28VH_81NXS-c2YGNSB1ktkL8,"Saya sangat kecewa dengan sistem Grab. Alamat pengantaran bisa tiba-tiba berubah sendiri tanpa saya atur. Saya tidak pernah memilih lokasi tersebut. Driver juga menyuruh saya mengganti alamat lewat aplikasi, tapi fitur itu tidak muncul karena pesanan sudah dianggap selesai. Syukurnya, driver sangat baik dan tidak mempersalahkan kerugian. Tapi tetap saja saya jadi gaenak !",3,0,5.397.0,2026-02-19 13:51:02,,,5.397.0,com.grabtaxi.passenger,Grab - Taxi & Food Delivery
9360ed02-4fee-46ea-b911-26e944d318ee,Davin Chou (Meow),https://play-lh.googleusercontent.com/a-/ALV-UjUZS0irlJ5_H5GU4gu-4t-QdXqBbbdt9PW06Xj3OsyZc09COYfn,"it's too laggy sometimes. Like whenever my mobile data goes bad it goes bad, but when my mobile data turns normal it still laggy and i cant do anything. I have to restart my phone in order to fix the app and sometimes it doesn't even work.",4,0,5.397.0,2026-02-19 13:08:16,,,5.397.0,com.grabtaxi.passenger,Grab - Taxi & Food Delivery
28cbf702-39b0-4a04-828c-3d5359967570,Siti Rohimah,https://play-lh.googleusercontent.com/a-/ALV-UjWGy-SQlvUiJjo-8h0yThcG5aNpkYxOP_dtZzxHuy2-mMw7yZw,"courier very friendly,,tq sir",5,0,5.397.0,2026-02-19 12:17:45,,,5.397.0,com.grabtaxi.passenger,Grab - Taxi & Food Delivery
b767d604-3323-4fbd-aa33-2ea024451bd8,Marco Buys,https://play-lh.googleusercontent.com/a-/ALV-UjXTFzBFyPKr80xhJNWiTOCHIg-IsF431tX_fXS2kKwkH29904-x,great Ride,5,0,5.397.0,2026-02-19 12:04:16,,,5.397.0,com.grabtaxi.passenger,Grab - Taxi & Food Delivery
0b44519f-4105-4fdc-8b40-034334da4039,Raynn Raynn's,https://play-lh.googleusercontent.com/a/ACg8ocKd_yhPrtxyxAHe7yVQEMwqEanZr2GN9Bw7ZtT6J0zcGuM9=mo,"it is indeed quite disappointing when a small company grows so much that it loses what it used to be. Now any report is just a RM3 in an attempt to shut you up, period. they may have gotten this ""disease"" from Foodpanda or others.",3,0,5.397.0,2026-02-19 11:56:38,"Grab is evolving daily to bring you the best experience. If there’s any inconvenience, share it via Facebook/Instagram messages so we can assist promptly 🥰. We’re always improving and hope to earn your 5-star rating 🥰. - Alice",2025-07-31 21:01:32,5.397.0,com.grabtaxi.passenger,Grab - Taxi & Food Delivery
46611230-2c5a-43b5-918b-80111013f1d7,mel,https://play-lh.googleusercontent.com/a/ACg8ocISbqV_eH-9T-81zyvninJ8hclrZzow7rxkJ_K4NNDsKSGLdQ=mo,Had a good experienced for my way safe travel back home.. mr. driver was courteous and kind. thanks,5,0,5.397.0,2026-02-19 11:55:13,,,5.397.0,com.grabtaxi.passenger,Grab - Taxi & Food Delivery
3d85102d-2e6b-4080-a773-df8d321367c2,Hendrik Ng,https://play-lh.googleusercontent.com/a-/ALV-UjUUACC6Tx1VuQGaqmJTa_AwlnqLGB6WQ_gIHfR_4nu95Gr-RBJaUQ,Poor UI / UX for this update Long time waiting for driver to accept orders.,2,0,5.397.0,2026-02-19 11:44:25,,,5.397.0,com.grabtaxi.passenger,Grab - Taxi & Food Delivery
4a7b5028-82f4-414d-bcfb-7f60446f635c,Nicole Montoya,https://play-lh.googleusercontent.com/a/ACg8ocKFqXjLydyhHSKyhf9-hxhVD7vXtEhwqBaCrS8tP4L8g3a9Ug=mo,slow delivery,1,0,5.397.0,2026-02-19 11:32:26,,,5.397.0,com.grabtaxi.passenger,Grab - Taxi & Food Delivery
0908958c-6724-4493-9d64-1bd1f12d9264,Satish Gandhi,https://play-lh.googleusercontent.com/a-/ALV-UjWkbKOo22m08Rn2i0u327FTGet2s7JMArQL6h-jmjVaccPYYuNLNA,best 👍,5,0,5.397.0,2026-02-19 11:20:07,,,5.397.0,com.grabtaxi.passenger,Grab - Taxi & Food Delivery
4a4aee4f-ae50-421e-b73d-fd82e834d970,原伯君,https://play-lh.googleusercontent.com/a/ACg8ocJBiX5FYmyPO91uVXgvFACZLIryf635NxM2OepWDGSvvt7cTw=mo,no repeat,1,0,5.397.0,2026-02-19 11:09:25,,,5.397.0,com.grabtaxi.passenger,Grab - Taxi & Food Delivery
88d63439-d30f-45eb-a0cb-fd78542f28f1,Sasitha Ramasamy,https://play-lh.googleusercontent.com/a/ACg8ocIfyHRuONvzdwMTvDfXORELYB51qGBNdix1pkS0rDbAMXi-3Q=mo,good,5,0,5.397.0,2026-02-19 11:02:51,,,5.397.0,com.grabtaxi.passenger,Grab - Taxi & Food Delivery
843c91b3-e224-4bf8-98c0-e3db1a6c433f,Jenny Kate,https://play-lh.googleusercontent.com/a/ACg8ocI_JDsOCRkcw_TsfAO838kUq5-sPCRzvQ6RD8NKouNVdqF2nw=mo,"This apps have may car available, but the fare is very expensive.if customer order this transportation everyday will run out money and bankrupt. the fare very expensive!",1,1,5.397.0,2026-02-19 11:02:38,We understand this can be frustrating. We are working towards making this better. We would appreciate it if you could send us the details at http://m.me/Grab.,2026-02-19 13:08:28,5.397.0,com.grabtaxi.passenger,Grab - Taxi & Food Delivery
766b3a9c-2665-4137-bd8f-62c5f943ac77,Tom Heine,https://play-lh.googleusercontent.com/a-/ALV-UjXfyjcFgXdMTpPx1h7DcWUUinAFE6iedSOAzzUjzFWwkmiwqUo,"greedy app in terms of resources of the phone, surprisingly bad navigation and clanky handling. no zoom function regarding the routing drivers rather use gOogle maps",2,0,5.397.0,2026-02-19 10:49:31,,,5.397.0,com.grabtaxi.passenger,Grab - Taxi & Food Delivery
a977ad7e-0d5d-431c-934a-b7a5ee2ba125,Sumi Kavi,https://play-lh.googleusercontent.com/a-/ALV-UjUTuuUlSKiP8SVhwFebIYKc42gI0nGjn3D2-cd56Km5ssgXx-ySuQ,Good service,5,0,5.397.0,2026-02-19 10:23:32,,,5.397.0,com.grabtaxi.passenger,Grab - Taxi & Food Delivery
8872152f-52d5-4652-bffd-75d419a68d00,Mohamad Redzuan,https://play-lh.googleusercontent.com/a/ACg8ocJ_3x5rwQZNseCeR9G7bR2XURPwB8VqOjJ9Gu1kGe6_-G0f0Q=mo,my account suspended with no reason and my Money Still in wallet. already e-mel and report to help centre Still not solve problem since last year until Now. grab is the worst company in the world,1,0,,2026-02-19 10:14:10,"Hi, we apologize for this. Please send us your concern at http://m.me/Grab along with the screenshot of the error you receive. This will be handled with utmost priority.",2026-02-19 13:09:28,,com.grabtaxi.passenger,Grab - Taxi & Food Delivery
e2eec57f-9493-4cb3-8282-467f1c1c4abf,Donna Opis,https://play-lh.googleusercontent.com/a-/ALV-UjVzBwypmkIVhlGjWiPXhZBHQsvvcZCUMOxUPIIbugloC7rhJc-BVw,Convience,5,0,5.397.0,2026-02-19 09:59:47,,,5.397.0,com.grabtaxi.passenger,Grab - Taxi & Food Delivery
06ea23b0-d947-4344-a3d5-860ac773c079,Alexis Sanxzz,https://play-lh.googleusercontent.com/a-/ALV-UjXO9p3CQwhrt0rEU-N8g4osN_-rQrwE2yKcnfe9Onio9vpeHCU,"nicee app, easy to usee!!!!",5,0,5.397.0,2026-02-19 09:49:27,,,5.397.0,com.grabtaxi.passenger,Grab - Taxi & Food Delivery
f252e7c9-98f2-441b-bb13-5f1e878f12df,Praveen Kumar Ravi,https://play-lh.googleusercontent.com/a/ACg8ocKHxVMh4bNXeIfakFd5ZU2RDJVvUnq3eUxi3g2kkp9a3GxrsA=mo,"This app is a must for those who are traveling to Vietnam on their own without any guide, it helped us a lot during our recent trip to Vietnam.",5,0,5.397.0,2026-02-19 08:59:45,,,5.397.0,com.grabtaxi.passenger,Grab - Taxi & Food Delivery
c96d0e9f-8258-4123-bb8b-dfc2e348484c,Liza Camelia,https://play-lh.googleusercontent.com/a-/ALV-UjWZHFmn2IyJ6a_ItK2_xDsJL1UpFPNijP_Ad9NBL4vyZDwS0sk,"driver sekarang sering malas ambil order, lalu mereka minta customer yang cancel. mendingan pesan taxi hijau, hampir gak pernah banyak cingcong, gercep dan good service .",3,0,5.397.0,2026-02-19 08:20:45,,,5.397.0,com.grabtaxi.passenger,Grab - Taxi & Food Delivery
bf80fd11-be6e-4060-bc69-fb61e53c028d,Mohdali hasnat,https://play-lh.googleusercontent.com/a-/ALV-UjVaUB2tbvLFi22BHlgVgLwjBIv1sPfRT_LbpUZZ_ODu2L9Ev5k,good,5,0,5.397.0,2026-02-19 06:35:27,,,5.397.0,com.grabtaxi.passenger,Grab - Taxi & Food Delivery
fc1c1456-7183-4e24-81cb-aea5e6860603,Trixie J,https://play-lh.googleusercontent.com/a-/ALV-UjWKZFUywaw0B3ijpoMjV4rPTbtGucOVRjZm--ILwMHt_g_kAWUC,"good app overall but when i canceled drivers cuz theyre too far away, it wont give me the nearest drivers after i rebook (always the ones far away), especially when im in a hurry",4,0,5.397.0,2026-02-19 06:15:58,,,5.397.0,com.grabtaxi.passenger,Grab - Taxi & Food Delivery
bb8d90d9-1e72-4f68-acac-4be9d8cf7a42,Lilibeth Layagon,https://play-lh.googleusercontent.com/a/ACg8ocJZSWTFfhdxnkaum3XQPUrecm5I3G78QXxs326l9PjCJNHm9g=mo,satisfied with the service,5,0,5.397.0,2026-02-19 06:06:02,,,5.397.0,com.grabtaxi.passenger,Grab - Taxi & Food Delivery
2dca598e-14c8-474a-8e60-f907c04130b1,Goezt Andi,https://play-lh.googleusercontent.com/a/ACg8ocJvvlYjKepaePuG3gb4z8KzbLD4fBRPs2BX9TceYMMus5kf=mo,"Map nya bikin emosi, nama tempat tidak sesuai. Mungkin dulu diisi oleh bocil iseng, giliran sekarang mau dibetulin pk fitur map your city, eeh si aplikasi ngotot ga mau.",1,0,5.397.0,2026-02-19 05:54:32,"Mohon maaf ya atas ketidaknyamanan yang terjadi.
Apabila Kakak memiliki kendala saat menggunakan aplikasi Grab atau tidak nyaman dengan pelayanan kami, Kakak bisa memilih keluhan yang sesuai di link berikut ya https://grb.to/consumeridhelpcenter 🙏 Terima kasih",2026-02-19 06:40:12,5.397.0,com.grabtaxi.passenger,Grab - Taxi & Food Delivery
1b9b50b3-a86f-40c7-9ff6-c15af2dac070,obachan,https://play-lh.googleusercontent.com/a/ACg8ocKJOy-t32sRpNjSpxfE0VmuDLwglFYlB49LFlhP0UTbt95NCw=mo,your chat bot sucks. its so hard to reach out to your customer service rep.,1,0,,2026-02-19 05:28:27,,,,com.grabtaxi.passenger,Grab - Taxi & Food Delivery
dddb07e7-dfd1-4f05-9fd5-04c345f1c6b0,"Emmanuel Villareal, MD",https://play-lh.googleusercontent.com/a-/ALV-UjUNtdam1fn8REXgT-8H980ozZ1umMLkNGRFl73UE1uLhPhOjA6n,Tracker very inaccurate and unreliable.,1,0,5.396.0,2026-02-19 05:28:15,,,5.396.0,com.grabtaxi.passenger,Grab - Taxi & Food Delivery
2247948a-3eb4-4fee-b017-6c5670f7a370,ikmal,https://play-lh.googleusercontent.com/a-/ALV-UjWqsjAYDO0MrwsKor0Kk2WOuOm7mRTXwMXgh6Ha1XTxwM1cMhJc,I’m really frustrated right now. Why can’t I withdraw my wallet balance to my bank account? It doesn’t make any sense that the only option available is to transfer it to another person Grab account wallet.,1,0,5.397.0,2026-02-19 04:46:56,"Hi,
Please help us understand the the issue you are facing in depth. Please share the detailed issue by writing to http://m.me/Grab. We'll ensure to look into it with utmost priority.
Thanks!",2026-02-19 13:09:53,5.397.0,com.grabtaxi.passenger,Grab - Taxi & Food Delivery
39865c78-281d-4573-8716-80d2f29dd2f9,Marla adams,https://play-lh.googleusercontent.com/a/ACg8ocIdNdX-q2InMWXWz0KN0K_KNXjcXvTAnijgA4fhm9QOVGFALg=mo,"Grab is a reliable and convenient app for rides, food delivery, and everyday services. The interface is easy to use, booking rides is quick, and deliveries are generally fast and dependable. I love the range of options and the real-time tracking feature. Highly recommended for anyone looking for a seamless, all-in-one service app!",5,0,5.397.0,2026-02-19 03:11:13,,,5.397.0,com.grabtaxi.passenger,Grab - Taxi & Food Delivery
eb3da211-f1e2-4da4-a5eb-78892a284acb,Yudhistira Fausta Martahasworo,https://play-lh.googleusercontent.com/a-/ALV-UjUvbLHWtO06SaekxwCgYQANYzWV2JnmRS1-mOimhOFmadW1iKrUBQ,order always more than 40 even i pick the best one & closest one? what kind of system is this? make it optimize (i'll continue adding 1 star if this system didn't fix),1,0,5.397.0,2026-02-19 03:04:51,"Mohon maaf ya atas ketidaknyamanan yang terjadi.
Apabila Kakak memiliki kendala saat menggunakan aplikasi Grab atau tidak nyaman dengan pelayanan kami, Kakak bisa memilih keluhan yang sesuai di link berikut ya https://grb.to/consumeridhelpcenter 🙏 Terima kasih",2026-02-19 06:40:19,5.397.0,com.grabtaxi.passenger,Grab - Taxi & Food Delivery
69cc2e93-95bc-4413-8d41-4c1830f71f9a,Jozryan Chew,https://play-lh.googleusercontent.com/a-/ALV-UjVlUs5zCcMZK_KfSXeGj6-ihsHBgVidLNj7JMqWKMqV7dcsICs,fast and received. pleasant delivery personality.👍👍👍👍👍,5,0,,2026-02-19 02:47:27,,,,com.grabtaxi.passenger,Grab - Taxi & Food Delivery
e89ad846-add3-4d75-b458-91d878118d65,Pedro R. Rillera,https://play-lh.googleusercontent.com/a-/ALV-UjVSegbvSjABo3HvwdjEpVi3R0zCA8kLWEHH8jLPsHNV0jc2ljYX,Nice App,5,0,5.397.0,2026-02-18 23:29:56,,,5.397.0,com.grabtaxi.passenger,Grab - Taxi & Food Delivery
adcbc1fc-0555-4856-ac0c-a708e3a1fc46,dexter edubas,https://play-lh.googleusercontent.com/a-/ALV-UjWjJHLvLzwo3PQtioZ5eVXHSpAhfTpBi6gC3YuPvmmXhoFnleE,"isang gamit lang naiwan andaming pinapagawa, napakawalang kwentang apps nito, once na may maiwan kayo sobrang hassle na tapos di nyo pdin mababawi, tapos yung driver ng apps nato yung number iba kaya hindi matawagan, anong klase yan, wag nyo gamitin tong apps napaka-unprofessional",1,0,5.396.0,2026-02-18 23:25:27,,,5.396.0,com.grabtaxi.passenger,Grab - Taxi & Food Delivery
8cc99725-efc8-493d-803b-08d769072770,Afeera Min90,https://play-lh.googleusercontent.com/a-/ALV-UjU9VdEhP3DaVEym-mtNjcfhH75E3uTnV24OVqD6bH05oFgEZjI,mudah dan pantas walaupun lewat malam..,5,0,5.396.0,2026-02-18 22:49:03,,,5.396.0,com.grabtaxi.passenger,Grab - Taxi & Food Delivery
067e0f68-3f57-46bf-a443-b1d8fa0113fb,Cheryl Jiwankar,https://play-lh.googleusercontent.com/a/ACg8ocKwtngynWTsPTG-kUAh2ptVGwahhCvLoeXWG-Qia6rpNGjzxnk=mo,"“Fast booking, reliable drivers, and convenient food delivery. Highly recommended!”",5,0,5.397.0,2026-02-18 22:12:41,,,5.397.0,com.grabtaxi.passenger,Grab - Taxi & Food Delivery
345487dd-d047-4609-91d6-a4c6ba731ff3,Abdullah Bangash,https://play-lh.googleusercontent.com/a-/ALV-UjW2qdnMbRtkX_P4Uv6YefFrWGHeOYJU_qvZYG2ClHE10ANON-cH,baqwas,5,0,5.397.0,2026-02-18 21:37:21,,,5.397.0,com.grabtaxi.passenger,Grab - Taxi & Food Delivery
fd1b8602-d1a1-4af4-9f6c-304a017ff691,Junel Cuareama,https://play-lh.googleusercontent.com/a-/ALV-UjXvtneiUwtKAMFrg2-DbhC8Tam6ZeZWMexMBuZPPtX7n-pgwDY,ok,2,0,5.395.0,2026-02-18 21:21:10,,,5.395.0,com.grabtaxi.passenger,Grab - Taxi & Food Delivery
b4099180-7cf6-4f35-be94-7358fc1e4caa,Rolando Radam,https://play-lh.googleusercontent.com/a-/ALV-UjWYTJh_12FKZ-1WPDge-0OwZXS9Y6BR49H7sN7-AMpZaqJq5m0,Very responsible and trust worthy driver. Highly recommended. Thank you sir.,5,0,5.397.0,2026-02-18 20:34:52,,,5.397.0,com.grabtaxi.passenger,Grab - Taxi & Food Delivery
424292e5-bb25-4194-9ad1-0dab1a439359,Bayani Encarnacion,https://play-lh.googleusercontent.com/a/ACg8ocKORuPPv7WonuPgg1fLmZGPg8jvsQVnLVzjTSA4p9Mit8b8aN-m=mo,very good,1,0,5.397.0,2026-02-18 20:23:27,,,5.397.0,com.grabtaxi.passenger,Grab - Taxi & Food Delivery
5659e48a-b616-4933-ba8b-ffa10102530f,Todak 1995,https://play-lh.googleusercontent.com/a-/ALV-UjV7jVNUtq9MO9WuN2Tc5LbrVgueBJvau_oJBSA1Pkam9G7uznGM,waiting for the grab car almost 2 hour kanina better close the app,1,0,,2026-02-18 19:00:21,,,,com.grabtaxi.passenger,Grab - Taxi & Food Delivery
a87f40e7-9089-476e-9fb4-ccbb5e9ff4dd,Fatimah Md Yusoff,https://play-lh.googleusercontent.com/a-/ALV-UjX7E6kLBJ9HHm4kbKYxXrRBh-KSjviNjB9vqOyMQxzpd23c_NXO,excellent n very friendly,5,0,5.397.0,2026-02-18 18:57:18,,,5.397.0,com.grabtaxi.passenger,Grab - Taxi & Food Delivery
aac7ea92-c198-4c69-9dd2-7c8e93d4212e,saru perumal,https://play-lh.googleusercontent.com/a/ACg8ocJH6bJ9lE7yVXEv6UV-mzA9teq1_D34ZSRVWcDlTV2tnKqX-Q=mo,Very good,5,0,5.397.0,2026-02-18 18:54:36,,,5.397.0,com.grabtaxi.passenger,Grab - Taxi & Food Delivery
c0ab4b13-6160-491f-ab1c-3e79caa88825,Peter chandra,https://play-lh.googleusercontent.com/a-/ALV-UjU6L-qizSA5S5shxr7gpp5n66lFdLDx7PfhHTpi5Bu6_9N4TQ0K,"help support on the app is so limited, when you need contact support to complain about food delivery that is not arrived but its done on the app. i have rate the driver 1 star and then i in a rush to go to place A, the driver i got always got farther and farther away when i cancel because of distance, so frustrating, so ill rate 1 star",1,0,5.397.0,2026-02-18 18:50:34,"Mohon maaf ya atas ketidaknyamanan yang terjadi.
Apabila Kakak memiliki kendala saat menggunakan aplikasi Grab atau tidak nyaman dengan pelayanan kami, Kakak bisa memilih keluhan yang sesuai di link berikut ya https://grb.to/consumeridhelpcenter 🙏 Terima kasih",2026-02-19 06:40:34,5.397.0,com.grabtaxi.passenger,Grab - Taxi & Food Delivery
49ebb9c3-946d-4fb1-b3b4-063de2b2089d,Rancy Rarugal,https://play-lh.googleusercontent.com/a-/ALV-UjXSdMLto6og-wpGXuq5ywZ9cw5uvxBGmmPcD5TQrnN-JuIfEu4u,"BAD APPLICATION, KAPAG GCASH BAYAD MO HINDI DINI DELIVER NG RIDER FOODS, DAMI KAWATAN TAPOS WALANG AKSYON SI GRAB. BAD RATINGS.",1,0,5.397.0,2026-02-18 18:50:03,,,5.397.0,com.grabtaxi.passenger,Grab - Taxi & Food Delivery
28ecea7e-f2c6-4cf7-9ce7-b643c25602fd,Mohd Zaman Baharuddin,https://play-lh.googleusercontent.com/a-/ALV-UjXy_J5MBNcEM4JzOifpfKnWsvuQ1jukQjgd4E_CAL3wxEFr-Tco,awesome,5,0,5.397.0,2026-02-18 18:38:30,,,5.397.0,com.grabtaxi.passenger,Grab - Taxi & Food Delivery
311d6033-0aba-4741-ac83-b6b7d5b88bdb,Begini dan Begitu (hai),https://play-lh.googleusercontent.com/a-/ALV-UjWuO1LYwmJSrlsLBDF91DX4w4a93n6Uxo1zIgeeXiYWoiUzq5rx,"terimakasih, banyak promo dan pengalaman selama memakai grab. selama ada grab masih ada harapan",5,0,5.397.0,2026-02-18 18:21:53,,,5.397.0,com.grabtaxi.passenger,Grab - Taxi & Food Delivery
b4245e4c-0b14-47a1-a4b0-73c9990e4e37,Norzuraini Manap,https://play-lh.googleusercontent.com/a/ACg8ocKevocyIDe70XcPuZDcmE5W0IBs3ow7lcpw1JviT_a-4wXQjA=mo,Service terbaik,5,0,,2026-02-18 18:15:44,,,,com.grabtaxi.passenger,Grab - Taxi & Food Delivery
936b9100-b000-4d8f-8ca8-b5d7b3581cdc,Nashruddin Kanesh,https://play-lh.googleusercontent.com/a/ACg8ocK--HkhXXRiqMu-nQJp_VmUYoqnQvxG1cWgzM4ZPU0_9fCrzQ=mo,friendly and courteous driver.,5,0,5.397.0,2026-02-18 18:11:08,,,5.397.0,com.grabtaxi.passenger,Grab - Taxi & Food Delivery
5f73aecd-0f53-430e-bd54-17d2b1defd7e,Ama Sili,https://play-lh.googleusercontent.com/a/ACg8ocL2eppl1RCbb3oIqhXsVOOYSpeJTjKWppJZ8EU3rUQVMlrEtg=mo,trbaik,5,0,5.397.0,2026-02-18 18:06:35,,,5.397.0,com.grabtaxi.passenger,Grab - Taxi & Food Delivery
016ee8bc-996b-4960-a673-689591740c3c,Gordon McCulloch,https://play-lh.googleusercontent.com/a/ACg8ocI2uxp6XLNnIsrt06pdi1LVIOWq_Fo_Gb3EHLpyQwHcGYfKhQ=mo,"Don't bother booking a grab car in advance. If you need to cancel for any reason. Such as your flight being cancelled, they keep all your money for that ride. I had a 60 minute trip booked in a premium car. They needed to keep my £250 for the driver prep work apparently... what a sad excuse for a company....",1,0,5.397.0,2026-02-18 17:43:53,,,5.397.0,com.grabtaxi.passenger,Grab - Taxi & Food Delivery
cd033c0e-f363-47c8-b8c0-505574036ed3,Roshan Kumar,https://play-lh.googleusercontent.com/a/ACg8ocK5aVeRgFijVVNBdUCJpdCPWhjb5ly_8jCfGahhfVa9r_71mA=mo,good app for taxi and food,5,0,5.397.0,2026-02-18 17:30:10,,,5.397.0,com.grabtaxi.passenger,Grab - Taxi & Food Delivery
426e963e-6f8d-4629-bd9a-0abd814355ef,Mochimochi Oui,https://play-lh.googleusercontent.com/a/ACg8ocL8sY-fJNsjX8DfeMHyXQ2GRIsGnL83EiFky_T7nruzG9dV-Q=mo,"had to use grab since the other apps weren't available. disappointed to say. I applied a voucher and tabbed out for a moment. I came back to my order to see that the voucher wasn't applied nor in my list anymore. I ordered anyways. Estimated time said it'd take around an hour or so. I come back to check on the status only to see it changed for 10-20 mins later. I actively had to observe any changes, there still wasn't any drivers found 10 mins before the EST. Then I see the est changed again",1,0,5.397.0,2026-02-18 17:29:28,,,5.397.0,com.grabtaxi.passenger,Grab - Taxi & Food Delivery
3f35257b-ead6-4823-b91b-de013e97c5c3,L S,https://play-lh.googleusercontent.com/a-/ALV-UjUYH5G8QI7K-yf7sD9CTaZez9NiXbmH8mLrF2uT2WOIdIRz0rbv,bad at finding driver nearby,1,0,,2026-02-18 17:26:33,"Mohon maaf ya atas ketidaknyamanan yang terjadi.
Apabila Kakak memiliki kendala saat menggunakan aplikasi Grab atau tidak nyaman dengan pelayanan kami, Kakak bisa memilih keluhan yang sesuai di link berikut ya https://grb.to/consumeridhelpcenter 🙏 Terima kasih",2026-02-19 06:40:40,,com.grabtaxi.passenger,Grab - Taxi & Food Delivery
3de94fa7-351e-4289-a0e8-3f03f94fed00,MUHAMMAD ZAIRUL,https://play-lh.googleusercontent.com/a-/ALV-UjVCumC_neZ7Oetj6-wNmMklEgnwGHU3BgUdzyA5jlWnKneaDKc,"mahal nak mati service delivery , for student dont use this apps",1,0,5.397.0,2026-02-18 17:18:45,"Hi, can you please provide details so that we know the reason for the low rating. This will help our team to improve our app and serve you better. Looking forward for your response. You can also reach out to http://m.me/Grab.",2026-02-19 13:10:44,5.397.0,com.grabtaxi.passenger,Grab - Taxi & Food Delivery
82ccc1cd-daa0-4be6-a16b-72fc36f6e8ab,Pravin raj,https://play-lh.googleusercontent.com/a-/ALV-UjVFP4tGHwv2uuhI5RPqbXb-uL1ppYdpob9_vdvurFgSZB6qMDLD,I love,5,0,5.394.0,2026-02-18 16:56:45,,,5.394.0,com.grabtaxi.passenger,Grab - Taxi & Food Delivery
b8b1162e-223f-4e60-b484-643d981eae25,sri wahyuni,https://play-lh.googleusercontent.com/a/ACg8ocKKXAYr1IfSobCVOCWfF-RL8csFzg-QlpbuOlUXk7hRPWoyDg=mo,"jujur ga suka banget sama sistemnya yg sekarang, okey sih harga murah tapi ga ada driver yg mau ngambil, percuma coba dong dibikirin lagi sistemnya",1,0,,2026-02-18 16:55:14,"Mohon maaf ya atas ketidaknyamanan yang terjadi.
Apabila Kakak memiliki kendala saat menggunakan aplikasi Grab atau tidak nyaman dengan pelayanan kami, Kakak bisa memilih keluhan yang sesuai di link berikut ya https://grb.to/consumeridhelpcenter 🙏 Terima kasih",2026-02-19 06:40:53,,com.grabtaxi.passenger,Grab - Taxi & Food Delivery
ec126217-c22e-40d1-b90f-0818d1544660,Roy Encenzo,https://play-lh.googleusercontent.com/a/ACg8ocIkEbx7rylw-IjO6pd3EX374_5zk1aTykTZAQBZToYlwjrOxw=mo,Great! Useful,5,0,5.397.0,2026-02-18 16:37:20,,,5.397.0,com.grabtaxi.passenger,Grab - Taxi & Food Delivery
1794fc1f-a91e-45d7-82b4-c9094c983c50,Mariane Lagman,https://play-lh.googleusercontent.com/a-/ALV-UjVdQ-1EMzOsaQkGUSGjy1-LW5uh3p8XWJbbTDJn0HLqFrsdp7ul,great driver here in vietnam,5,0,5.382.0,2026-02-18 16:31:12,,,5.382.0,com.grabtaxi.passenger,Grab - Taxi & Food Delivery
5b5d8626-cd5a-4063-a4f0-ce52d2534c3a,Colatea Burgerscone,https://play-lh.googleusercontent.com/a-/ALV-UjWJzYQr-tbLuIaZ3jysnqV4Nn81No-tcdl3RqQawmJPuCdHgXo,"stop using AI generated pictures, they're germs to my eyes -_-",1,0,5.381.0,2026-02-18 16:13:01,,,5.381.0,com.grabtaxi.passenger,Grab - Taxi & Food Delivery
241f9749-a080-4d82-b585-04ef4b6d5897,Rachel Aulia,https://play-lh.googleusercontent.com/a/ACg8ocLxGcqUbMCKXXP60gca3cNSvs2V-cOZ19wyjW2lN6Tbcb-xvg=mo,"parah banget udah 2 minggu susah cari driver, sekali dapat driver malah marah2",2,0,,2026-02-18 16:10:44,"Mohon maaf ya atas ketidaknyamanan yang terjadi.
Apabila Kakak memiliki kendala saat menggunakan aplikasi Grab atau tidak nyaman dengan pelayanan kami, Kakak bisa memilih keluhan yang sesuai di link berikut ya https://grb.to/consumeridhelpcenter 🙏 Terima kasih",2026-02-19 06:41:48,,com.grabtaxi.passenger,Grab - Taxi & Food Delivery
dbb0b846-c6b4-45d2-8b86-88143050cc8b,Muchamad Iqbal Arief,https://play-lh.googleusercontent.com/a-/ALV-UjVkkbMY1_JOoRQWskZD38XFCUk8Y1_Qsgy7fih0ihUddj-a72rH,the best ride hailing app so far. Please Jangan merger sm yg sebelah.,5,1,5.397.0,2026-02-18 16:01:50,,,5.397.0,com.grabtaxi.passenger,Grab - Taxi & Food Delivery
652df3c4-943a-4ecd-a7ea-74e6a32371f6,Nainglay Nainglay,https://play-lh.googleusercontent.com/a/ACg8ocLY-QtrwvZhZtGaKjv1j6qF1rv57yulfuztVU3xG0npE3utvQ=mo,nice,5,0,5.397.0,2026-02-18 15:17:08,,,5.397.0,com.grabtaxi.passenger,Grab - Taxi & Food Delivery
9fd4bedc-3ce6-4063-9104-4b5e20e78a51,"Gimpayan, Mheca S.",https://play-lh.googleusercontent.com/a-/ALV-UjWsJe_s14zixZnxcU2g7kAew0xDVfEzvvdDJq8q9i_aJwgi1RKr,"Grab provides a reliable and efficient service for rides and deliveries. Booking a driver is straightforward, and updates are given in real time. The app ensures safety and convenience, which gives me confidence whenever I use it. It’s a dependable solution for daily transportation needs.",5,0,5.396.0,2026-02-18 15:10:03,,,5.396.0,com.grabtaxi.passenger,Grab - Taxi & Food Delivery
e0b0f65b-d0cc-48f1-af80-0f5802316843,Jo-Ann Long,https://play-lh.googleusercontent.com/a/ACg8ocKyhkl16xDQhVByXIuECRwn1G54-TRC34UpkRzI3IXuB6YOTg=mo,great.,5,0,5.397.0,2026-02-18 15:08:39,,,5.397.0,com.grabtaxi.passenger,Grab - Taxi & Food Delivery
032f9793-572a-4296-ad93-96a70fa89a97,Tegar Sitompul,https://play-lh.googleusercontent.com/a-/ALV-UjV7Gd80VB9CtlNTm42AqGBmjnXqQErpyCvScnEUK9eptqZ1nklZ,"great app. the only thing that would make the app better for rides is that if a driver cancels, it should automatically put you in a new waiting queue rather than reentering a few taps to get back into a new queue",4,0,5.397.0,2026-02-18 14:42:12,,,5.397.0,com.grabtaxi.passenger,Grab - Taxi & Food Delivery
0f3b9a79-07fb-4f3a-9e20-3ce63d0931ed,Hendra Nugraha,https://play-lh.googleusercontent.com/a-/ALV-UjU2pdSNaFqdc6BNunel85ruwmE_P6tbdzjWuRsU498hfAlBBcLp,nice,5,0,5.375.0,2026-02-18 14:31:04,,,5.375.0,com.grabtaxi.passenger,Grab - Taxi & Food Delivery
60543b1e-4db6-4586-827b-6dbe36b1613e,Femi Dcruz,https://play-lh.googleusercontent.com/a-/ALV-UjWpVZMRKF_Ai4IY1uGg_r4IbHN8yNuTTtQ75zN4nHd55IBcs9EttQ,Safe journey,5,0,5.397.0,2026-02-18 14:04:09,,,5.397.0,com.grabtaxi.passenger,Grab - Taxi & Food Delivery
cfc3796c-8dac-4617-9636-c607c659c170,Jimwel Anobong,https://play-lh.googleusercontent.com/a-/ALV-UjW7QCoTfybNzp96eV5c5cMeTZx4ci9odzIJgQxUIjVQmQHiv8ArnA,Live notifications from Grab Philippines just shows as ordinary notifications with design and doesn't show up on proper live notification channels which shows live updates on the status bar of the phone.,3,0,5.397.0,2026-02-18 14:00:46,,,5.397.0,com.grabtaxi.passenger,Grab - Taxi & Food Delivery
f6781490-e28d-48d9-9c02-ae08820e194d,JOHN GREG GUEVARRA,https://play-lh.googleusercontent.com/a/ACg8ocJvSRNOJ_Q7xhh_NiVpk_Mz0q-Iabx8afhMd_BR1cTP08o-jg=mo,good,5,0,5.395.0,2026-02-18 13:58:24,,,5.395.0,com.grabtaxi.passenger,Grab - Taxi & Food Delivery
87d05215-ed19-456e-8aee-d16a322dd2a1,Khairul Anwarr,https://play-lh.googleusercontent.com/a-/ALV-UjXPb2xwcZeYkyB4thitb74egmgv2umGGizE5HQmVFxJKowWocuk,"hanya dgn order , bayar dan makan. Lama sngt dh x order makanan kat grab ni. 😅😂😅😁",4,0,5.389.0,2026-02-18 13:49:19,,,5.389.0,com.grabtaxi.passenger,Grab - Taxi & Food Delivery
b1fb6661-e2ff-4505-9279-e5818ebd73f7,Etienne van Vugt,https://play-lh.googleusercontent.com/a-/ALV-UjWyYgNGkmYWP8IvzI90kio0ATKBcHf-g0qu3BsD-TKAJqq87nFXeA,works like a charm in the Philippines!,5,0,5.397.0,2026-02-18 13:39:56,,,5.397.0,com.grabtaxi.passenger,Grab - Taxi & Food Delivery
359b6ef3-96e1-4c6e-b178-6be2347056e8,John Lemuel Pastoral,https://play-lh.googleusercontent.com/a-/ALV-UjXKmHpVDgFQoMDUWLh43t5AUjEdNFGQZGfPHCOawYn1aVy3D1tJ,worst.,1,0,5.397.0,2026-02-18 13:09:02,,,5.397.0,com.grabtaxi.passenger,Grab - Taxi & Food Delivery
36d3dc30-49d8-4fa1-9f9f-c5f2eb53e15b,Robi Hasan,https://play-lh.googleusercontent.com/a/ACg8ocKEteUEPu1eNHxzxMAyV9GlG8JeW2_dCd-t8G6dsoTpw20xQg=mo,very good,5,0,5.396.0,2026-02-18 13:04:33,,,5.396.0,com.grabtaxi.passenger,Grab - Taxi & Food Delivery
b9b254e7-c3df-40dd-8c91-89056096e6b9,koko maung,https://play-lh.googleusercontent.com/a-/ALV-UjUwGPU2omcmF79BoQu5-2v9sIgzIFTkMqV3S4D60-ou_0hsOyXr,all fine,5,0,5.397.0,2026-02-18 13:04:31,,,5.397.0,com.grabtaxi.passenger,Grab - Taxi & Food Delivery
9ba58900-9df4-4ab6-9df8-2d3963a19893,AR F AN,https://play-lh.googleusercontent.com/a/ACg8ocIwzOTd3ypCjC04p12dFspdXIXtQikBI2UwrTAN4fMFsqYPBQ=mo,nice,5,0,5.395.0,2026-02-18 12:42:32,,,5.395.0,com.grabtaxi.passenger,Grab - Taxi & Food Delivery
1949dc44-e65d-46c1-a6f5-cbeda685478a,Royce Ang,https://play-lh.googleusercontent.com/a/ACg8ocLgH4I89ewZAzTn6xF07zuNX0TPbGH8hR0pexiG8GLKaEWovQ=mo,palpak app nyo. walang kwenta!! di naman gumagana. wag na kayo mag install ng app na to kasi wala naman to silbi,1,0,5.397.0,2026-02-18 12:32:17,,,5.397.0,com.grabtaxi.passenger,Grab - Taxi & Food Delivery
b2f68b63-3953-4aa0-9b4f-76abdd91ef2e,Scarf B,https://play-lh.googleusercontent.com/a/ACg8ocIJSDMfpIf3VVUfphGrnLJcuv9HrNVS9Mu45L_ilRIv1t5BqsZ8=mo,Whatever clown okayed the new 'shake to send feedback' feature recently should probably be scalped. The dialogue is appearing in the app two or three times a day and it's not apparent where I can disable it,1,0,5.397.0,2026-02-18 12:09:31,,,5.397.0,com.grabtaxi.passenger,Grab - Taxi & Food Delivery
4bb2ba21-3cb5-4f4f-8e01-b0542dfe7b05,leanne short,https://play-lh.googleusercontent.com/a-/ALV-UjWR8AF8Rg586pkLO_mXVZnEpaVp7r7S2fCQxCM5nVijoYBvIIx5,very good drive nice clean car,5,0,5.397.0,2026-02-18 11:44:29,,,5.397.0,com.grabtaxi.passenger,Grab - Taxi & Food Delivery
7c469517-dca5-4ab8-ac14-89f7c992ada5,058_Raden Vio Brahmantyo,https://play-lh.googleusercontent.com/a-/ALV-UjXQvnC3_iCh0wB_Ps5YRinZNWahCASDWx-8zvvJM-kECHZ1XRD4jA,fix your pick up/drop off point,2,0,5.397.0,2026-02-18 11:36:10,"Mohon maaf ya atas ketidaknyamanan yang terjadi.
Apabila Kakak memiliki kendala saat menggunakan aplikasi Grab atau tidak nyaman dengan pelayanan kami, Kakak bisa memilih keluhan yang sesuai di link berikut ya https://grb.to/consumeridhelpcenter 🙏 Terima kasih",2026-02-19 06:43:18,5.397.0,com.grabtaxi.passenger,Grab - Taxi & Food Delivery
be5bba1a-8b1a-48b0-b5c0-0b7a969a0f2e,Ruz audio books,https://play-lh.googleusercontent.com/a-/ALV-UjUDBq75YtpcZFCbqxSo5-VnoVFW0aaW65DKHZs2bMZHQXPC7GX_,worst service charge s more can't cancel orders,1,0,5.397.0,2026-02-18 11:32:21,"Please accept our sincere apologies. We understand this can be frustrating. We are working towards making this better. We would appreciate it if you could send us the details at http://m.me/Grab.

",2026-02-19 20:14:55,5.397.0,com.grabtaxi.passenger,Grab - Taxi & Food Delivery
5279fbf1-c668-47c9-8244-f288d2c9ef44,Sol Baria,https://play-lh.googleusercontent.com/a-/ALV-UjVXoGfT7n3b9qqXxOFUN43LT39U_5p3JvQlX2g6ZrkL0xxF1YOy,"Location Philippines - Grab's gps algorithm gone worse. It matches drivers 15 minutes out when there are available drivers within 5 mins. Ive resulted to using Grab Saver because it IS THE SAME WAITING TIME FOR STANDARD AND SAVER. I only continue using the app because of company perks, but as a customer and for drivers THE APP COULD BE IMPROVED IMMENSELY.",2,0,5.371.0,2026-02-18 10:50:44,,,5.371.0,com.grabtaxi.passenger,Grab - Taxi & Food Delivery
868ef099-2dbf-41fb-8104-079362115230,Renita1989 Renita,https://play-lh.googleusercontent.com/a/ACg8ocLEzzqWfI1AGZQQY5-A65jW4jY5E8xefHG6Zdi4EbentUW4Hw=mo,terbaik,5,0,5.395.0,2026-02-18 10:14:09,,,5.395.0,com.grabtaxi.passenger,Grab - Taxi & Food Delivery
34f043b6-9f2e-4390-b0b7-40b81651cb62,Charmie Yambao,https://play-lh.googleusercontent.com/a/ACg8ocKuMBAFQpz6iWTr61oB4DUYJyb3S1x_Ue2FjndY7ogtAU8zTA=mo,This is the best app for Ubers and Food delivery. I recommend this.,5,0,5.397.0,2026-02-18 10:00:35,,,5.397.0,com.grabtaxi.passenger,Grab - Taxi & Food Delivery
f949bd05-f690-447f-9732-8597632abd56,Re Coil,https://play-lh.googleusercontent.com/a-/ALV-UjUYzyD1I3bY5t0jtCYqA4rqxuvo18kO0cktGq0jp1PGmLJ8bLcO,very friendly and helpful driver,5,0,5.397.0,2026-02-18 09:51:15,,,5.397.0,com.grabtaxi.passenger,Grab - Taxi & Food Delivery
43f63cb5-660e-481a-8108-e3be2672f881,Antonia Inri,https://play-lh.googleusercontent.com/a-/ALV-UjXGQVqDxeukPrBnjdlE6NiGr8BVUDC5ZwfdAvlJpy3Jmn1EiLJQ,I can't open group order links.,1,0,,2026-02-18 09:47:25,,,,com.grabtaxi.passenger,Grab - Taxi & Food Delivery
0df65cf0-4a44-490d-b13a-e79605e110fb,Kenneth Eliseo,https://play-lh.googleusercontent.com/a-/ALV-UjV_1RshvYcZKtyy8KcPQ9BkNuPX9jt9qwVp-WsE3D6jqaGOjdL0,Your voucher system is so bad and you need to wait for some time before you could reapply the voucher because apparently I have 'reached' the redemption limit which I haven't even used the voucher for.,2,0,5.397.0,2026-02-18 09:27:14,,,5.397.0,com.grabtaxi.passenger,Grab - Taxi & Food Delivery
4a3ccd6f-c1fe-4d8c-bd70-7bf35bb5a301,Mahinay Gracia,https://play-lh.googleusercontent.com/a/ACg8ocKpY4bvtA1c-zigdCs5GnyQiiqRrxiHb-11uaglu85OvUMyTvY=mo,"super bait ni kuya,Ty😊 ingat po lagi sa bawat beyahi",5,0,5.397.0,2026-02-18 09:21:58,,,5.397.0,com.grabtaxi.passenger,Grab - Taxi & Food Delivery
14cfad97-cf94-4a2c-b65a-86d50beda960,Laura Stewart,https://play-lh.googleusercontent.com/a/ACg8ocIp9S7i1oRQsbIc1wUH400TEkQhdpMfehZ6x2jA7x9eev4zpw=mo,"super convenient, easy to use and reliable!",5,0,5.397.0,2026-02-18 08:33:10,,,5.397.0,com.grabtaxi.passenger,Grab - Taxi & Food Delivery
6ea15911-4ef2-4a7b-9c36-7412b7060d69,Nyan Htet,https://play-lh.googleusercontent.com/a/ACg8ocL2ErmGfOGMBSuNo2Ik2uRS4zFtWAUzqKkhDacEcz_3KL-9OA=mo,driver are not come,1,0,,2026-02-18 08:30:27,,,,com.grabtaxi.passenger,Grab - Taxi & Food Delivery
35948fa3-6e10-43df-a947-6a2c03d3b2a7,Deju Dee,https://play-lh.googleusercontent.com/a/ACg8ocIrv9MISCWYGTzrgXsn4GnnH1-HOD0lcIcINK5i6jmmb4UNzA=mo,after update i can't change the payment to cash. if the price will increase give us reasons why the price will increase,1,1,5.397.0,2026-02-18 06:54:54,,,5.397.0,com.grabtaxi.passenger,Grab - Taxi & Food Delivery
0cb65963-4084-44ec-905e-fd080c07f237,Dhana Bal,https://play-lh.googleusercontent.com/a-/ALV-UjUqFXPTbuo7EK1RDba9p_o6W9mQcJgye2cdOZ1vgwtN3bLZLg,good,5,0,5.397.0,2026-02-18 05:50:01,,,5.397.0,com.grabtaxi.passenger,Grab - Taxi & Food Delivery
94607c9a-f442-40a4-a341-930f11a9f3f8,Jora Gustina,https://play-lh.googleusercontent.com/a-/ALV-UjVHxbgIrRTiO4m7Q7QpffkEPgB_1Q2k5Cdny6MTF2aFiTIKoL_e,friendly,5,0,5.387.1,2026-02-18 05:37:15,,,5.387.1,com.grabtaxi.passenger,Grab - Taxi & Food Delivery
eccfa9b1-c683-469f-9a0f-516b593e5dd3,Mary Grace Huyoa,https://play-lh.googleusercontent.com/a/ACg8ocI0tay4cYp0O6WtEHFyTW_L3-6Q19pYbclAp1SlyuaIFiMoNA=mo,It’s very frustrating and disappointing that Grab lets drivers accept another booking while they’re still on their first stop. This causes delays and inconveniences for passengers.,2,0,,2026-02-18 05:31:27,,,,com.grabtaxi.passenger,Grab - Taxi & Food Delivery
df998049-29fe-4ae7-b037-231c68a10c47,BHRX JHAVIN Marqueses,https://play-lh.googleusercontent.com/a/ACg8ocI7p7Cf6MMnd34g2n0R022Pm6JZekdoaSdCzhFhb6od177gMQ=mo,"One app, endless convenience—rides, food, and more",5,0,5.397.0,2026-02-18 02:47:46,,,5.397.0,com.grabtaxi.passenger,Grab - Taxi & Food Delivery
88d952aa-809e-4d62-82e8-1b424a181f65,Mavisha,https://play-lh.googleusercontent.com/a/ACg8ocL4xhYHDi-ukmyLSI8DkUF5frWgAZGQKmSENzQrDOZaUtEhdg=mo,"good experience using this app,very convenient😌",5,0,,2026-02-18 02:30:56,,,,com.grabtaxi.passenger,Grab - Taxi & Food Delivery
83af377f-107a-4a44-a65d-3c9456453b75,Judy Marie,https://play-lh.googleusercontent.com/a-/ALV-UjWN9TBtQZGrmCT6_my8I3zPvv4kOSjF9HdSJwUwH6M8BScBh8z-,Great easy to use app.,5,0,5.396.0,2026-02-17 23:54:04,,,5.396.0,com.grabtaxi.passenger,Grab - Taxi & Food Delivery
85d7c55b-5c11-45b8-a4b3-9b924028bf41,Saa Mayfield,https://play-lh.googleusercontent.com/a/ACg8ocJXxX0DH3o1G41t4aiE4OFXmf2LnN3VGWmwqpi57BI_YnmRdA=mo,"i love Grab, it helps me a lot to take me anywhere and whenever i'm hungry i just need Grab",5,0,5.395.0,2026-02-17 23:30:47,,,5.395.0,com.grabtaxi.passenger,Grab - Taxi & Food Delivery
06910961-7ce1-49ca-86ba-9d0f54c9094e,Fung Lan Chan,https://play-lh.googleusercontent.com/a/ACg8ocJqU91bZaZrKCwK_gt1R3grboFnQZGIN91EzkARlG7Sx-e7Gg=mo,"still got improvement, but overall is not the negative side",5,0,5.397.0,2026-02-17 22:45:48,,,5.397.0,com.grabtaxi.passenger,Grab - Taxi & Food Delivery
a976e2cf-3077-4447-819e-85834a284a89,m,https://play-lh.googleusercontent.com/a/ACg8ocJ-2nojp_O91niv1RbnJvuBR73lAHZzB0A9MnX1NRLorwW5fr8=mo,"scumbag company tricking people into purchasing grabfood coupons using grabcoins without disclosing the outlets that are included, while also secretly invalidating the coupons during cny period despite it not being stated in the t&c",1,3,5.397.0,2026-02-17 21:27:55,We understand this can be frustrating. We are working towards making this better. We would appreciate it if you could send us the details at http://m.me/Grab.,2022-01-23 06:00:49,5.397.0,com.grabtaxi.passenger,Grab - Taxi & Food Delivery
1764a156-de20-488a-aaee-dd740131b34a,Rimal Shah,https://play-lh.googleusercontent.com/a-/ALV-UjUFoQ6bmPP4nXXUEXbYS5HyvKugK1zwxF4E4qW0XkrHY0tEOGexhA,great ride from airport to hotel.,5,0,5.397.0,2026-02-17 21:06:16,,,5.397.0,com.grabtaxi.passenger,Grab - Taxi & Food Delivery
08446f61-019e-42ef-8841-3c821b93380a,T G,https://play-lh.googleusercontent.com/a/ACg8ocJg9jP8kvtwshkuiGu4Oy5kKmKRzl08Kmt-36fvbPhzL4E9_w=mo,"Grab is getting worse and worse: slow delivery, cold food.",1,0,5.397.0,2026-02-17 20:55:01,,,5.397.0,com.grabtaxi.passenger,Grab - Taxi & Food Delivery
819143af-f4d0-449f-bd3f-0aa0ae7db798,Wring,https://play-lh.googleusercontent.com/a-/ALV-UjVbYncuX53ij1Fth8ENYQ8QMFAGrAqwc8dwyKKvoJgNHBPT0Wg,"Had used grab to cab to work a day earlier, today I ordered food to my house and when I checked the delivery, it was being sent to my workplace... 02/26 Grab app changed delivery address to somewhere far from where I set and now I'm out some money and left with no food.",1,1,5.145.0,2026-02-17 20:32:24,We'll look into this issue for you. Please send us a note at http://m.me/Grab so that we can follow up.,2022-07-01 16:08:26,5.145.0,com.grabtaxi.passenger,Grab - Taxi & Food Delivery
319dbf6e-7487-48f9-8c56-3fe069ff12a4,Alicia Jey,https://play-lh.googleusercontent.com/a/ACg8ocLpfEb7scQPzDl2TAF6hyYyiSSFen7XnYWWl20mFQdsrJg0sg=mo,awesome driver.😂,5,0,,2026-02-17 19:53:09,,,,com.grabtaxi.passenger,Grab - Taxi & Food Delivery
8ab1bbd3-eb4c-4091-9455-50941cea12ea,LcKDwN86,https://play-lh.googleusercontent.com/a/ACg8ocI1um42CtsRitwvWe0bv_ObDM_IM1LKOqsN7h_532uSHAD0q6s=mo,This app needs to fix its pick up point location. They tend to change everytime i open in NAIA. That caused me to cancel a booking.,1,0,5.397.0,2026-02-17 19:48:12,,,5.397.0,com.grabtaxi.passenger,Grab - Taxi & Food Delivery
b0fcbfd2-7ea2-4645-ad10-c95d7a2895b1,Steven Bego,https://play-lh.googleusercontent.com/a/ACg8ocJ4v0An0raEFlB8Tnhn-X9SubX1uOs-MMKjzGFQ9R81qN8Xxg=mo,"Unable to authorize payment after I have waited so long for my food. the error only appear when I open the app, while the status progress on the phone notificatiob is still delivering.",2,0,,2026-02-17 19:33:30,,,,com.grabtaxi.passenger,Grab - Taxi & Food Delivery
85e6a6a2-979a-499b-9ba5-5cfc31ee42e2,Thy Sor,https://play-lh.googleusercontent.com/a-/ALV-UjXgny2OuylIkC4b0PUq5oH7fvJQN7JbSrOSYnEYTDRPlhl4PB96,👍,5,0,5.397.0,2026-02-17 19:25:02,,,5.397.0,com.grabtaxi.passenger,Grab - Taxi & Food Delivery
6bb17178-dab0-46f2-a693-5fbc3621a798,Francia Sotero,https://play-lh.googleusercontent.com/a-/ALV-UjUes_lWAIs57qiDw0TcVOFbOEKnHUYYzMyoEtWDVKeZ-ExQTAa7,"Great attitude,keep going! 👍",5,0,5.397.0,2026-02-17 19:12:27,,,5.397.0,com.grabtaxi.passenger,Grab - Taxi & Food Delivery
f81b795a-8613-4771-b904-c48f6f8cded8,Ron T,https://play-lh.googleusercontent.com/a-/ALV-UjXauynGSagVPVusfkmtnNwzvmoVebrgkN3CL27IOIHvNUwnPWLIXQ,"user friendly app with a safety feature ""did you arrive safely"" after each ride.",5,0,5.397.0,2026-02-17 19:02:14,,,5.397.0,com.grabtaxi.passenger,Grab - Taxi & Food Delivery
2f335861-92a7-43a1-aaec-0639d386e743,Ali Khan,https://play-lh.googleusercontent.com/a/ACg8ocIEjBtxxOZ_BCTHtyNdlSTvOd3bgxZ3I1hKZk-MxtrT_o3pLA=mo,useful 👍🏻,4,0,5.396.0,2026-02-17 18:58:07,,,5.396.0,com.grabtaxi.passenger,Grab - Taxi & Food Delivery
613a58ff-91ac-4fe6-b395-8240d6fc74d9,SHAKIB MIAH,https://play-lh.googleusercontent.com/a-/ALV-UjV-50I1ekyTF9SryM78Ek9g6a-uRyhX7ikMpXJ4A4_if3LKZ50,Good grap,5,0,5.394.0,2026-02-17 18:50:24,,,5.394.0,com.grabtaxi.passenger,Grab - Taxi & Food Delivery
5668c419-5236-4b5c-9be1-911069db958e,Edward,https://play-lh.googleusercontent.com/a-/ALV-UjWr2ILRGZuwPk-VunXbnWVI6IUB3JgyQSDRQ_qxxOx6n5dxfjA,optionless :),4,0,5.397.0,2026-02-17 18:44:58,,,5.397.0,com.grabtaxi.passenger,Grab - Taxi & Food Delivery
13d57a3b-1b13-4c08-8e51-56d81d9c0e67,Mia Idora,https://play-lh.googleusercontent.com/a-/ALV-UjUyENUYiHK-s3OwmX0H5_RBaQp7PmY69rbm3Mfa-cN-fJlbAt60gw,"saya tak akan guna grab sampai bila-bila. sebab grab block saya macam tu tanpa minta penjelasan dari customer tahu-tahu account tak boleh guna . saya ada order makanan minta rider hantar sampai ke rumah , rider berkeras tak nak naik hantar sampai ke rumah masa tu saya sakit tak boleh nak turun ambil makanan. Saya sihat saya tak akan suruh rider naik atas hantar sampai depan pintu .",1,0,5.380.0,2026-02-17 18:31:10,"
Hi there, our sincere apologies for the inconvenience caused. Kindly send us a direct message along with your email address and phone number, so we can look into this matter in detail. This is to ensure your personal information stays safe and secure. 🙏",2026-02-19 13:11:32,5.380.0,com.grabtaxi.passenger,Grab - Taxi & Food Delivery
da9f728a-2a35-487a-bd3a-394ebaa4f3da,Kwin Kuga,https://play-lh.googleusercontent.com/a-/ALV-UjXfQk59_SWGYMr9Y0Mdl7wbz9wx0ng4RKibEVofgZEUpSEpzeIX,Multiple orders system sucks. Waited for like an hours just to get FAST food.,1,0,5.397.0,2026-02-17 17:50:15,,,5.397.0,com.grabtaxi.passenger,Grab - Taxi & Food Delivery
3ca4befd-982f-4f5a-a5b1-867626b535bd,Ten Shinsu,https://play-lh.googleusercontent.com/a/ACg8ocLvDBuYIDO6HTxckF9mz3T982AmHr5O9rfzb15IvJoqU3tefA=mo,"my order was supposed to be cancelled, BUT WHY COULDN'T IT BE CANCELLED EVEN THOUGH THE KITCHEN HAVEN'T PREPARED IT YET?! THE BOTS DO NOTHING ON THIS APP, THEY'RE LITERALLY USELESS",1,0,,2026-02-17 17:24:17,,,,com.grabtaxi.passenger,Grab - Taxi & Food Delivery
443c6b1c-d53b-4ab9-be5c-afc76fce30cc,av sumyat,https://play-lh.googleusercontent.com/a-/ALV-UjWhEn2ZywCYm_xAqVdKmvVpFlfhmrV4OlJA-1_08mNcZxFADtY,more suitable,5,0,5.396.0,2026-02-17 17:22:24,,,5.396.0,com.grabtaxi.passenger,Grab - Taxi & Food Delivery
bcfa1bc4-149e-4ffb-b868-523eaeb7d11d,Dm Irsa,https://play-lh.googleusercontent.com/a-/ALV-UjWXKe2d9MzYgdU-atfiSen1Y6omaM_XcDasCGLGvv0Td3NbZVrd,Missing my BBQ Pockett Chicken,2,0,5.397.0,2026-02-17 17:21:27,"Please accept our sincere apologies. We understand this can be frustrating. We are working towards making this better. We would appreciate it if you could send us the details at http://m.me/Grab.

",2026-02-17 19:35:55,5.397.0,com.grabtaxi.passenger,Grab - Taxi & Food Delivery
e0932cec-8403-490b-bfdc-dacef2380a34,Dung Xa,https://play-lh.googleusercontent.com/a-/ALV-UjV2R7hQuuC-4n1qc-BUaQI8KrmDS4mjp_OZIIzjjN3YBz7oLZTAFA,Em lái xe thật thà và đúng giờ.,5,0,5.397.0,2026-02-17 17:16:38,,,5.397.0,com.grabtaxi.passenger,Grab - Taxi & Food Delivery
281674f6-fcc5-4458-8f23-0e615fa18977,Salman Bhatti,https://play-lh.googleusercontent.com/a-/ALV-UjUsj55ismjmI8PsUMsZpUp77QGIQiCVhP3xTTAkocae4jHOJp-2,Thank you for a great service 😀,4,0,5.396.0,2026-02-17 17:06:24,,,5.396.0,com.grabtaxi.passenger,Grab - Taxi & Food Delivery
2f2241d5-809e-49c3-95b2-cfaeaf2bec74,Gene Basilio,https://play-lh.googleusercontent.com/a-/ALV-UjUjlPcBLR6rmTMoqBBkUQ-4MeuDMz4J8UvTZ09J344BGhh9TYr5,Excellent,5,0,5.397.0,2026-02-17 16:59:42,,,5.397.0,com.grabtaxi.passenger,Grab - Taxi & Food Delivery
1a3ece63-6b56-43fd-a4a3-3e168bfa005c,Lin Htet,https://play-lh.googleusercontent.com/a-/ALV-UjX9mgbUusVcb7sY67b9-FimX5zZwua-53GQjdnWJB86YdctBas,Nice and suitable for daily life.,5,0,5.396.0,2026-02-17 16:56:55,,,5.396.0,com.grabtaxi.passenger,Grab - Taxi & Food Delivery
c66ba3d5-31f3-4917-b27a-03bd473f417f,Michael,https://play-lh.googleusercontent.com/a-/ALV-UjWEmsWbyGuBQD673MqdCKu8R6g_lp2sto5R_IkLvkr_o3PXhKHb,Half my meal was missing and I got a 1 dollar credit that I couldn't use. Terrible protection for food orders,1,0,5.397.0,2026-02-17 16:44:51,,,5.397.0,com.grabtaxi.passenger,Grab - Taxi & Food Delivery
45c65f80-1f13-4900-a849-0df8d4053e10,ETSH Your grandfather,https://play-lh.googleusercontent.com/a/ACg8ocLKZP3rikwV9uK4ZnM7jmWxQhAsE8Z_BLy-RadmEHYorK843Q=mo,"self pick order , supposedly to be 650pm , ended up Grab change it to 750pm. Without updating up me , just change it. make me like an idiot",1,0,,2026-02-17 16:38:19,"Please accept our sincere apologies. We understand this can be frustrating. We are working towards making this better. We would appreciate it if you could send us the details at http://m.me/Grab.

",2026-02-17 19:35:37,,com.grabtaxi.passenger,Grab - Taxi & Food Delivery
4309edb0-8e51-44f9-bf91-59c86db4e302,Carol Ho,https://play-lh.googleusercontent.com/a/ACg8ocJJYadf3bm56_bChGpSAfUi4gB7npfTEYSYsjTiKa85dZ-ahw=mo,The driver is very friendly,5,0,5.397.0,2026-02-17 16:30:38,,,5.397.0,com.grabtaxi.passenger,Grab - Taxi & Food Delivery
fd0f08ee-88fb-45ce-89cf-f3186308c35a,Peter Young,https://play-lh.googleusercontent.com/a-/ALV-UjWk6wihJo8WoMIpJ7QpLnPQjfJ6JxnpD5eO7f_Px2pNCXXJgFLI,Excellent service,5,0,5.397.0,2026-02-17 16:22:38,,,5.397.0,com.grabtaxi.passenger,Grab - Taxi & Food Delivery
ef6367b0-d833-41fd-b961-6f2120cfac82,Abie Rimby,https://play-lh.googleusercontent.com/a/ACg8ocL6_pEesq_8rjxA-VqBQtgfTDspz_6lKzZsEMPm6XxnCA954g=mo,kenapa sekarang harga grab semakin mengarut.grab harga sekarang terlampau mahal ...map sllu salah bg location kt driver..sungguh sangat2 mengecewa kn,1,1,5.397.0,2026-02-17 16:12:53,,,5.397.0,com.grabtaxi.passenger,Grab - Taxi & Food Delivery
3fbdc1a1-eed5-43a4-81c5-a64950ac9baf,Renee Wong,https://play-lh.googleusercontent.com/a/ACg8ocIXNH_NDLhaE2lCm1-Qp75ADZixMmKSJCsA-99RkGHph6stZA=mo,Very patient and helpful driver,5,0,5.397.0,2026-02-17 16:07:07,,,5.397.0,com.grabtaxi.passenger,Grab - Taxi & Food Delivery
3038310b-29ee-4d2a-9cee-20e74b31495b,BS Ting,https://play-lh.googleusercontent.com/a-/ALV-UjXGCu1GF3uKIsjtSLWRnUzwH9tzmOShNH7BYOnVYLmcT-DQXY8,great app nice💪,5,0,5.396.0,2026-02-17 15:50:43,,,5.396.0,com.grabtaxi.passenger,Grab - Taxi & Food Delivery
b703e4bb-a067-4ca4-b9e3-d798f400c0c3,Vanina Godoy,https://play-lh.googleusercontent.com/a-/ALV-UjV1lcOvO4_PXHG2qzVNFsjls9rdpZLovnBkaZ7zcmcitYLWMe63pQ,"La aplicación es súper útil, pero tuve un problema ya que la app dejó de reconocer mi identidad por alguna razón, y cuando escribí al centro de ayuda, me dieron una respuesta absurda que no tenía relación con mi problema y que ni siquiera estaba dirigida hacia mi. Sigo esperando una solución.",1,0,,2026-02-17 15:39:34,,,,com.grabtaxi.passenger,Grab - Taxi & Food Delivery
50c77d37-55ec-4dfa-93a8-5a993a69cff8,Cristian Boar,https://play-lh.googleusercontent.com/a-/ALV-UjXDDFDe6XXuXEc_OaeJ-HGydhzXJAvnyq1ZpSlYVzUw9ad6Kbtb,Very good service everything.,5,0,5.397.0,2026-02-17 15:33:27,,,5.397.0,com.grabtaxi.passenger,Grab - Taxi & Food Delivery
fabe9cd0-ae79-4aa7-839d-5b7d0af7eb93,Mahir K,https://play-lh.googleusercontent.com/a/ACg8ocIm5d5SLqvybbf-QVN18ta96aYR2QOOfLz9XdpHlEh1TjQxzw=mo,"Nham24 was the best food delivery app with the best UI by far!! All you guys had to do was rebrand it to grab food Instead you opted for this steaming pile of...... The app is messy, hard to navigate, hard to find things and just all-round frustrating to use Now in Vietnam I discovered that this is also a HORRIBLE ride calling app, just tried for 10min unsuccessful to call a ride and the app itself cancel my search three times because it couldn't find any drivers Flagged down a taxi instead",1,2,5.397.0,2026-02-17 15:23:37,,,5.397.0,com.grabtaxi.passenger,Grab - Taxi & Food Delivery
740a256c-3116-4f49-8405-477b0fe5f219,Soe Htay Naing,https://play-lh.googleusercontent.com/a-/ALV-UjXFTmGsS-Kwg9YOnWDimYdRzZ-czLv0XsJrLezLyP6MxGl3pLo,good,5,0,5.397.0,2026-02-17 15:00:53,,,5.397.0,com.grabtaxi.passenger,Grab - Taxi & Food Delivery
a5d98f7a-22d1-4cff-baad-19a8ae913f54,Will Wee,https://play-lh.googleusercontent.com/a-/ALV-UjUVsuedFsDWkreb1QB1-56P7_V8oGKFSqNqNdo00M5q8qBc9TBQ,"Saya pesan makan ice cream 2 hari lalu, setelah tunggu selama 0.5jam lalu dicancel oleh merchant, setelah kontak Grab, CS tidak menanggapi dengan baik dan hanya tawarkan maaf, padahal saya customer VIP, dan tidak diberikan kompensasi. Hari ini, saya order pesan lain, merchant tidak respon selama 20 menit, dan diorder juga tidak bisa batal dan disuruh tunggu lagi meskipun lapar, aplikasi dan servis Grab semakin buruk. Bahkan tidak menjaga kualitas pelanggan. Kalau bisa, saya beri 0 star.",1,0,5.397.0,2026-02-17 14:21:55,,,5.397.0,com.grabtaxi.passenger,Grab - Taxi & Food Delivery
b7aeec51-ff70-4794-992c-ffd1c199302a,Greg,https://play-lh.googleusercontent.com/a/ACg8ocJmqDXjE6_84MEBAAmwrwVRlojz4sLyPEOGcwZe5et-za45Gg=mo,Map wrong all the time. Drivers can NEVER find my location. leave food on a garbage can a block away. Gross.,1,0,,2026-02-17 14:15:19,,,,com.grabtaxi.passenger,Grab - Taxi & Food Delivery
41f0c491-67c9-42d8-a171-b47c89710f67,Raju Rai,https://play-lh.googleusercontent.com/a-/ALV-UjX8hbiUR3zYTALoSfqkjBV0TTvLdChHy6f-asCXzBqs7PjO8tM,wow super nice apps...,5,0,5.397.0,2026-02-17 13:50:11,,,5.397.0,com.grabtaxi.passenger,Grab - Taxi & Food Delivery
534cf497-78ad-4844-8835-f180bb044db4,Sarvesuwaran Sarvesuwaran,https://play-lh.googleusercontent.com/a/ACg8ocLUspCh481EV9TpLxK7t7JsEUrNotxQDJZ5BuMUsomuT7dETw=mo,best,5,0,5.389.0,2026-02-17 13:41:27,,,5.389.0,com.grabtaxi.passenger,Grab - Taxi & Food Delivery
9a92bfb9-aace-4d7a-93b4-83cebf16e5c7,Michelle Del rosario,https://play-lh.googleusercontent.com/a-/ALV-UjU94UZdzBS8UuCrUf2AePSyQFrR8RwwsFNRqr7Vr0L-v3ZRCL0,very nice,5,0,5.397.0,2026-02-17 13:40:14,,,5.397.0,com.grabtaxi.passenger,Grab - Taxi & Food Delivery
6165b0bb-52ea-4472-a052-0221da39ec77,bal kishan kayan,https://play-lh.googleusercontent.com/a-/ALV-UjWlk-ULAw4DEWIWnWG-fDWVTE9qv-N561aMLHaBItVe3oBB-1in,Good,5,0,5.333.0,2026-02-17 13:32:36,,,5.333.0,com.grabtaxi.passenger,Grab - Taxi & Food Delivery
b0b9d2f2-43a0-469a-8e7b-143daebe93ba,Arvin Fuldyanto (Fuldyanto),https://play-lh.googleusercontent.com/a-/ALV-UjX88lKf-U4twS6_9slRw_Q1C8kr_CcAk-X9CI_2zP71Ppc3VRTC,"very bad application, app keep shows white screen. always error connect with superbank. bad experience",1,0,5.397.0,2026-02-17 13:31:34,,,5.397.0,com.grabtaxi.passenger,Grab - Taxi & Food Delivery
462d6476-6f89-448a-ab0d-3c99d864768b,Wan Faiz,https://play-lh.googleusercontent.com/a-/ALV-UjWjKibe7Q8G40W5cgRbwgfO1fAttHBz_P4WwG3qQfvdGQKQ-VFp,Why you changing mininum top up rm50 ? such a greedy company,5,0,,2026-02-17 13:22:13,,,,com.grabtaxi.passenger,Grab - Taxi & Food Delivery
98b57fc8-1e76-4b13-84f0-216e7498706a,PON CHHET,https://play-lh.googleusercontent.com/a/ACg8ocJBI1qDPYiD_qjh2C7rzPnU7PmMX1aKsczVQxmlI1blqNpdcA=mo,Good,5,0,5.394.0,2026-02-17 13:01:27,,,5.394.0,com.grabtaxi.passenger,Grab - Taxi & Food Delivery
f975cb0b-787c-4609-9440-0ca72243fe36,Md Sayed Molla,https://play-lh.googleusercontent.com/a-/ALV-UjUHDhMsPHWM1tuopUwrTp6hFUmwPJGpUVH4XCBp2btgMLfcEw8,good,5,0,,2026-02-17 13:01:09,,,,com.grabtaxi.passenger,Grab - Taxi & Food Delivery
a67b4e70-f131-4f44-8680-ca9a1160ef17,Mayet Nocete,https://play-lh.googleusercontent.com/a/ACg8ocIuZCMudj7MZRGoI--DgbzLIalgENg9eibyzM9cZ-bkRpFL6Q=mo,"I tried ordering and now it tells me to setup my payment method when I already picked cash, I cant even pay with cash. what kind of bug is this?! now I cant buy food for my family!",1,0,5.397.0,2026-02-17 13:00:12,,,5.397.0,com.grabtaxi.passenger,Grab - Taxi & Food Delivery
c1db074c-2dbe-4f3c-a2ec-cd9ce9a13853,Sharun Nisha Nasir,https://play-lh.googleusercontent.com/a/ACg8ocKWRDCVzcsimZa-DoZfVRMKcfvVAPmztOrmtLSQDszWQFrbaQ=mo,"Grab service has improved so much over time. Placed food orders and riders whereabouts can easily be tracked and if there's any order cancelation, it is done relatively quick so far. Halal food options are increasing too. As for Grab rides it feels much secure these days. Kudos keep it up to grab and their riders",4,12,5.397.0,2026-02-17 12:21:14,Please accept our sincere apologies. Can you please update the order details here or contact us at http://m.me/Grab so that we can have a look into this right away?,2022-03-18 12:36:00,5.397.0,com.grabtaxi.passenger,Grab - Taxi & Food Delivery
3da48867-0567-44d1-9866-6e35caeafbed,Nazri Latip,https://play-lh.googleusercontent.com/a-/ALV-UjV0-64JWTpQmXSVnNej9d6rcgiYL1xOFwvIDgsb33mG9MQjpL7yIw,Waited for almost 2 hours before the order was cancelled. Could have made other arrangements instead of waiting. Irresponsible to make customers wait for nothing 😡,2,0,5.397.0,2026-02-17 12:18:36,"Please accept our sincere apologies. We understand this can be frustrating. We are working towards making this better. We would appreciate it if you could send us the details at http://m.me/Grab.

",2026-02-17 19:35:20,5.397.0,com.grabtaxi.passenger,Grab - Taxi & Food Delivery
f6291777-b81b-4575-892c-52614242cfb4,Islam Rayshul,https://play-lh.googleusercontent.com/a/ACg8ocKflJv5dnSIHMR8erirGQyryRV9z3eNEPqIu_4R_GB6ADwMig=mo,good,5,0,5.397.0,2026-02-17 12:02:04,,,5.397.0,com.grabtaxi.passenger,Grab - Taxi & Food Delivery
c1a48b55-a100-4bcf-adcf-7e578a08339c,Musa Idris,https://play-lh.googleusercontent.com/a/ACg8ocLt2_rtYPiYsBCrkYBSSiHbSLpDp7B-0OWRJWfPfmcdDxFDPw=mo,ok semua.,5,0,5.395.0,2026-02-17 11:55:03,,,5.395.0,com.grabtaxi.passenger,Grab - Taxi & Food Delivery
050f760f-9920-4b70-a3e7-72f2e6b48140,Sara AE SWITZ,https://play-lh.googleusercontent.com/a-/ALV-UjWxqyY0wvGgdfMfOBnqLvR-D1MmdQOwxTj6buc7wdEyFGqMz0GTlA,call la dulu kalau brg takde. delivery+caj rm9.60. brg yg betul2 nak takde,1,0,,2026-02-17 11:25:26,,,,com.grabtaxi.passenger,Grab - Taxi & Food Delivery
5ec4b201-f4e8-4bf4-a766-438d63e78948,Lycann Crimson,https://play-lh.googleusercontent.com/a-/ALV-UjWDfsHZMPT2U0BR5I0GErfCisu_3yEE8MMJ1kEHBZDyhgC-7G8,apa Grab pun dah Ada SST ke apa. makin hari making mahal padahal takde sebab pun Mahal.,4,0,5.394.0,2026-02-17 11:01:45,,,5.394.0,com.grabtaxi.passenger,Grab - Taxi & Food Delivery
f4d7adc3-d3ca-482a-8eb2-878622680c83,Tamang Khim raj,https://play-lh.googleusercontent.com/a/ACg8ocLQ8v2bN2Uf1U-w1x13w-fpowf1D3LeNQZ_nWhznR1F1nr9DA=mo,nice draw,5,0,5.395.0,2026-02-17 10:51:59,,,5.395.0,com.grabtaxi.passenger,Grab - Taxi & Food Delivery
d0d7ee36-f5b0-4178-ab1c-ed4fd6dc7c35,Julian Ang,https://play-lh.googleusercontent.com/a-/ALV-UjUzPRxAcZI5WkQz5FqZPCECAivNE_hQ1uwgpG9_tQw5srhEvtT2xQ,it's fairly ridiculous that communication settings are NEVER remembered. every update resets the communication settings to accept all comms from grab. STOP IT.,2,0,5.397.0,2026-02-17 10:50:55,"Please accept our sincere apologies. We understand this can be frustrating. We are working towards making this better. We would appreciate it if you could send us the details at http://m.me/Grab.

",2026-02-19 20:15:24,5.397.0,com.grabtaxi.passenger,Grab - Taxi & Food Delivery
199ed70f-92e0-4231-a3b2-e53089e06a72,Puvanes Wari,https://play-lh.googleusercontent.com/a/ACg8ocJnheJyzNv98m8EssEWe1AIfv_AuwKmhpw9ooIA4nYdXRNdSg=mo,good service,5,0,5.397.0,2026-02-17 10:17:21,,,5.397.0,com.grabtaxi.passenger,Grab - Taxi & Food Delivery
3cf39925-9119-4ad0-9826-b772414ae662,Rakesh Mandal,https://play-lh.googleusercontent.com/a/ACg8ocLxuqOp1H2p2hkOZsGHb6VD2RA9gBEDHYTJqacrxIKQkUdEHw=mo,ok good service for the grab,5,0,5.397.0,2026-02-17 09:58:57,,,5.397.0,com.grabtaxi.passenger,Grab - Taxi & Food Delivery
0698e882-03e7-4f0b-bfc6-65215058169f,Ahmad Fk,https://play-lh.googleusercontent.com/a/ACg8ocKLAwXfJqvfw-uPdMkDsrQOO3o-1YyBbgvlJBc_WzxBt_m5HA=mo,cepat dan mesra,5,0,5.397.0,2026-02-17 09:39:45,,,5.397.0,com.grabtaxi.passenger,Grab - Taxi & Food Delivery
378ba876-7a6d-45b8-9f05-5608b4c9f002,Rico Villaver,https://play-lh.googleusercontent.com/a-/ALV-UjXxGjMbZLqH880ngjVh6lZ5ew7u2qOcYxJE3gG1dgOnI5xRJqk,arrogant.,1,0,,2026-02-17 09:35:29,"We are sorry that we did not meet your expectations 😞 Please reach out to us via Help Centre or through our Social Media platforms, so that we can review your concern further and take action. Thank you 🙏️",2026-02-17 11:41:54,,com.grabtaxi.passenger,Grab - Taxi & Food Delivery
b9dc4e22-0464-4d4e-8bc9-46f3178e9e1c,Sam Kahar,https://play-lh.googleusercontent.com/a-/ALV-UjUO0Y5qyMAATiykcpX-m303WezGrs75HiWRIKH3_Ugz-K1zygAi,Very helpful,5,0,5.397.0,2026-02-17 09:33:48,,,5.397.0,com.grabtaxi.passenger,Grab - Taxi & Food Delivery
26c5fa8c-839f-4958-b455-2078aaf22658,nell N,https://play-lh.googleusercontent.com/a/ACg8ocLsU1_YqjUEoaUj395I5tVbIRBBNjPuc6GVpAgOzWheYn4Fcg=mo,very efficient,5,0,,2026-02-17 09:08:24,,,,com.grabtaxi.passenger,Grab - Taxi & Food Delivery
05141815-9d8a-4bb7-9a03-d8316a64f509,saitama sensei,https://play-lh.googleusercontent.com/a/ACg8ocINZc2QRjIubOxBQPgYV1R0HXE37T0H-D3RPAnDXBBWbYvDJg=mo,"Grdy compny, ui seems nice though and its not fair we cant see our own rating",1,0,,2026-02-17 08:42:17,,,,com.grabtaxi.passenger,Grab - Taxi & Food Delivery
10092ff0-2bd4-492b-a12b-1e44652225de,Joe d mango,https://play-lh.googleusercontent.com/a-/ALV-UjUNT7GdjTbBjZCqGo7ojrhjZKNJM-afkn09zji95m72BZxOtos,easy to use and affordable...,5,0,5.397.0,2026-02-17 08:32:26,,,5.397.0,com.grabtaxi.passenger,Grab - Taxi & Food Delivery
c19858b8-d3e5-4238-9265-4a1a1569c047,Balqis Aliah,https://play-lh.googleusercontent.com/a-/ALV-UjXyTYEV3t_lDFQBAq3D9KgcMemVaxqGOfhWQl6n7EM2suxV1VwZ,"Grab is very useful for transportation and food delivery. The app is easy to use, and the service is fast. It saves time and is very convenient.",5,0,5.397.0,2026-02-17 08:18:33,,,5.397.0,com.grabtaxi.passenger,Grab - Taxi & Food Delivery
7c1efbc1-04c7-4b07-ba0d-99625a7d392a,dalila yusoff,https://play-lh.googleusercontent.com/a/ACg8ocJ9hFz7Nu7HT7Ze_iDZZYnk-Xk_-KtzUSS7zAstxDQ7twRrsA=mo,"kami order nasi lmk, soto, nasi kerabu & roti canai. semua menu sedap...",5,0,5.397.0,2026-02-17 07:56:39,,,5.397.0,com.grabtaxi.passenger,Grab - Taxi & Food Delivery
4ea33a7c-6ebe-4989-9a5c-12cac8fa9c32,Phyo Lay,https://play-lh.googleusercontent.com/a/ACg8ocL--tVD0Jk5YCwqUPN6NyOhfi4e41RHcVtgy6Pj3b58k6buvA=mo,good,5,0,5.389.0,2026-02-17 06:53:08,,,5.389.0,com.grabtaxi.passenger,Grab - Taxi & Food Delivery
a8b57955-d830-41f9-a419-6bd6bc76c6e4,Eddy Dunkel,https://play-lh.googleusercontent.com/a-/ALV-UjVOXF1X9HGckcYCjtD4GCbsPli00OMGLMqgnchFw5shSR8nk1IWJg,Very professional. Beautiful nice car,5,0,5.397.0,2026-02-17 06:29:31,,,5.397.0,com.grabtaxi.passenger,Grab - Taxi & Food Delivery
8073d019-34c9-41e9-95e9-3756844600f7,hannah ramos,https://play-lh.googleusercontent.com/a-/ALV-UjUMh1mDFUdsV2vP2ur_AzZcJEJ_qV6ctHAV0iKZ-MafPvDmVM4y,veryyy accessible,5,0,5.396.0,2026-02-17 06:18:04,We are grateful you took the time to leave us a 5-star review! 💚,2026-02-17 11:45:15,5.396.0,com.grabtaxi.passenger,Grab - Taxi & Food Delivery
b1b7613f-cf87-45b6-b5af-f4fbbddecea6,murray lee,https://play-lh.googleusercontent.com/a/ACg8ocJSuOGK5ZNUPcOOYCTdPY33ZMKH6iYHcvUVAAFYXyHMDXmobg=mo,drive a little to fast,4,0,5.396.0,2026-02-17 05:35:11,,,5.396.0,com.grabtaxi.passenger,Grab - Taxi & Food Delivery
8088eee9-fccf-4194-af9a-f6b9f2669849,Inam khan,https://play-lh.googleusercontent.com/a-/ALV-UjWwGePIjMPsYKXwJ-0Mzph8rKA4woG6INOIeuQ6IgOb_ol2HgqA,"⭐⭐⭐⭐⭐ Excellent service! The driver was polite, professional, and arrived on time. The car was clean and comfortable, and the ride was smooth and safe. Highly recommended!""",5,0,5.395.0,2026-02-17 05:26:01,,,5.395.0,com.grabtaxi.passenger,Grab - Taxi & Food Delivery
2e4c651c-6201-45cf-b10f-2a35706f7610,Matt Odell,https://play-lh.googleusercontent.com/a-/ALV-UjVp53qoMr9-LStzz5pDmmA3cdRyRSZkp3Cha4moCpuY2Y61S6QS,must have in Asia,5,0,5.397.0,2026-02-17 04:39:25,,,5.397.0,com.grabtaxi.passenger,Grab - Taxi & Food Delivery
b84e6a6c-6cc8-477a-9fad-4555a7e3ee21,Stefanny lancy Eulogio,https://play-lh.googleusercontent.com/a-/ALV-UjUqOmmOAuq8PpW0xZHrhBFpv9goBPeNgwJJKxOTwqm_D6BcNnVy,"the customer service is useless, incompetent and doesn't really know their job.",1,0,5.397.0,2026-02-17 04:22:23,"So sorry for this experience 😞 Please PM us here on FB m.me/GrabPh with your Grab-registered details so we can look into this further. Thank you!
",2026-02-17 11:46:27,5.397.0,com.grabtaxi.passenger,Grab - Taxi & Food Delivery
749f62ec-c7b2-47b0-955f-f41ab3fc355b,Tes N.,https://play-lh.googleusercontent.com/a-/ALV-UjU9eUpe_cooEIJaSeJRegn_0XGBxHRJqbdWh_m62HHZIgET2NkW,Super early delivery!!! We're impressed.. Thank you. How to apply and use the Seniors Citizen Card?,5,0,5.397.0,2026-02-17 02:27:22,Thank you for your kind words! 😊 We are grateful that you took the time to leave us a 5-Star review. Make sure to look out for updates to utilize our app's features! 💚,2026-02-17 11:47:27,5.397.0,com.grabtaxi.passenger,Grab - Taxi & Food Delivery
46dc35a0-91a2-4726-ac63-9b8db6f99b50,keh prieto,https://play-lh.googleusercontent.com/a-/ALV-UjXFnpmAf_UGdexIzH7o9h0sB1aKOywi7iNaE_jufiuxMf8RlyHN,helpful,5,0,5.397.0,2026-02-17 02:13:40,We are grateful you took the time to leave us a 5-star review! 💚,2026-02-17 11:47:51,5.397.0,com.grabtaxi.passenger,Grab - Taxi & Food Delivery
10d2719e-5119-43a2-9176-1b049e693174,SilverTigre The Rekindled,https://play-lh.googleusercontent.com/a-/ALV-UjXEBbbbqpx1ZWcd0GC54FVMfMOME2tieWQusUbERrkFIol2v2rL,One star because no cast payment during midnight with no reason,1,0,5.397.0,2026-02-17 02:04:40,,,5.397.0,com.grabtaxi.passenger,Grab - Taxi & Food Delivery
b05e9534-c3ea-4b68-b3ad-c7840094a385,DaHLaN. LaN87,https://play-lh.googleusercontent.com/a-/ALV-UjUF8nFki-ctFEoa-rKLQ7ge7ai9qDDX_ueBKviS3tNI9-QLbcYb-g,The best,5,0,5.386.0,2026-02-16 23:16:10,,,5.386.0,com.grabtaxi.passenger,Grab - Taxi & Food Delivery
b17c8e72-b7c0-41de-9ddf-c554898815c7,neo bdII,https://play-lh.googleusercontent.com/a-/ALV-UjWvMXP0uP6hMrzP3p2MzKt-cvlq-DcjpQNL-_jwzaG7AuC_StU,great app,5,0,5.397.0,2026-02-16 22:54:40,We are grateful you took the time to leave us a 5-star review! 💚,2026-02-17 11:48:10,5.397.0,com.grabtaxi.passenger,Grab - Taxi & Food Delivery
a6bd79e3-54eb-4cc2-a7bc-7d741f00d25a,venkat sri,https://play-lh.googleusercontent.com/a/ACg8ocLp7S7HC92NItb7MRIUEdHzWDnG1YK-ly1IDLpR7RrWcq6-zmo=mo,good,5,0,5.394.0,2026-02-16 22:47:32,,,5.394.0,com.grabtaxi.passenger,Grab - Taxi & Food Delivery
dd601a2d-6f08-43ce-af48-2d71e92a7112,Feejin Wong,https://play-lh.googleusercontent.com/a/ACg8ocLK0E42fiKV8zx-NeY5mqs3Pzrt5Vze929qhpulOwnIbJzjkQ=mo,Careful and patient driver with clean car,5,0,5.397.0,2026-02-16 22:19:21,,,5.397.0,com.grabtaxi.passenger,Grab - Taxi & Food Delivery
e235303f-3131-4c4e-a31f-424987146ebb,Meggie,https://play-lh.googleusercontent.com/a-/ALV-UjV9jGJAEt4WEZ2T301JtQX7tLHzgHb_IZHV61HePSUkzi5Ci6m0,"service is great and quick. I lost accidentally my points and history, and balance, but via email the service department immediately answered back and all is okay now.",5,0,5.397.0,2026-02-16 21:31:44,,,5.397.0,com.grabtaxi.passenger,Grab - Taxi & Food Delivery
dc52c3ea-4d70-473e-8934-aaae75e62e2f,Whale,https://play-lh.googleusercontent.com/a/ACg8ocLPOCQuOwxJ-MCXXKBk2ElowS5MWA7mzr34DGxESe9Lp5Q9aw=mo,"used to be a great app. has gotten worse to the point i use their competitors. last couple of years just gets worse. they are a company that is lost, and competitors provide better customer service. do yourself a favor, and just avoid them. atleast in Thailand they horrible.",1,0,5.392.0,2026-02-16 20:46:47,,,5.392.0,com.grabtaxi.passenger,Grab - Taxi & Food Delivery
b02a328e-2d9c-4ac4-875e-8246a1511810,Jame Nguyen,https://play-lh.googleusercontent.com/a-/ALV-UjWowio8PTd7mSKsEWaMrNpvfEQAEq-RG1ItdDjvrsINILTVl3fJwg,great app overall for everything,5,0,5.397.0,2026-02-16 20:39:31,,,5.397.0,com.grabtaxi.passenger,Grab - Taxi & Food Delivery
aa5e2a79-e6db-4814-8636-1333e311ee3f,Kamal Thapa,https://play-lh.googleusercontent.com/a-/ALV-UjVyQtTsHh78ApXHh2NCjztbOpAY9KYgnPYsfTcEh0afm4o2Gl8M,grab is the best and emergency time helpful grab,5,0,5.397.0,2026-02-16 20:12:59,,,5.397.0,com.grabtaxi.passenger,Grab - Taxi & Food Delivery
d3e9ed72-effe-4233-bd29-444887c825f8,Audrin Callista,https://play-lh.googleusercontent.com/a-/ALV-UjVuqIHIlmuSKPEHL97dR9W9Sp4RwF_jF26n5O0-FFjQiXiEZ-E,sumpah aplikasi ini enggak banget. mulai dari promo yang gak bisa dipake saat item mau di cek out dan masi banyak lg.,2,0,,2026-02-16 19:32:51,,,,com.grabtaxi.passenger,Grab - Taxi & Food Delivery
f512a347-7a19-4705-a462-93f475c21fbf,Balqis,https://play-lh.googleusercontent.com/a/ACg8ocIhAMg0-_BN09isZ4VeKYWK6LNBVf95Aa5DBadnJpjuCi1pmA=mo,"Order pukul 8.15, pukul 9.52 belum sampai lagi, dah 4 kali delayed, charge dah la mahal, kat foodpanda lagi murah",1,0,,2026-02-16 19:23:42,,,,com.grabtaxi.passenger,Grab - Taxi & Food Delivery
32f1b28f-edf3-4b00-ac00-5f60babb52cb,Sera,https://play-lh.googleusercontent.com/a/ACg8ocItLApWR9u8D_ZJhbg8ygbww5C9xzPS1Uh-ifNH2_EkTt50fw=mo,good,5,0,5.397.0,2026-02-16 19:18:23,,,5.397.0,com.grabtaxi.passenger,Grab - Taxi & Food Delivery
606c8554-02a1-4038-a25e-4ed5d165caec,Sylvia Malisun,https://play-lh.googleusercontent.com/a/ACg8ocLKdRyawvZd_cik3_bhPdIr_FALb7yzy7a1ae37JKEjlzn8kg=mo,very understanding of customers and quick to provide accurate choices for customer preferences and customer comfort when getting something bad. grab also provides various facilities for customers to use this facility safely and comfortably.,5,0,5.397.0,2026-02-16 18:44:22,,,5.397.0,com.grabtaxi.passenger,Grab - Taxi & Food Delivery
04730139-c3d5-4164-9111-6f451836a66d,Naomi Sola,https://play-lh.googleusercontent.com/a/ACg8ocIIlaxl7j-A-t4QLb7LCDZjUxJM7aKPJhutQCx2jvJIS86AGw=mo,kinda having troubles of the riders but it's alright,4,0,5.397.0,2026-02-16 18:37:24,We're so sorry for this experience 😞 Please reach out to us via the Help Centre or our social media platforms so we can assist you further with this concern. Thank you 🙏️,2026-02-17 11:49:11,5.397.0,com.grabtaxi.passenger,Grab - Taxi & Food Delivery
8eae3091-2cc5-47f6-a0de-713a30679b01,Hanif Abdullah,https://play-lh.googleusercontent.com/a-/ALV-UjXp5ZvFGHUXQ3rrTXof60nb4Kd5SRHSFkC1t1XV_eP6fZ-V52zj,"Pick up point kenapa harus dipindah ya? Jadi ada dua titik. Dan juga tiap pesan Grab car, selalu dapat mobil yang platnya berlawanan dengan aturan ganjil genap, jadi mesti cari jalan alternatif.",1,0,5.397.0,2026-02-16 18:21:28,,,5.397.0,com.grabtaxi.passenger,Grab - Taxi & Food Delivery
861a3cc4-209d-470a-822d-5c7a72bc550d,Scott Radford,https://play-lh.googleusercontent.com/a/ACg8ocLF38sxgY0J2r2Kd2Oo8yXQP-LwcX03SuT1lYqCLO1uw85i=mo,great communication,5,0,5.397.0,2026-02-16 18:15:03,,,5.397.0,com.grabtaxi.passenger,Grab - Taxi & Food Delivery
