reviewId,userName,userImage,content,score,thumbsUpCount,reviewCreatedVersion,at,replyContent,repliedAt,appVersion,app_id,app_title
bc5d211f-ed9b-4f2c-9d8f-ae2a0501e7ab,Sherron D. Jones,https://play-lh.googleusercontent.com/a-/ALV-UjWUfI_yok6xlkXYZFgFboYK4Nx9W9P7Dcjyw888y-KwR6Od0UhR,Always have difficulties with logging in.,1,0,,2026-02-19 15:51:14,,,,com.twitter.android,X
67ef541c-8f2e-4ecb-8fb2-87ec5db9b678,ROHIT ORAON,https://play-lh.googleusercontent.com/a-/ALV-UjXwwmGEhZDZZEHZ02FHdRBvhs0ZjRcwJCI8IIpo2r8ejMQfmycp,good,5,0,,2026-02-19 15:44:56,,,,com.twitter.android,X
a0e12a6a-09e3-48a9-96d7-d6ab0bea13d8,Percy Lakdavala,https://play-lh.googleusercontent.com/a/ACg8ocIUqrfSDDKB_eE7eJSsZPSFyjPeyucb6TNo0c4r5y7-SRRg7g=mo,Brilliant,5,0,11.65.0-release.6,2026-02-19 15:44:43,,,11.65.0-release.6,com.twitter.android,X
f2bbe223-f8f6-4a49-bf02-44a8f8b3e1ea,Patrick Nnaji,https://play-lh.googleusercontent.com/a-/ALV-UjVQ58jgpB7fJlxKRKX7HfSGeAo0MVRBeX4RYUj1LnzxdKM7HGk,"This latest update is terrible. ""X is app is not responding"" comes up every 30 seconds. please fix it.",1,0,11.66.0-release.0,2026-02-19 15:41:28,,,11.66.0-release.0,com.twitter.android,X
cf9ec69b-a8c8-47f4-a4db-d39fa1b038a7,Ewalo Emelda,https://play-lh.googleusercontent.com/a/ACg8ocLy_GTsBBrkH2TlN_x-Y2Ajinn9n1n3gWlFRdc0PrXolPEDjA=mo,the best and fastest browsing site to use,5,0,11.65.0-release.6,2026-02-19 15:37:55,,,11.65.0-release.6,com.twitter.android,X
bbdb0b20-97a0-4850-8531-e231d6dfdedc,Mayowa Fadare,https://play-lh.googleusercontent.com/a-/ALV-UjVXowv9uXvX5ZqiK6DS2Q4Fy2FvjwFgmIrYEfhG2Yo7RTCZFII7,"I've just re-downloaded the app this Morning and I've been trying to use it for hours now but it won't respond to my device. I'm unable to do anything. Deleted it already and download again, same issue.",2,0,11.63.1-release.0,2026-02-19 15:33:15,,,11.63.1-release.0,com.twitter.android,X
af45b14c-f911-433c-baf5-240a23cfc490,Joe Nyanks,https://play-lh.googleusercontent.com/a-/ALV-UjVw1Vs0hf6wQ3sEiATyflKC3gNT_CYqRM7WM8feCp4nwIs3_c0U,Ok,4,0,11.65.0-release.6,2026-02-19 15:29:50,,,11.65.0-release.6,com.twitter.android,X
2f44ff91-e8bf-479b-b31f-ff294a2a38c6,afi,https://play-lh.googleusercontent.com/a/ACg8ocLV9Rp8MiHFAIxSzW5Xc42Y18JvhEv6Y5vWpU6Q0okFReFJnw=mo,عالی عالی,5,0,11.65.0-release.6,2026-02-19 15:24:58,,,11.65.0-release.6,com.twitter.android,X
a9e0e351-bc2d-4cd6-9aa5-c8c7437c5e33,John A Birch,https://play-lh.googleusercontent.com/a-/ALV-UjXJHDEINqd0PHMXeF6cy4UN1kPQk8NzNmQERVqAW03TqM-LDXO-,It's great to keep up with what's going on in the world. it's good to see what is really going on.,5,0,11.65.0-release.6,2026-02-19 15:16:46,,,11.65.0-release.6,com.twitter.android,X
7967cbe8-858d-40d1-aa47-db64651053a2,Joharali Sayyad,https://play-lh.googleusercontent.com/a/ACg8ocKiRGuiRm9ZpOs8jOZwWrhaWsIT6uN_GqLfKZAm7jktmIncTQ=mo,Good source of knowledge and information,5,0,11.63.1-release.0,2026-02-19 15:14:35,,,11.63.1-release.0,com.twitter.android,X
614f01c0-339c-4417-a7ca-361c6f2dbd81,MUHAMMAD AFFAN,https://play-lh.googleusercontent.com/a/ACg8ocJHNyP6hbjZCJamBdWM6LFr_4h93FGtWZHlUfAKJQRkiewntjOD=mo,The fastest way to get breaking news. It’s my updates on everything happening globally.,5,0,11.65.0-release.6,2026-02-19 14:58:55,,,11.65.0-release.6,com.twitter.android,X
176f2cb9-ea2a-46e2-b90d-d9481842a343,Danial Ghobrial,https://play-lh.googleusercontent.com/a/ACg8ocLW1dQ2clSMk6C9v-oXkEBFR0cBBe-WcVWYemxDXodLBSwmdMU=mo,App keeps crashing randomly,2,0,11.65.0-release.6,2026-02-19 14:51:53,,,11.65.0-release.6,com.twitter.android,X
0848e40c-924b-4e91-b6e6-66f5e90ca898,Madjid Lesnar,https://play-lh.googleusercontent.com/a-/ALV-UjXY--VJhv16j2hrI_vEZxDBmCBUDJ_dclBjbH-dhv9OaZ8E3Lk,can you please remove the feature ( about your account info ) and also ( how many times someone changed his username feature )it's useless. .....or add something like hide my country option ? . to protect people privacy !!! please team ¡! I mean what's the point of letting other people know which country y live in or what kind of phone y use ( connected via android / appstore app ) ...,2,0,11.65.0-release.6,2026-02-19 14:48:52,,,11.65.0-release.6,com.twitter.android,X
d45d4b80-58ff-4964-a623-f119a720f503,megha sharma,https://play-lh.googleusercontent.com/a-/ALV-UjXYZTWP0G6nQJUclT7O_LMQOiK1mpXePm4GrSexAgCbB3IWu3kc,rachl🤣,5,0,11.65.0-release.6,2026-02-19 14:43:00,,,11.65.0-release.6,com.twitter.android,X
4e8b27dc-a264-4671-96bf-8cb472c0b548,JP JMJP,https://play-lh.googleusercontent.com/a-/ALV-UjWy20NhyfyFmAohc1S2kwJc9v-thxurC_GAiDqzAulT40Ni9WVv3Q,This is the media now,5,0,11.65.0-release.6,2026-02-19 14:40:28,,,11.65.0-release.6,com.twitter.android,X
3652c261-6be5-4e65-bdef-56d1f63212a4,Ebenezer Bamidele,https://play-lh.googleusercontent.com/a-/ALV-UjWEZP9ke1RRGDlDAhxOH5WtmdYyuvmR1uHvKOcAls8Kk3B0AfU,cool 💯,4,0,11.65.0-release.6,2026-02-19 14:39:58,,,11.65.0-release.6,com.twitter.android,X
6a8780e2-b050-4354-95ef-5d7b7754f91d,Michael Mancini,https://play-lh.googleusercontent.com/a-/ALV-UjWPnE6bTA51p5aw9TM_14p4xZUFlbTQWA6bqDcftyVuc0pCd1Q,"Good app. But slow at times, but probably the most 'real' and free app we can get in this day and age.",5,0,,2026-02-19 14:33:39,,,,com.twitter.android,X
52c45599-6430-45c0-93c6-c1fb02454300,Nurul Atikah,https://play-lh.googleusercontent.com/a-/ALV-UjWpI68hV03weBfQt2GX5W9_2EUpomk-satO_PrMwqE3HeqgZlTg,just twit,5,0,,2026-02-19 14:29:37,,,,com.twitter.android,X
151cd0b3-ba86-4fe6-b448-deffa01438f6,Fortunate Ayoo,https://play-lh.googleusercontent.com/a-/ALV-UjU6t0LCJa3XWbDm-SxKWQgOcyQqQ8RTdl5tHlJS6fzzvqDP1DC5,cool,5,0,,2026-02-19 14:29:07,,,,com.twitter.android,X
42addb8f-7654-484f-92f3-e587e3dcf538,drfarhan khan,https://play-lh.googleusercontent.com/a/ACg8ocIXw4F5B6WMknY1wETd3yfrSGCCLaRiqY6k5cT1REKAe4Gy6A=mo,pakistan 🇵🇰 paindabad 🇵🇰 ♥️,5,0,10.89.0-release.0,2026-02-19 14:27:03,,,10.89.0-release.0,com.twitter.android,X
0e38163b-0c57-450f-8adf-bc65d4051033,Rev. Abhijit Pegu,https://play-lh.googleusercontent.com/a-/ALV-UjX7lWNjqvesJSVcxcT9ry4rBXrzEt0sU3i8gNAKBdCWuSSktK1P,future for communication,5,0,11.63.1-release.0,2026-02-19 14:21:11,,,11.63.1-release.0,com.twitter.android,X
422849a4-cc3d-4d4d-a4fc-bc1e71cbfac1,Nurnajiha Syuhada,https://play-lh.googleusercontent.com/a-/ALV-UjUSF6HqJsxD3nM0Gj4Z4mTpfMT6AEKYjtkGx9iSIB3duqNVlDjA,"From news to entertainment to social updates, Twitter has it all. Easy to use, fun, and always keeps me informed.",5,0,8.75.0-release.00,2026-02-19 14:13:11,,,8.75.0-release.00,com.twitter.android,X
d06a59a3-6814-4b8e-ba2a-5586cb34af92,Ryan Gardner,https://play-lh.googleusercontent.com/a-/ALV-UjUnSCA-UTkBf9_d5K1ET6PtEirE25glLPDFLuNS7oJZp5tFrnOR,Excellent app,5,0,11.65.0-release.6,2026-02-19 14:08:48,,,11.65.0-release.6,com.twitter.android,X
9510770c-b0a5-4c61-8172-0ce7b8e882ce,Obaid K,https://play-lh.googleusercontent.com/a-/ALV-UjWonWDvYv6oJtuHEkeM1G86XFX8AO8s4BSTJTz1_zap3kJpCOPfsQ,Last updated app 19-02-2026,3,0,10.78.0-release.0,2026-02-19 14:07:22,,,10.78.0-release.0,com.twitter.android,X
65a0c3bd-0880-4d29-83a1-0603a7d61dc8,Black sheriff Sheriff,https://play-lh.googleusercontent.com/a-/ALV-UjU2LiL4GpWJPzCOSwa0oTIPzpIbwymmNIxWC02OGQrD53WlKFc,good,5,0,11.65.0-release.6,2026-02-19 14:06:39,,,11.65.0-release.6,com.twitter.android,X
6abca4be-021c-42a8-9af9-542c3145a58b,Odumani Okpodien,https://play-lh.googleusercontent.com/a-/ALV-UjXsMpysS7Dy8AyPrdXUpIJsIBTv_r-PtGRD4VhgiJrzC2EeG5TT,very good app,4,0,11.26.0-release.0,2026-02-19 13:54:55,,,11.26.0-release.0,com.twitter.android,X
38d29d0a-943c-4a9c-9606-15f75818c58d,Jonathan Smith,https://play-lh.googleusercontent.com/a-/ALV-UjXB25AgRxaMNTE6RhwwsltvG2i2rj-SyzZngl2Tz5qhiiRF_Rym,"it's good to have down to earth folks so far perty soon we gone be say down to moon yep load,em up move,em out",5,0,11.58.0-release.0,2026-02-19 13:52:51,,,11.58.0-release.0,com.twitter.android,X
7cbc2e67-a706-4f97-a7b1-f305403213bf,shibani bala biswas,https://play-lh.googleusercontent.com/a-/ALV-UjXu7Dy2Zimbc1XoSu3A1HXgPyGH-7mfMoyfLD7cAgVzkW0rJoY,so nice I like you ♥️,5,0,,2026-02-19 13:46:00,,,,com.twitter.android,X
0dc195fe-f830-4c4b-8f93-df690a06adcf,Adis Nhlanhla,https://play-lh.googleusercontent.com/a-/ALV-UjVNMPpALo8V3O2ZUNRleMjQTam02Dun5rPFNoEtzBebOUWD6Qw,I'm still enjoying X and the most exciting thing is now we are getting paid for just posting. ☺️,5,0,11.8.0-release.0,2026-02-19 13:44:59,,,11.8.0-release.0,com.twitter.android,X
67240e0f-439f-402e-9d69-8d3133eaedc7,Muhd F.,https://play-lh.googleusercontent.com/a/ACg8ocJEHZVnz5924nf0wBtAYBB8hf2LpUapQdviWXJk-_UJH4FrhQ=mo,very good,5,0,11.49.1-release.0,2026-02-19 13:30:17,,,11.49.1-release.0,com.twitter.android,X
7ae92955-f2e9-44ac-9261-3738bdfa7e16,Kamyar Kamyab,https://play-lh.googleusercontent.com/a-/ALV-UjW2Vxh5gQ_LethLiehQE8cgJku0vmdLR-J-KpIwPOmvE6W-1_DMzQ,"The X version is good, but it needs better and more functional features.",5,0,11.65.0-release.6,2026-02-19 13:30:07,,,11.65.0-release.6,com.twitter.android,X
d4c78ad3-366e-441c-851b-74bf680d814f,Adejoh Caleb,https://play-lh.googleusercontent.com/a-/ALV-UjUgn0TWpsx1ppeyT-vOrGJWWa77sLTEoDsat24d2jECnpSiFwY,"Ever since I updated my app, it has refused to open. keeps crashing and slowing my phone",2,0,11.65.0-release.6,2026-02-19 13:09:19,,,11.65.0-release.6,com.twitter.android,X
537e6713-10c8-446c-bc2f-b52913458374,Bar Bari,https://play-lh.googleusercontent.com/a-/ALV-UjWqFY-cxedmovA4pfYuzSvyONeTDye5PHlFtJHLLPQoQkh-oz4_,"Thanks for fixing the Iranian flag. I still see that ugly flag sometimes though, don't know what is up with it.",5,2,11.65.0-release.6,2026-02-19 13:07:17,,,11.65.0-release.6,com.twitter.android,X
3f08d103-8f0c-41bb-90d5-e7d873cabe90,Sikander Kumar,https://play-lh.googleusercontent.com/a-/ALV-UjU5zP1h8WjKiCxjwQQ0TrZ1aNcM46FZLfUADyLCirrdqRSb8ZAl,excellent,5,0,11.65.0-release.6,2026-02-19 13:06:04,,,11.65.0-release.6,com.twitter.android,X
f51a171e-c197-43f1-b2d3-597c2f646db8,Emmanuel Kine,https://play-lh.googleusercontent.com/a/ACg8ocLIlLShDWiMndW2NjDPZmspMkje4s46KKvGDt_mxKP1Nqvj2Q=mo,excellent 👌👍,5,0,11.65.0-release.6,2026-02-19 13:04:43,,,11.65.0-release.6,com.twitter.android,X
cf358da8-41fe-44b3-b83e-a3490b090eda,Parmanand Chute,https://play-lh.googleusercontent.com/a/ACg8ocI9CcnitWLyDKKqiVKeka5LTIhP1v_iEDCsbDHLQZV_dlFFBg=mo,gold,5,0,,2026-02-19 12:56:39,,,,com.twitter.android,X
f13c2954-1acb-4747-8c37-476c250f555a,Clarence Shepherd,https://play-lh.googleusercontent.com/a/ACg8ocLfulwR8gjNtq0ZkLH18Hkain5I84nV-Ze9eJr5fjlRcaundg=mo,IT WAS FANTASTIC,5,0,,2026-02-19 12:52:26,,,,com.twitter.android,X
06b780a5-7512-43e3-b08a-2fc4e1ec2f86,Elijah Ayuba,https://play-lh.googleusercontent.com/a-/ALV-UjV8EVAGpUqhmLEDrpwg6lfmoXMWlEPeEOA87dDhhRvtye269Rur,my experience is 95%good,5,0,11.64.0-release.0,2026-02-19 12:52:25,,,11.64.0-release.0,com.twitter.android,X
4c85a987-f348-4e5d-8145-3eea6ea7e22a,Nova XxX,https://play-lh.googleusercontent.com/a-/ALV-UjXe69N0np6QbZc82Pjp_mIi2LTSw7zDThUFzC_3qvln0VCWV0bW,it's lagging for me and also The app crashed many times.,2,0,11.65.0-release.6,2026-02-19 12:49:15,,,11.65.0-release.6,com.twitter.android,X
494e004d-1be7-4b31-bc2d-131e2a131de4,_Moon_,https://play-lh.googleusercontent.com/a/ACg8ocIrPmMi8A2SHfvfEQqhfgMWO8E1-Gn-VjI5BNbt604ZwHq-mq0=mo,"Love the app and love using Grok.. X is awesome unlike Twitter which wasn't ! X is full of truth,.. for those ones that give it 1 star it's because your idiots. The app works fine,.. its about truth unlike Meta which has its bot literally in all your chats even if you don't realize it. X isn't like that. Its a much better app all around.",5,5,11.65.0-release.6,2026-02-19 12:46:09,,,11.65.0-release.6,com.twitter.android,X
db2aca78-7da1-4747-857c-b3f316d09748,Bipin Hajare,https://play-lh.googleusercontent.com/a-/ALV-UjU5dJavGQJ3EXpJcamEmXljTm8p_JVdX9F_MtLyigxlW9-L5hBd,best of its kind,4,1,11.62.0-release.0,2026-02-19 12:44:16,,,11.62.0-release.0,com.twitter.android,X
b461e5e4-1e72-43df-b395-3af6b3ab5859,Matthew Bamidele,https://play-lh.googleusercontent.com/a-/ALV-UjVNcR1vWDkNIHtJCXEhGTiD5YvXDZnuqWzh3-GAzQO1WTbRE7YY,I love twitter,5,0,11.65.0-release.6,2026-02-19 12:37:31,,,11.65.0-release.6,com.twitter.android,X
39568df6-cc80-4920-92b5-76f5acd5696f,Snoop Jacks,https://play-lh.googleusercontent.com/a-/ALV-UjWQDCIwcG_7L0Yf6awnwBe6iMa1Lms2wxraZju5zBPee19KlDw,"#@SnoopJacks I X farm app coz it's also easy to use.,it makes me rich friends & families from are around the world 🌍 that I can not rich life direct in my life...",5,0,11.65.0-release.6,2026-02-19 12:34:21,,,11.65.0-release.6,com.twitter.android,X
8fe8176f-e06a-4229-ac5f-ae7fcd2bf457,William Davis,https://play-lh.googleusercontent.com/a/ACg8ocJmW_9EzmAuvQjYFLE-yqTMPhzA_YNyDDBYcZvVUDISL3y3Fg=mo,excellent,5,0,11.65.0-release.6,2026-02-19 12:28:14,,,11.65.0-release.6,com.twitter.android,X
aac24a3b-b041-411d-94bc-e6f6cdfff56e,محمد چزگی,https://play-lh.googleusercontent.com/a-/ALV-UjXRgDDbXBlAcB0Kh0dhH8JO4ojtud6Gyd3QNHseGIowSS6wm8U,عالی,5,0,11.65.0-release.6,2026-02-19 12:22:41,,,11.65.0-release.6,com.twitter.android,X
a5960f06-c704-421a-876b-7e8d7dd1b719,นฤพนธ์ มุสิกา,https://play-lh.googleusercontent.com/a-/ALV-UjUnmvwZVvSRMNB1ROmNe5DwYzTZCltlBlQp_J4-T8gcOL21JaQ,good,5,1,11.65.0-release.6,2026-02-19 12:12:56,,,11.65.0-release.6,com.twitter.android,X
52b8320d-d74d-431b-b218-e85dd29f1187,Reza.jr.1387,https://play-lh.googleusercontent.com/a/ACg8ocLX231ULJjTDitXzlrgV842ny9OWGNU6x52V2IFri0ZuYXEtA=mo,good,5,0,11.49.1-release.0,2026-02-19 12:12:48,,,11.49.1-release.0,com.twitter.android,X
d10d0def-9f0b-4d93-8825-54e5a184f5bd,08. Divana Maulidiyah,https://play-lh.googleusercontent.com/a-/ALV-UjWArsxQj0nlGuD_EaJ0EtEaNn-bGUGVWlzAfzFcEjfDL_46ASA,"tampilannya jelek banget melebar gak nyaman, stop otak-atik lah jelek banget sumpah bintang 1",1,0,,2026-02-19 12:04:26,,,,com.twitter.android,X
247679ae-5286-46f5-9b32-7b79f04e4ea9,Esosa Justice,https://play-lh.googleusercontent.com/a-/ALV-UjXDN7vUzFwO8ZpDHKmjzapKYC6zHktDmudbYsn7gNsbKui81XK6,feels like freedom,5,0,11.61.0-release.0,2026-02-19 12:03:57,,,11.61.0-release.0,com.twitter.android,X
a54e91c9-e669-4359-83ed-1726d31be92f,Nikhil Zore,https://play-lh.googleusercontent.com/a-/ALV-UjXAsLIIZmJvhgdyG0yA_uxzThFM_EqfIt8AVfOSajeFezCSb5kv,atleast better than reddit,4,0,11.65.0-release.6,2026-02-19 11:45:19,,,11.65.0-release.6,com.twitter.android,X
2838cd94-9c46-40bd-8079-f0b7393fca0d,Purushottam Singh,https://play-lh.googleusercontent.com/a-/ALV-UjUdDNuKsRsIiC_Dp7fIakUHDdlQiSeBMjNqodFxI8W_L7uvqwWWBw,outstanding,5,0,11.64.0-release.0,2026-02-19 11:44:18,,,11.64.0-release.0,com.twitter.android,X
e7812a40-4310-4dc6-a458-f816d7b7e17b,Charles Agim,https://play-lh.googleusercontent.com/a/ACg8ocLuivE6ENmp5dqZpxJ_8SQMK01nyh0J6amLD1GScb3TAZSyjQ=mo,it's a nice app that is fun to express yourself,4,0,11.65.0-release.6,2026-02-19 11:41:42,,,11.65.0-release.6,com.twitter.android,X
9b4479c8-2127-4ce4-9d5f-a2ca326af25b,VINU VINU.P,https://play-lh.googleusercontent.com/a/ACg8ocLWzkEgh0hSUhsFWDJHIdLyD0CfwzJQ9iOogQBDwmqTGpKRhA=mo,super,1,0,,2026-02-19 11:37:10,,,,com.twitter.android,X
587dec25-18e5-4974-9b4c-b7f1b3aabfa6,latreyvon waters,https://play-lh.googleusercontent.com/a-/ALV-UjXXaKsfGQiEKtsq_FGdaSjfIJGgYxzZtGH_zjfdnQl5hrCxzEA,good,5,0,11.49.1-release.0,2026-02-19 11:32:29,,,11.49.1-release.0,com.twitter.android,X
19321980-e687-4502-b4e0-174f47f97514,Nashe Chinhoyi,https://play-lh.googleusercontent.com/a-/ALV-UjXbFAeIp_6K_zE8TbivlcBFlanhQ71JayN4_GnncHw6-qMOoBU,yakaipa twitter boiz,5,0,11.65.0-release.6,2026-02-19 11:15:34,,,11.65.0-release.6,com.twitter.android,X
863297ea-209d-430f-890e-2ef96a1306ab,favdj_albartzmss the lovely,https://play-lh.googleusercontent.com/a-/ALV-UjU45qPQ3nASMwqkkupZ3G18Fe9-ii7nCHY2XZfNcLP__BnFR1M,"log in issue suspension issue, you just suspend my new account just for posting pictures of my work, and after asking for help you forever ban it",1,1,,2026-02-19 11:06:43,,,,com.twitter.android,X
7f74bf2c-9fc7-4766-bf1f-93b11cc14779,Venkatesh Mani,https://play-lh.googleusercontent.com/a-/ALV-UjXmxL8nqcttNxaW35m1nWTgYfQysJeXmdbMBtQDNpo3U9UxpjzhvQ,super,5,0,11.65.0-release.6,2026-02-19 10:58:57,,,11.65.0-release.6,com.twitter.android,X
738efe33-992d-487c-aa61-c6fffab86dd2,エリック,https://play-lh.googleusercontent.com/a-/ALV-UjWEAuK8Hm6hVExtdoYwsGNiziADu9VqsMkqMprftwOXdZHpgvN5,"Absolutely amazing. Much luv, X",5,0,11.63.1-release.0,2026-02-19 10:58:44,,,11.63.1-release.0,com.twitter.android,X
f274bc33-eaad-4873-8191-1a8bed7fe4b3,Dunnie Musoke,https://play-lh.googleusercontent.com/a-/ALV-UjVK3fjFjO12Nkeh5yozznz5fwFbxVX4_4kSmyPBhEWBqnxceRJa,The latest update build is buggy! it keeps on crashing and freezing!,1,1,11.65.0-release.6,2026-02-19 10:54:34,,,11.65.0-release.6,com.twitter.android,X
4c9a8034-7cf7-4add-80cd-b535743eebb7,Talisman Maligwa,https://play-lh.googleusercontent.com/a/ACg8ocJubQ9s6CDiKh9vqBDQ3NGFXfpNRGNjJOZqYudmeD1w9CpAPw=mo,Elon ke bosso🙌🏿,5,0,,2026-02-19 10:41:27,,,,com.twitter.android,X
15d697a1-1d4c-4a15-b997-78acabdaa3be,Shun,https://play-lh.googleusercontent.com/a/ACg8ocL1ase1Q95hsw1ryRw8VKJOOllppZpG4IV6OufVLl3L4vW97g=mo,"Awesome App, Best in communicating Freely without tons of restrictions. Surf, study, learn, post and repeat I Love X and would recommend it.",5,0,11.65.0-release.6,2026-02-19 10:40:56,,,11.65.0-release.6,com.twitter.android,X
ebc666e0-3a3e-455b-af46-d1fae0632b5c,Murali Vasudevan,https://play-lh.googleusercontent.com/a-/ALV-UjUXd9QiCTREYkR_C7joaA0_T6jOY7FVIbP8HVa08fNq0WFgJsPj,I love it,5,0,11.64.0-release.0,2026-02-19 10:38:20,,,11.64.0-release.0,com.twitter.android,X
b7f61e0e-2df6-4f21-8196-9f9afc9e62f6,Ezeh Chibundom possible,https://play-lh.googleusercontent.com/a/ACg8ocKs7e24YycETQ6webXQuCIxl65xr6Gg0baBDW0scPs1hXbltg=mo,"installing the app hangs my phone, don't know the cause lately!",1,0,11.65.0-release.6,2026-02-19 10:37:39,,,11.65.0-release.6,com.twitter.android,X
5ed7df69-1989-4f78-a781-2b4813206e19,Billy Patterson,https://play-lh.googleusercontent.com/a-/ALV-UjVwZDZy_-ZGWB0A6o9mptCOQ98i-nMPIpstLXFGOyQnT7rLHo_8,love this app,5,0,10.38.0-release.0,2026-02-19 10:37:13,,,10.38.0-release.0,com.twitter.android,X
90848f77-eda2-4466-bf6b-8aa6a3370c5f,Nighto Nighto,https://play-lh.googleusercontent.com/a-/ALV-UjVFlIdqHVTTGXq6gRDMbOuUGo-SeOZly37Z0BAH34LQMrDhGhs,best than instagram and facebook,5,0,,2026-02-19 10:36:57,,,,com.twitter.android,X
8bdbe3da-7449-4a95-b6e1-ab9d5c692f75,pukhto durrani,https://play-lh.googleusercontent.com/a/ACg8ocJHG1jWjg734ePk3X4mbNFl18sK2sK7zua8-jH1pAx_D2LSBA=mo,i have tried to create a new account th3re seem to be an error. while loading.. keeps saying try again later,1,0,,2026-02-19 10:24:40,,,,com.twitter.android,X
86d66374-f64c-4067-acc9-9790f5182db8,Sereniti Bryan,https://play-lh.googleusercontent.com/a-/ALV-UjX3kf63cM7EhNdco3CCFymYq_vlv_vjEuSar5-vbh8vhmJkd0IAFA,always a bug,3,0,10.40.0-release.0,2026-02-19 10:16:53,,,10.40.0-release.0,com.twitter.android,X
36eb3215-3608-4710-907d-5e59d2f473a4,Michael Boillot,https://play-lh.googleusercontent.com/a/ACg8ocLRfVjiX_2RzoPzWBalZf03XoXtsVi2w9KN4G26vrlTWwVBRY1t=mo,can't message anyone when it doesn't work half the time !! it says you can't message chat,2,0,11.65.0-release.6,2026-02-19 10:03:30,,,11.65.0-release.6,com.twitter.android,X
08b654dc-9ba9-4650-be7b-a2adcc000b0c,Senyonjo Henry,https://play-lh.googleusercontent.com/a/ACg8ocLIAyLU0KfBwfMnk7rkw2sshMXD1TDg1i8Q0kUEII6tbvic1w=mo,it is awesome though we need to be able to download videos without a subscription 😀,4,0,11.65.0-release.6,2026-02-19 10:02:42,,,11.65.0-release.6,com.twitter.android,X
7af6b71c-39c4-4f64-98b5-8820741aa8c3,Wassim Makhoul,https://play-lh.googleusercontent.com/a/ACg8ocLf4Fuq9PmcEbUjZZY0sGbucT2mtMFIEbWJ00XtzOeMr7I7-A=mo,A tons of information about everything. Great app. the best by far.,5,0,11.65.0-release.6,2026-02-19 09:46:39,,,11.65.0-release.6,com.twitter.android,X
ff1d7aa9-31b2-4075-bb72-d8e858299734,shivam singh Chauhan,https://play-lh.googleusercontent.com/a-/ALV-UjXNCsaUL8gAHyroTGDwhc3PFXudulgikgkHhQxb40mLhQ6NeXZh,free speech platform,4,1,11.64.0-release.0,2026-02-19 09:45:14,,,11.64.0-release.0,com.twitter.android,X
bab4daa8-0788-4bb2-b6c7-e42ea93cc1df,Zach Hampton,https://play-lh.googleusercontent.com/a-/ALV-UjUFkb1oGIjGSpSFg3OD5R0F0JRt8Sh079dEewxgPtkYpBK7a2JJ,really cool information,4,0,11.65.0-release.6,2026-02-19 09:38:00,,,11.65.0-release.6,com.twitter.android,X
e64ac6bf-b9c3-4237-acba-0533899b1016,D Mehl,https://play-lh.googleusercontent.com/a/ACg8ocK41pzf2EtiXxfxH0dEyMeNxLU12rrf0iTGLgJmYXbmfx_64g=mo,Saved free speech,5,0,11.65.0-release.6,2026-02-19 09:31:38,,,11.65.0-release.6,com.twitter.android,X
f9b2f912-cc6c-4656-b20a-8c2302669adb,A Google user,https://play-lh.googleusercontent.com/EGemoI2NTXmTsBVtJqk8jxF9rh8ApRWfsIMQSt2uE4OcpQqbFu7f7NbTK05lx80nuSijCz7sc3a277R67g,good,3,0,,2026-02-19 09:30:40,,,,com.twitter.android,X
d92909c0-bd78-44b2-9a3f-0f10102148d1,Sharp Sathish,https://play-lh.googleusercontent.com/a/ACg8ocIFZ7etYArR-4R3dWCfTpnjwfS9IFV3GQrWFdnWP0VtVas12g=mo,wow this app very very nice,5,0,11.63.1-release.0,2026-02-19 09:29:21,,,11.63.1-release.0,com.twitter.android,X
2d6a9245-39b6-4d43-95f0-e4d34e0baa6c,Sunil kumar,https://play-lh.googleusercontent.com/a-/ALV-UjXlyWQym_O5GyCH_bgOL5kZetxkKJYJB5VpvD-_9J6LkUXbN1b0,good,5,1,11.65.0-release.6,2026-02-19 09:25:19,,,11.65.0-release.6,com.twitter.android,X
5dae0fd2-7335-406c-999d-6e9fb786f317,Mayank Baheshwar,https://play-lh.googleusercontent.com/a/ACg8ocKyqGAgVYWmmLTVMCyZNgJr6a1NMXepIEUNGkdV-pfTu5aoxA=mo,nice,5,0,,2026-02-19 09:17:39,,,,com.twitter.android,X
b244051b-0454-45d7-81e2-b0973403987f,Paul,https://play-lh.googleusercontent.com/a/ACg8ocJ1m7qaGfuclW39JvDlTPn9jpWgeJH2syGVSHPDASaatu0sBQ=mo,No option to download Grok images?? What a poor oversight.,2,0,,2026-02-19 09:14:43,,,,com.twitter.android,X
9d727e34-161e-41e4-87ab-f27b18ccee97,Flowerichky,https://play-lh.googleusercontent.com/a/ACg8ocIleMkiU-TTMrBm9eB8VIazWFg5dFx76DFCvyE1CsbACKwDQw=mo,"After the latest update, the app has been full of bugs. It has become very laggy and freezes frequently. Several times I couldn’t scroll anymore because the screen just got stuck. I also keep getting “App not responding” messages, which is really frustrating. Please fix these issues as soon as possible because the app was working much better before the update",1,0,,2026-02-19 09:08:15,,,,com.twitter.android,X
d70fb16e-bc3c-4b6b-8bab-f0c0fc372138,Franklin Nwokoro,https://play-lh.googleusercontent.com/a-/ALV-UjUb-_8Q_5t62bOA3Umo-dqbbZKMlyoHAx89jo_7L9l-rIDRS1c,"I updated the app, it's no longer opening on my phone",5,0,11.65.0-release.6,2026-02-19 08:59:30,,,11.65.0-release.6,com.twitter.android,X
52df1a03-9ab9-496d-8bf6-4f0f1a0630d4,A Google user,https://play-lh.googleusercontent.com/EGemoI2NTXmTsBVtJqk8jxF9rh8ApRWfsIMQSt2uE4OcpQqbFu7f7NbTK05lx80nuSijCz7sc3a277R67g,Like it.,2,0,6.23.0,2026-02-19 08:58:09,,,6.23.0,com.twitter.android,X
e07e449b-52d8-478e-9ca7-fa24298690d7,Hasan Kawwam,https://play-lh.googleusercontent.com/a/ACg8ocK_GfWqQXwA1V_wHOXhfCIp1V15B2GG5Jph6ofwWUYP4VAgRQ=mo,mass censorship,1,2,11.65.0-release.6,2026-02-19 08:57:14,,,11.65.0-release.6,com.twitter.android,X
e74f13d6-9923-46f5-9391-8469ffb3b45d,Christopher Young,https://play-lh.googleusercontent.com/a/ACg8ocLZWtX3YsdTWi3XROj05UBaFwMcJlEUkwPFD57t3yVV7xhp0Q=mo,Totally Awesome 🌱🌱🌱,5,0,11.65.0-release.6,2026-02-19 08:57:05,,,11.65.0-release.6,com.twitter.android,X
2e7ec4de-c80a-4df7-967b-1bf933465e95,Aung Kyaw,https://play-lh.googleusercontent.com/a/ACg8ocIFS4PuMnjF9Yjy4cTPkNpeNY4V4h4hjha43hSGRAndtgAQIQ=mo,No good,1,1,11.65.0-release.6,2026-02-19 08:48:32,,,11.65.0-release.6,com.twitter.android,X
a7c2b8a9-e5f1-4e51-b8cf-edcca8af8ace,James Rutledge,https://play-lh.googleusercontent.com/a-/ALV-UjU9zjDuPi8SxIvjlzGbvOBoErSNweCwW4CkVyvGMug7tjCRSxNm,love it,5,0,11.65.0-release.6,2026-02-19 08:42:39,,,11.65.0-release.6,com.twitter.android,X
38d126dc-c256-42c9-b7d3-a8c9f573a460,heaven sent,https://play-lh.googleusercontent.com/a/ACg8ocJiVlW0ZY6KZy5-BKfE3XpG8sYy2fa27Y3KHkF4B2KcSqDWEw=mo,makin ampis kocak,1,0,11.64.0-release.0,2026-02-19 08:41:09,,,11.64.0-release.0,com.twitter.android,X
561a7107-7dc3-451e-a970-98742a35ac35,Michael Rutkowski,https://play-lh.googleusercontent.com/a-/ALV-UjWYwnUvG_uPgZvRbtJulhQjXbI1AyDU0UN98bz6a8N4ZK2tYWza,Always enjoy,5,0,11.65.0-release.6,2026-02-19 08:40:28,,,11.65.0-release.6,com.twitter.android,X
2d42a7b8-f02e-4d54-a3b6-bd0f89b9708c,Kevin Faith,https://play-lh.googleusercontent.com/a/ACg8ocLJ9YnOX5ggiPKB7ThNCT_5XcScaxKAKYLck_scdtxsICct6g=mo,A-OK!,5,0,11.65.0-release.6,2026-02-19 08:35:53,,,11.65.0-release.6,com.twitter.android,X
e1e0b845-138e-44f9-9d7e-e34f71bc2de5,Zach J.,https://play-lh.googleusercontent.com/a-/ALV-UjV-vUd_SNtwoTyd948lzDbjwi3h4QSmTe9Yi3yiT86UzMELCc77OA,All fun of Reddit without the mods who ban you for anything!,4,0,11.65.0-release.6,2026-02-19 08:33:15,,,11.65.0-release.6,com.twitter.android,X
556d9623-fed3-4ba9-94b1-47d3d05c6778,A Google user,https://play-lh.googleusercontent.com/EGemoI2NTXmTsBVtJqk8jxF9rh8ApRWfsIMQSt2uE4OcpQqbFu7f7NbTK05lx80nuSijCz7sc3a277R67g,"Dear X Support Team, मेरा नाम Ramesh Kumar मेरा X यूजरनेम @Ramesh_chouhan0 है। मैं पिछले [कितने समय से, जैसे 4 दिन] से X मोबाइल ऐप में लॉगिन नहीं कर पा रहा/रही हूँ। हर बार ट्राई करने पर एरर आ रहा है: Login error attestation denied जैसे ""Something went wrong"", ""Login Error"", या कोई कोड]। मैंने ये स्टेप्स ट्राई किए हैं: इंटरनेट चेक किया (दूसरी ऐप्स काम कर रही हैं) ऐप रीस्टार्ट और फोन रीस्टार्ट किया ऐप अपडेट किया कैश क्लियर किया ऐप अनइंस्टॉल और री-इंस्टॉल किया",5,0,11.65.0-release.6,2026-02-19 08:31:55,,,11.65.0-release.6,com.twitter.android,X
dae3412a-4dfe-48c6-92f3-5fbd8f396c03,Leeroy Musekiwa,https://play-lh.googleusercontent.com/a/ACg8ocKg3ituKmuPywitEDac3ZdPXtylRUxm1kGwdAhcNL9if61tKw=mo,exceptional,5,0,11.65.0-release.6,2026-02-19 08:31:33,,,11.65.0-release.6,com.twitter.android,X
b44fed27-3389-4b3d-ab12-3b26e6e3346e,Steve Maina,https://play-lh.googleusercontent.com/a/ACg8ocLg99UKtn_mv0ARjA36DJVaXJ9o62U38iPXGf9ccMBfHt5ciQ=mo,strong 💪,5,0,11.65.0-release.6,2026-02-19 08:21:13,,,11.65.0-release.6,com.twitter.android,X
95ba122c-27a2-413f-b54e-59250c20ff72,Raj Shrestha,https://play-lh.googleusercontent.com/a-/ALV-UjUd9kOgSpI97y7QusGpvjy7u1Xyj094TRcyqwL-ha3-wCPkWX_A,good nice,5,0,11.65.0-release.6,2026-02-19 08:20:29,,,11.65.0-release.6,com.twitter.android,X
26c7f1ab-83b0-4ea1-9167-550942131f6f,arthur gifford,https://play-lh.googleusercontent.com/a-/ALV-UjXMrjHHz6aVNH8PIVTNJFh17pEO1hd8csLr5S8aVOa5oVHuTb83,used to enjoy twitter but now it's all porn AI bots and literal garbage and ad slop.,1,2,,2026-02-19 08:16:13,,,,com.twitter.android,X
45160045-e9ca-4aec-a0e3-5ca3288cec99,Manjeet Kaur,https://play-lh.googleusercontent.com/a/ACg8ocIVVt12yFJu7GI-ZsjhFex0Q2assSeueQuF5N3l-8Qgdk887g=mo,Good,4,0,11.65.0-release.6,2026-02-19 08:13:50,,,11.65.0-release.6,com.twitter.android,X
62b62da6-2259-4e5e-8b50-de79f6a4f06f,Amir Hamja,https://play-lh.googleusercontent.com/a-/ALV-UjU0k5_MjKu1P-6AebcTqbf54v3pT152BZC9x45Mttrsl4R8ypQ,My account is suspended permanently without any reason. I built my networks with long efforts. They never count their users. We are their digital slaves. Never use this app.,1,1,,2026-02-19 08:09:09,,,,com.twitter.android,X
c86499a2-46d5-4c02-9ff9-6cde5594dbd6,Habiba Elaaidy,https://play-lh.googleusercontent.com/a-/ALV-UjV97jYicXR9Q26aXagQmB0ZQ0xdt5SeRzPrhSU4ueuETbpRPtF4Yw,chat function is basically unusable keeps crashing and the manic that owns it make it ran by bots glitching constantly so useless,1,2,,2026-02-19 08:07:14,,,,com.twitter.android,X
281961fa-6ce6-4e89-b44f-7eedab958656,molahlehi jacob,https://play-lh.googleusercontent.com/a-/ALV-UjUVfRwuLU22I-4jb32gQ9Yas-eDzUL_nkEFOwXoNv9is2YFMXr0,Best app.,5,0,10.22.0-release.0,2026-02-19 07:54:18,,,10.22.0-release.0,com.twitter.android,X
ef9935a4-85d3-431b-8ea2-eb7c5d7c2758,AAWORD AAWORD,https://play-lh.googleusercontent.com/a/ACg8ocKofx8WsOVYmGEP_FIEjGwQESsPHnHH9Z4O3qcwbEhRnEkcGA=mo,very much good help with a lot of companies,5,0,11.65.0-release.6,2026-02-19 07:53:04,,,11.65.0-release.6,com.twitter.android,X
980c81fd-9b12-4add-859e-d0f67422be0b,Manish Kumar,https://play-lh.googleusercontent.com/a/ACg8ocKGJm84E_1mx_BukqjU3jgTtsV1MFf2WIwA-ranBew_jkO2zw=mo,good very good,5,0,,2026-02-19 07:51:04,,,,com.twitter.android,X
27acf7a3-e2be-496f-91bc-2df55258b331,anonymous,https://play-lh.googleusercontent.com/a/ACg8ocL_WsV4An-lv9EFfkXgy6jr0W3N5wFawgU9KQwiUineDcXzNQ=mo,"Musk could have done a better job, he simply bought it instead of improving it",1,0,,2026-02-19 07:38:39,,,,com.twitter.android,X
bce68740-92c0-4258-8251-3500baa285c8,Mike McDaniel,https://play-lh.googleusercontent.com/a/ACg8ocKDFDZOenEb-CgkZGVYfOKU0X9XA2mmMPfLdwN3zp0ofapUsQ=mo,This app is the BEST place to go for actual news. You can see what everyone actually says as opposed to how it gets presented in the media. You can also see the full videos instead of altered versions for ratings. You'll see real quick how much you are lied to by the media machine,5,0,11.65.0-release.6,2026-02-19 07:31:28,,,11.65.0-release.6,com.twitter.android,X
7f3b8a81-86db-4d87-a365-44e4e3f3ace0,FATYACHAND JETWANI,https://play-lh.googleusercontent.com/a-/ALV-UjVQRNaiLrnyCsyScuK03b-1R4bjFYUVWe1wNDylF-Xj6zqa6W-Z,"TOP OF THE WORLD , BETTER THEN ANY OTHER SOCIAL APP",5,1,11.65.0-release.6,2026-02-19 06:56:52,,,11.65.0-release.6,com.twitter.android,X
d76f9925-b06d-4cff-b1b1-70829a5692e6,Alamin Tukur,https://play-lh.googleusercontent.com/a-/ALV-UjW-RJRDzjq8jvGwPdZqihJEexEr60DNWpWrsqTP8Es5iyNt8FDu,good,5,0,11.65.0-release.6,2026-02-19 06:22:38,,,11.65.0-release.6,com.twitter.android,X
cb2b8364-e108-46b3-9e36-cf72ec1b1286,P.Mohammad,https://play-lh.googleusercontent.com/a-/ALV-UjWKMQIm4xoLqgjo2eLPiSDHq6CK3SMgJ185L9mE4fmWrRSbDpbr,very good,5,0,11.65.0-release.6,2026-02-19 06:21:28,,,11.65.0-release.6,com.twitter.android,X
d50e0367-6372-4070-ad55-d924bf016584,Gracjan Deresz,https://play-lh.googleusercontent.com/a-/ALV-UjXamqqfW6BfDGcrVO-aELRoD6VNhsatHYuvn5f2KY0BNgfms8yusQ,Free speech. At least.,5,0,11.65.0-release.6,2026-02-19 06:15:55,,,11.65.0-release.6,com.twitter.android,X
480df8e9-0926-42c1-8e24-ce5da622a1b9,Vvskkr,https://play-lh.googleusercontent.com/a/ACg8ocIgh4GK9zrS-akX6Rpzg3kNqAuTvE4rTkCRchg9GPtmeotrbg=mo,Best,5,0,,2026-02-19 06:04:14,,,,com.twitter.android,X
e0c60461-7de0-43bd-9606-96f459a8048f,Haben Tesfalem,https://play-lh.googleusercontent.com/a/ACg8ocLzPj_A5ICxzfKgjEpdOWQkhqgAvXLq9Hngfx7ePs84LMkL4w=mo,nice 👍 very good,1,0,,2026-02-19 06:01:42,,,,com.twitter.android,X
4e39d346-a304-43b6-b6d2-7be7dcd8943c,Fiona Toledo,https://play-lh.googleusercontent.com/a/ACg8ocLY9AIrBOR_6ugtqzabzzDWo2dB-wIoTE0L9zNoDMXh6JfBYg=mo,can't log in,1,0,,2026-02-19 05:42:25,,,,com.twitter.android,X
766e1b15-aebc-4fc6-b447-1632aa76b151,Geoffrey,https://play-lh.googleusercontent.com/a/ACg8ocLpM8Il52lf1HrSRkCx_UJEQUYJWwlg19mv7Fwh5UBrUSrbYw=mo,not a fan of the in app purchase.,1,0,11.58.0-release.0,2026-02-19 05:35:41,,,11.58.0-release.0,com.twitter.android,X
659114d9-3c1c-4aa4-9edc-a8efe74a3120,DAVID OGUNLEKE,https://play-lh.googleusercontent.com/a/ACg8ocKx0s097m3BKy-CJCXzBjoiZOyAeZxua_BERI-UkEUy3U17Pg=mo,Good experience,5,0,11.65.0-release.6,2026-02-19 05:33:40,,,11.65.0-release.6,com.twitter.android,X
fe3c0a9a-c791-4a92-8e41-95957f97facd,M.Sabir Khan,https://play-lh.googleusercontent.com/a-/ALV-UjVRkNJaoXIL5dKLaPTTaObEV6Vk7o_HYy02bL-ZD_WPNKrFj0J-,TREMENDOUS,5,0,9.76.0-release.0,2026-02-19 05:31:03,,,9.76.0-release.0,com.twitter.android,X
bc2ae87e-c529-4c1b-9cdf-326006986dd0,Zino,https://play-lh.googleusercontent.com/a/ACg8ocIbktrtLDDe4H2zMDBm2ZonowDYvaXwUWvQ1ssycHlupMPd0w=mo,it's a very nice app,5,0,,2026-02-19 05:14:14,,,,com.twitter.android,X
e84a2edf-b1ba-4589-904a-14729062a108,Ginger Moncada,https://play-lh.googleusercontent.com/a-/ALV-UjWGvFa51noAbpK0Rl2vr4k1bFlSrSpWxQAQWusrDW2k0coSCxn8,very well done. Don't deal with the devil.,5,0,11.64.0-release.0,2026-02-19 05:05:59,,,11.64.0-release.0,com.twitter.android,X
103f2663-82e1-4bfd-abda-479caea79923,serag sherif,https://play-lh.googleusercontent.com/a-/ALV-UjUD7XbvpSAfIRZS6tvRodEHSNE-Zqy8upaKOXpVUrZy8C-wyEzY,× now execllent but I have issue for my account I can't following please help. thanks,5,3,11.65.0-release.6,2026-02-19 05:02:59,,,11.65.0-release.6,com.twitter.android,X
6343181a-164d-4841-a0fe-09bf30e8cb4a,Richard Smith,https://play-lh.googleusercontent.com/a-/ALV-UjWSjImmdFpiVrnZZouxdt9jc0yay2mGHTr7VIynrUSlHHa5c8Qh,Re/installation.app.not responding. too slow!!,5,22,11.65.0-release.6,2026-02-19 04:58:46,,,11.65.0-release.6,com.twitter.android,X
a89f96f5-5445-4f2d-ad7c-ebda179c2ff6,Abdul Kadir,https://play-lh.googleusercontent.com/a-/ALV-UjXvUCOJmX3XX7jAdi9JnHwA8UD_MpoLSILT6zuSCC_53ZvCTuvZjA,good 👍,5,0,11.65.0-release.6,2026-02-19 04:57:09,,,11.65.0-release.6,com.twitter.android,X
0843e6b1-1b7c-40ad-8f4f-8b08b3f596f0,Paul Meyer,https://play-lh.googleusercontent.com/a/ACg8ocJNBYwW0GaGQSTJvOHPxZbGq7Apf-Hws_vwHbzDmuKLbvX47Q=mo,I am having trouble with a specified account I can't seem to unfollow it,1,0,11.65.0-release.6,2026-02-19 04:49:04,,,11.65.0-release.6,com.twitter.android,X
29a7cf5b-88a2-4809-a161-65bd42d09ed0,amobi chris,https://play-lh.googleusercontent.com/a/ACg8ocI6WWyfN8ZXchmy-GjidbFF7llDE3qgbjjqB62nCgwpopn9qQ=mo,Amazing,5,0,11.65.0-release.6,2026-02-19 04:47:28,,,11.65.0-release.6,com.twitter.android,X
035f589b-b26a-4b0d-9e4a-b2017daf2d60,Amobi Bright,https://play-lh.googleusercontent.com/a/ACg8ocL1dhgpo5mzP9SYkTfkMv2PLl1mF1IhmBxFavtgWtpgV5MV3g=mo,I love the app,5,0,11.6.0-release.0,2026-02-19 04:09:07,,,11.6.0-release.0,com.twitter.android,X
5389b932-a203-41f2-ba6e-eb5c05f474e8,Mmuso Xaba,https://play-lh.googleusercontent.com/a/ACg8ocJ2RHmZqTHQjeQwQWkrf4RUY-nCC39mZ8M3xSHBHm6Ok1p_tmE=mo,Amazing,5,0,11.64.0-release.0,2026-02-19 04:08:18,,,11.64.0-release.0,com.twitter.android,X
85a28eaa-a200-4ae3-8529-80ee934b1841,Laura Lynn,https://play-lh.googleusercontent.com/a-/ALV-UjW5NWTTHkHqwtIlsiR_vwOKyErTLu1-xdZZ_SBOO1EVPPJsDBQU,I just got this app on my tablet so I can use DM. It won't let me into the installed app. It keeps sending me here to update,1,0,11.65.0-release.6,2026-02-19 04:01:48,,,11.65.0-release.6,com.twitter.android,X
ffa91ce3-0d98-40bb-96ec-81da14b63666,Miere,https://play-lh.googleusercontent.com/a-/ALV-UjUnPDRbk8cD10LUicpMTOwWWJgYZlFLU31N7vC62zL_JmdMrPWt,Hypocrites,3,1,11.65.0-release.6,2026-02-19 03:59:58,,,11.65.0-release.6,com.twitter.android,X
4c13612b-903d-4047-8583-757fbc46d820,Alf,https://play-lh.googleusercontent.com/a-/ALV-UjUbJu69XA4ypMbOnSJvsqSElkGjqXuL1e3U-EGLLEhYUGzy5Eg,I still hate the name change 👍,1,1,,2026-02-19 03:52:43,,,,com.twitter.android,X
51e2e9b7-3a9b-4faa-8757-7404efbc9aa9,A Google user,https://play-lh.googleusercontent.com/EGemoI2NTXmTsBVtJqk8jxF9rh8ApRWfsIMQSt2uE4OcpQqbFu7f7NbTK05lx80nuSijCz7sc3a277R67g,the app keeps crashing since I updated it and it's slow,3,3,11.65.0-release.6,2026-02-19 03:42:19,,,11.65.0-release.6,com.twitter.android,X
913555d8-a481-4ba7-97bc-06106b276404,Alex Crișan,https://play-lh.googleusercontent.com/a-/ALV-UjX9dLLUFwFFA4FnLmc0xL91pAyuXEIJz-3DvfxSwT3XspD2FSrr,The app is much better now. It's quite on par with the mobile web version.,5,0,,2026-02-19 03:32:52,,,,com.twitter.android,X
df1638af-c983-4628-a431-cad52aa446a6,John Michael Sia,https://play-lh.googleusercontent.com/a/ACg8ocJq3O0AOfijaCSZl92ooy9Po-PfHUI4LxhY5YuObWVYSDPHVg=mo,good,5,0,,2026-02-19 03:23:01,,,,com.twitter.android,X
3eddcdaf-373a-4c2a-b646-f38f0af37347,DJ Brayton,https://play-lh.googleusercontent.com/a-/ALV-UjUjq9kfVJgZ53C9Lz1Jf3ollXmxR5i2643x90hm_Jikzr8aIkII,I really hope you all can get an email support for everyone on X platform for help there's a lot of people who flag content for no reason. 😡,1,0,11.65.0-release.6,2026-02-19 03:21:17,,,11.65.0-release.6,com.twitter.android,X
4ae735d2-2fef-40a5-aa13-c45e3f972e6c,Bhuvan SK,https://play-lh.googleusercontent.com/a-/ALV-UjUu46KYEuPpmXBOmaQhVDSAX84ckNXtpTtICGGyu4m7ha7EQaU,paid for the app and it gets buggy and slow. unpaid was faster,1,0,,2026-02-19 03:21:09,,,,com.twitter.android,X
c9049e54-ffb5-4ab8-917e-54373d2e7810,Lynn Andrews,https://play-lh.googleusercontent.com/a/ACg8ocLUpugoyRNf0p6QCI95NNKTCRqTBIWx2NJLUp7_etwSLoeaSA=mo,once again I can't receive post again had the same problem yesterday it's ridiculous please sort it out,1,14,11.65.0-release.6,2026-02-19 03:21:04,,,11.65.0-release.6,com.twitter.android,X
07e44106-5de4-4e65-a61b-edcd8fd36f2d,karen parker,https://play-lh.googleusercontent.com/a-/ALV-UjUdPrlxgNvo_vQ2Jhn_s9A5gPRX3kLdtsRKE-EkJLeZBGOScf8U,constant errors,1,2,11.65.0-release.6,2026-02-19 03:20:20,,,11.65.0-release.6,com.twitter.android,X
3c1cb100-259e-45e6-80f5-d1fa7578d73b,Gideon Cheruiyot,https://play-lh.googleusercontent.com/a-/ALV-UjXTm4C4dbrWkAI0cxMTXR89TbRJWvoNCjdIsDWgVheN80q3sllTbg,freedom of speech.,4,0,10.79.0-release.0,2026-02-19 03:02:43,,,10.79.0-release.0,com.twitter.android,X
e5a2a0df-ede6-41c6-ab82-3cee708392fd,Ikhsan Suhendro,https://play-lh.googleusercontent.com/a-/ALV-UjXy1-tuhj-d1Jcs5Klb3E5mAMwC9-p2qN5-D3mgeScogoZPNb2X9Q,good,5,0,11.63.1-release.0,2026-02-19 02:54:55,,,11.63.1-release.0,com.twitter.android,X
584f6ecd-b2c0-404a-b3df-57c57d10db49,Chima Michael,https://play-lh.googleusercontent.com/a/ACg8ocJwoVCu0eeJp8eX8BkT1dEc-u3h_qEN3W90S75-a5Ep-BB_2Ak=mo,very good,5,0,11.56.1-release.0,2026-02-19 02:42:58,,,11.56.1-release.0,com.twitter.android,X
0fba8289-7216-44f1-9287-47e8dc9355e3,Ade Realism,https://play-lh.googleusercontent.com/a-/ALV-UjUj1Cj2u7eIicaHuh0BBra7Ctchg-GIEgm-IWuHTrwYLZy5d90,"Listen, this is the only freedom of speech we have, thankyou Elon, blessings 🙌",5,0,11.65.0-release.6,2026-02-19 02:41:42,,,11.65.0-release.6,com.twitter.android,X
4170da83-a904-4c1b-a7d5-732119c4b473,Matiope Aaron,https://play-lh.googleusercontent.com/a-/ALV-UjUv7gqLPap7fO24RVUY387AvfRUUPLYnzAMXjwcNeDOPepFl5s,just good🔥,5,0,11.59.0-release.0,2026-02-19 02:31:31,,,11.59.0-release.0,com.twitter.android,X
8a7269c6-ec44-49f3-a849-a16e72eb868a,Jeremiah Oluwasegun,https://play-lh.googleusercontent.com/a-/ALV-UjUXk8n_pWK26tkuNwFreV825pjvwYLWxRaWv_sB7fTVrsaHTFzX,awesome,5,0,11.63.1-release.0,2026-02-19 02:26:51,,,11.63.1-release.0,com.twitter.android,X
4ecfb400-e987-4f11-b367-536f0ac7e0d4,Hyacinth Opetshi,https://play-lh.googleusercontent.com/a-/ALV-UjXeC2Y9FwFymU8JJU3ua2sTW_gsoRYIRfXrpC6K2QGB4gIEOmvY,It is good app but my old account was suspended until now this is my new one now working fine and like it,5,3,11.65.0-release.6,2026-02-19 02:21:06,,,11.65.0-release.6,com.twitter.android,X
763a02e3-7b4a-411e-9dc3-6e49f75b2bb2,LEXY PRICE,https://play-lh.googleusercontent.com/a-/ALV-UjUgkBb4W75fqgdwtNlgkkD68gpNZYWyLLkKtxGl_culopam5CPj,it is great app,4,0,11.3.0-release.0,2026-02-19 02:14:58,,,11.3.0-release.0,com.twitter.android,X
a4eb001f-615b-4dc0-bee9-259c93e85f19,Mac Billings,https://play-lh.googleusercontent.com/a/ACg8ocJR_ABxx4t-U--l39uqTOQpcgPHxJ_A4slOcV9bmrZihzuusQ=mo,only way to get news now,5,0,11.65.0-release.6,2026-02-19 01:54:05,,,11.65.0-release.6,com.twitter.android,X
ab2578d4-ca2a-484d-b9ad-a3a0013c3f73,Simas Pečiūra,https://play-lh.googleusercontent.com/a/ACg8ocKxNr2OFOyUV-T4fWY66vFid7QO9B5FVPLRtL92gU1s8hpTAA=mo,constant lagging,1,6,11.65.0-release.6,2026-02-19 01:52:53,,,11.65.0-release.6,com.twitter.android,X
d58929e2-fe65-4726-b308-07adfbcdc8f9,M. Reza Nasirloo,https://play-lh.googleusercontent.com/a-/ALV-UjWhob7SW1w31Z9BPHUuuUMz_0IctbHQ6wty9cvX4cW7De6_wOs,"This app lags on a new phone,I feel like It's 2013 -------------- There are too many feed updates, I can't read tweets when u update the feed every 10 to 20s. Fix this, please! ---- There are delays up to 5 seconds when liking posts or viewing posts",1,13,11.65.0-release.6,2026-02-19 01:40:27,,,11.65.0-release.6,com.twitter.android,X
2bd9c219-5b7e-4697-8bbf-92fb6b6d59df,Jacob Gonzalez,https://play-lh.googleusercontent.com/a-/ALV-UjVvcHAgaQrN9ICQaael-vaKDy7likuDNG3t-aF-ovA7ib0qHEQ,Just a mess overall,1,3,11.11.0-release.0,2026-02-19 01:22:47,,,11.11.0-release.0,com.twitter.android,X
516fa5b3-b01a-490c-b96e-57568fc11bb0,May O,https://play-lh.googleusercontent.com/a-/ALV-UjVwmRCOFuMd9mqRqXJR4M_bFW6B6YtGf0Odrd1UMlm_P0hN5u6n,great app,5,0,11.65.0-release.6,2026-02-19 01:16:55,,,11.65.0-release.6,com.twitter.android,X
2e9561d6-9c64-41dc-8984-8ae004b0e105,Moeketsi Abraham Mosetu,https://play-lh.googleusercontent.com/a-/ALV-UjV3crJyOeBgJZ0tFvPzp9611HtPTdOIvtRR7sFv9aQHOiCeFmw,Amen!!! 🙏,5,0,11.65.0-release.6,2026-02-19 01:14:00,,,11.65.0-release.6,com.twitter.android,X
f263e7c5-369a-458f-b371-9e5ac200be32,Deiv 69,https://play-lh.googleusercontent.com/a-/ALV-UjWkdumEDswsgW7N2-0wu0ZJpR_eGsxD7iC3gmKfSYl9uVws1o7N,tbh there is a lot of creative people in that platform,5,0,11.65.0-release.6,2026-02-19 01:12:10,,,11.65.0-release.6,com.twitter.android,X
9dbb0a1d-c4a4-4277-be48-c19bc2f30fbd,cargo,https://play-lh.googleusercontent.com/a/ACg8ocLR7JUwKJluiFHNjgp8iRpo02qYSTDBbtSvYWY3b8G6U8MY7A=mo,nice app,5,0,,2026-02-19 01:11:37,,,,com.twitter.android,X
cfd131ab-083e-47b4-8412-45a047c7bfe4,Engineering Service Centre (MD-RAKIB-HOSSAIN),https://play-lh.googleusercontent.com/a-/ALV-UjW7-y8CgP6re3kOYoZxVD7S-ahJw2WGXLKZE2emhcsDSjFCBVo,I'm happy,5,0,,2026-02-19 01:10:05,,,,com.twitter.android,X
2e9a87d8-6539-43d4-bd02-290b8c1d4bed,S,https://play-lh.googleusercontent.com/a/ACg8ocLPUyO8l3ydf-3kOXYfCXYSx98bregKpCw5HdUzRSD-bcbulg=mo,ban accounts for no reason,1,2,11.65.0-release.6,2026-02-19 01:07:59,,,11.65.0-release.6,com.twitter.android,X
d3db0b5d-6b82-4573-b1b7-b229c213e9aa,El Kenz,https://play-lh.googleusercontent.com/a/ACg8ocIAUud7BOr2Sxhrci6pyI6zhTTjuUigxs9qgn1rWA-0OdhpOA=mo,"it's cool app,I enjoy it every time on it",4,0,11.65.0-release.6,2026-02-19 01:06:02,,,11.65.0-release.6,com.twitter.android,X
97d02856-5ce8-453b-82ef-4e8a6ce36413,Ilies,https://play-lh.googleusercontent.com/a-/ALV-UjXXvpqfU0z_EkbFJFKWBM-WbJypq6sCZuuqIW94yXelJJQjE0Q2,"I got a playback error, and it isn't fixed !!",1,2,10.50.1-release.0,2026-02-19 01:03:26,,,10.50.1-release.0,com.twitter.android,X
aef5d939-1af5-4c58-8ebd-956562d89238,Juana Explore,https://play-lh.googleusercontent.com/a-/ALV-UjV7lVOpCFlnqXtM9bAG6BrvMCVIilUQ2rXYeAYrK3LdSyDZTDR93w,too many racists,1,3,11.65.0-release.6,2026-02-19 01:00:29,,,11.65.0-release.6,com.twitter.android,X
89d2653b-1903-4d42-bd6f-7c435850c7f5,Habibur Rahman,https://play-lh.googleusercontent.com/a/ACg8ocK13PZdoulwAtmTvUmwNqw_svzbqL7senzFqaFTx7tILZatAA=mo,mass censorship,1,3,11.65.0-release.6,2026-02-19 01:00:25,,,11.65.0-release.6,com.twitter.android,X
0360ea12-9b3b-4e42-a055-874bee5e715b,Sachin Kumar,https://play-lh.googleusercontent.com/a-/ALV-UjXlbE3Rcht5mWGyNCVu4sI_6JO-68czJVns3FZKwaEotGlowhw,नीक है,5,0,11.63.1-release.0,2026-02-19 01:00:00,,,11.63.1-release.0,com.twitter.android,X
2f5fb2ae-34e4-4cb1-9527-77d975b36cbb,Keshav Mallik1994,https://play-lh.googleusercontent.com/a/ACg8ocLVN11sr-8oCbBBrhT9ndhp9nyPjYN8MLi748j-moeOycYTXw=mo,best Media,4,0,11.64.0-release.0,2026-02-19 00:59:25,,,11.64.0-release.0,com.twitter.android,X
b3b0f064-4ba4-496c-9524-0bdd49ac7001,what kind of food are u?,https://play-lh.googleusercontent.com/a-/ALV-UjWbi5GYLzAYt77LSVztQs0nRpLp_WHepG7CUWofEj2d9yksvWM,i cant even open the app bcs it would say it's not responding. pls fix this,1,2,,2026-02-19 00:46:02,,,,com.twitter.android,X
5c932db7-8db6-4f12-97d4-3b73aba4e665,Mark Mugabi,https://play-lh.googleusercontent.com/a/ACg8ocLkTo9LDoj-Yvz5uFtjFFBokNLedPBv31MYAmPSHunof5aZdw=mo,"Hello, I can't log into my account on the app. It shows ""attestation denied u."" Bit I can log in on the browser. Help me",4,0,11.65.0-release.6,2026-02-19 00:41:37,,,11.65.0-release.6,com.twitter.android,X
472f6e1a-56fc-45bc-a385-0101b89845e8,Big Dreamer,https://play-lh.googleusercontent.com/a/ACg8ocI5-UsHj8CIFGfqvcT_bEtXU44xUj_GUZZ65y-Dbi4lY7GEMQ=mo,X needs to delete all the Elon Musk impersonators,4,0,11.65.0-release.6,2026-02-19 00:36:26,,,11.65.0-release.6,com.twitter.android,X
d9847e4a-2cc9-42cf-91b5-ab6868e0fc9d,Matthew,https://play-lh.googleusercontent.com/a/ACg8ocJHNSMvo_84QM5acT6q9hqtnYQtA0ZdEhcYvrkz9UhAvXY52-Qh=mo,X works great. Sends me daily notifications in my phone tab that I may be interested in. I like how I can go to any tab bar in the app and it works smooth. Love the logo. But to try and force the premium tab on me is Ludacris. Fix it.,3,806,11.65.0-release.6,2026-02-19 00:15:09,,,11.65.0-release.6,com.twitter.android,X
8dc49264-b257-4f69-b11a-22d918d417c4,Joe B,https://play-lh.googleusercontent.com/a-/ALV-UjWKI3xhtLmqC10bznu0v7mos-KeQK7TTEbQS9H4fxbWaqHfaoOPQw,"much better than it's former iteration, by far",5,0,11.65.0-release.6,2026-02-19 00:05:09,,,11.65.0-release.6,com.twitter.android,X
d2a0bc0f-66f2-4621-b194-a805b224a346,James Iseguan,https://play-lh.googleusercontent.com/a-/ALV-UjWjdKyoWdldf4oCt23A9UKeGsQVBDiDS1wSx7PpGT_Ld_h5juxL,"A total waste of time 😒😒😠. Tried logging in my account, says that my account doesn't exists. Tried creating an account, its just stuck in d page... forever Every existing or new app update has has users, leaving some bad remarks. 🤦🤦",1,2,11.65.0-release.6,2026-02-18 23:53:43,,,11.65.0-release.6,com.twitter.android,X
b8420b2b-c2b3-443f-a884-f7735f7f0bb8,Chris Paton Israelite,https://play-lh.googleusercontent.com/a/ACg8ocIyncSzLMbAB8Q1k9Msc0Xi9kdUywAaHlaUYV5nUl64EIQjqPw=mo,This app shows way too much porn images and videos. Way too much adult themes. Worst Social media ever.,1,2,11.65.0-release.6,2026-02-18 23:21:50,,,11.65.0-release.6,com.twitter.android,X
034558b7-00df-4874-bdde-f296e51705d3,Bilal Ansari,https://play-lh.googleusercontent.com/a-/ALV-UjWTrDz9N12mK4JOsKmmcRIQI7mv48XOAT2r_zlOwTNCP4l1yLxY,Why so active they are i mean i didn't do any illegal stuff not even shared a post then how can they suspended my account and said no replies will come any further. they should at least talk to us or mentioned something that i did. not logical act,1,2,11.65.0-release.6,2026-02-18 23:21:00,,,11.65.0-release.6,com.twitter.android,X
5187187e-fc91-445a-874d-e7df725751f7,Muhammad Aryan “AH7official” Hossain,https://play-lh.googleusercontent.com/a-/ALV-UjVnPy6s7gDwvwYPxfVW-dL0VjgvENO_hE2f20cxHRN7TTbvWGzI,"Bug's, Glitch's,",3,1,10.76.0-release.0,2026-02-18 23:13:20,,,10.76.0-release.0,com.twitter.android,X
d232a174-143b-4d23-a430-d20746c61272,SIAM NOOR,https://play-lh.googleusercontent.com/a-/ALV-UjW3PKa0Wno3rG7MbwUeFg5zRd-KjmIjfFx2X7ZqdSPTRiy-54rm,good,5,0,,2026-02-18 22:51:15,,,,com.twitter.android,X
d3a36cd4-7ba7-4e68-92a6-d66828f1504e,Ugo White,https://play-lh.googleusercontent.com/a/ACg8ocLy4oRWltpJQczpe3OupFFU8abtns1e812K4Znz-gQBjXFPHg=mo,"something is clearly wrong with the latest update, it keeps shutting down and keeps lagging too",5,0,11.65.0-release.6,2026-02-18 22:32:54,,,11.65.0-release.6,com.twitter.android,X
18d243d5-a0cd-4ef4-893c-033b27b8ca0c,Cheryl Jiwankar,https://play-lh.googleusercontent.com/a/ACg8ocKwtngynWTsPTG-kUAh2ptVGwahhCvLoeXWG-Qia6rpNGjzxnk=mo,"Twitter is great for real-time news, trends, and staying connected with friends and communities. I love the quick updates and discussions on topics I care about.”",5,0,,2026-02-18 22:25:52,,,,com.twitter.android,X
53120ef1-8236-4682-8fbd-82b2f0fecc6d,Rose Spitzer,https://play-lh.googleusercontent.com/a/ACg8ocLTmjiOb1YBtLcQSA07maclCgV_Gsz-BAGs8x4RYpX4r49j-A=mo,I can't even sign up.,2,1,11.58.0-release.0,2026-02-18 22:23:12,,,11.58.0-release.0,com.twitter.android,X
01a585f8-3732-4e01-936e-90cfcac61ed0,Habakukk Niwahereza,https://play-lh.googleusercontent.com/a-/ALV-UjVFvhOZFjkjHiS34vHLLI45VHMRFTamA74SSsfFazxSLZ_ApgAf,"it was good app before, but all of a sudden it failed to open on my phone !! 😭",2,1,11.65.0-release.6,2026-02-18 22:11:11,,,11.65.0-release.6,com.twitter.android,X
5b4d6e40-e491-47b5-bdb1-595c58d524d6,tommy leach (The Beast),https://play-lh.googleusercontent.com/a/ACg8ocLe_iOSgCQemBQZiki_v5kvR1wLxPR_wjv_s9o3LmUFmsFhHbY=mo,used to look on the news tab to see what was happening now it looks like it been cut down wonder why 🤔,3,0,11.65.0-release.6,2026-02-18 21:51:05,,,11.65.0-release.6,com.twitter.android,X
a575358f-3225-43f8-bc7a-18dcc1d3e38c,Md Asadul Hasan Samim,https://play-lh.googleusercontent.com/a/ACg8ocIjApvORDCKpmxVuHkhJ1M805Ad_-6JBEB9PxMSZYKZaZlvVA=mo,ok,5,0,11.65.0-release.6,2026-02-18 21:39:28,,,11.65.0-release.6,com.twitter.android,X
fce072a8-2483-47d5-835e-e7cab1d9ce44,Golla Girish Yadav,https://play-lh.googleusercontent.com/a/ACg8ocLKTOnoutvYBuu721hpDz683Bz8t8mutfQbNcM2tSSL12g1Eg=mo,"When we open an account and scroll down tweets and then leave Twitter app and open another app and when we return to Twitter it just gets to the top of the tweet in that account. We have to scroll all the way down again and again to the tweet we want. It's irritating and frustrating. keeps Logging off from my account and we login again, unable to use my premium benefits. worst app experience ever",1,3,11.65.0-release.6,2026-02-18 21:34:04,,,11.65.0-release.6,com.twitter.android,X
4e1f7f35-5781-4d74-977f-4cb4351acad2,Louis Agu,https://play-lh.googleusercontent.com/a/ACg8ocIaEs2JQyCD30cPWFnO_pOQkQyHbuS0MyOjFocAClZ7LF99_A=mo,keeps crashing,2,2,11.65.0-release.6,2026-02-18 21:27:35,,,11.65.0-release.6,com.twitter.android,X
a8067723-101d-4e6b-88b4-1b6d08976310,steve Gallagher,https://play-lh.googleusercontent.com/a/ACg8ocJg26JzMzXjEu2ivHcslzOuH6hoEadqhnWo3pssiajO-n4Ayw=mo,ok,4,0,,2026-02-18 21:14:05,,,,com.twitter.android,X
c5ee7fe7-5d85-4933-a9be-cb14008be40b,Nathaniel Mpho Senona,https://play-lh.googleusercontent.com/a/ACg8ocK5ofId8xNEDb2nErZRCkbFNXagLrHeRtQXER2oRsJZVjA9gA=mo,nice,4,0,11.65.0-release.6,2026-02-18 21:10:13,,,11.65.0-release.6,com.twitter.android,X
98b9edec-d5c9-4d57-9aa2-1f657ad15e73,CJ McCaig,https://play-lh.googleusercontent.com/a/ACg8ocIEJW7KMwD5c2E5bEixUbAfDjjeC3wRBL9o5x-LfTOBcxrgIQ=mo,Love not having to censor my thoughts responding to posts. I am Canadian and as a once beautiful country we are in need of truth.,5,0,11.65.0-release.6,2026-02-18 20:55:01,,,11.65.0-release.6,com.twitter.android,X
487336b5-d283-4c18-b0b7-89f4c85697b8,Lawrence Manolache,https://play-lh.googleusercontent.com/a-/ALV-UjXRjykZvvuYCWf1nVHxxtdLQS00vLcavTMMMahaiVPTYl8XG32u,If less of TikTok content and more authentic content 👌,5,0,,2026-02-18 20:45:56,,,,com.twitter.android,X
b779b14b-fdcc-4fe8-8cdc-e0c524dd91da,Lameck Kipkoech,https://play-lh.googleusercontent.com/a/ACg8ocLIPNstDuqMh1Cf-w5sXl0Geq3b99_vy0OZgeJU9wmWL9tu_w=mo,The best apk there is on the internet,5,0,11.63.1-release.0,2026-02-18 20:43:22,,,11.63.1-release.0,com.twitter.android,X
7d4cae28-86d6-4ec1-97f8-6da5a789977a,Shingwa Nehemiah,https://play-lh.googleusercontent.com/a-/ALV-UjUv8A5wEAudbjMqEVnVB7o4_qVK37I39negUPsIt8QDmco_j3g,easy to understand thanks Elon father,5,0,11.65.0-release.6,2026-02-18 20:31:46,,,11.65.0-release.6,com.twitter.android,X
ebde36b4-4910-47ad-9255-d15d3618c225,Abiud Nasiombe,https://play-lh.googleusercontent.com/a/ACg8ocIJUl4vwkGQJ0NgfTjLbBXX4LpGH_CZHIVRdlCLeCtwHAZIbA=mo,best,5,0,11.65.0-release.6,2026-02-18 20:16:36,,,11.65.0-release.6,com.twitter.android,X
7d7cecbe-2e28-4481-aadf-e8676e49f572,Shokofe Sabokro,https://play-lh.googleusercontent.com/a-/ALV-UjUI8GfqmoLiGPq_Lh-xiaGSN72JHQXJFfxDKaoCAZcz1x5gTx4,Thanks for being,5,0,11.65.0-release.6,2026-02-18 19:59:56,,,11.65.0-release.6,com.twitter.android,X
74548cc2-9821-4398-9f41-0ea4b7588e0e,Njabulo Jokweni,https://play-lh.googleusercontent.com/a/ACg8ocK-Lb8NVAMnytjzoSd3UmNlabFjEc8kLwLxj--roQFq2Niraw=mo,best,5,0,11.63.1-release.0,2026-02-18 19:46:08,,,11.63.1-release.0,com.twitter.android,X
b9a3c9b0-fbbd-4466-9473-58e956af81ba,FREE GUY,https://play-lh.googleusercontent.com/a-/ALV-UjXmg0_pMdrdFO5ri6oFfSijUsOagoT1P-fLUwUtMlESgaE5qLim,"most usless app, I can't even create an account",1,0,10.72.0-release.0,2026-02-18 19:31:13,,,10.72.0-release.0,com.twitter.android,X
c6f27528-0675-4412-a950-76947c0a157a,arielle maryze,https://play-lh.googleusercontent.com/a-/ALV-UjWen9BYp_WY9rm5HqMTOFHA1NjSKBI6vTPa_W2aiGn0NzldjQU,won't let me change my profile!!,1,0,11.65.0-release.6,2026-02-18 19:22:30,,,11.65.0-release.6,com.twitter.android,X
29b0062d-615c-443c-b147-892b49556391,Adam Roberts,https://play-lh.googleusercontent.com/a/ACg8ocL0YP8MR4gcWfU_XE8MVI13zRyGWi64Dvwdwyiiql2MjQAYhw=mo,"just change it back to Twitter - everone still says tweet - if you X somthing - you are shutting it down, i dont think we want that do we?",5,0,11.65.0-release.6,2026-02-18 19:11:32,,,11.65.0-release.6,com.twitter.android,X
2fe198cd-925b-4462-a94c-0639b463f917,B S,https://play-lh.googleusercontent.com/a/ACg8ocIT_9pQ2NpbQyFcrp2yUVe5rRNF6QWfksvRmhDeWhFbNObYTg=mo,Most censored app on the internet.,1,2,11.58.0-release.0,2026-02-18 18:54:21,,,11.58.0-release.0,com.twitter.android,X
f94308c5-2606-46fb-abb2-b89778780e55,Dexter Harvey,https://play-lh.googleusercontent.com/a/ACg8ocJxPrgOFrta6Py3MhozO6y2MlBPPlPINkZhYH-4WKKCqP4lHQ=mo,great,5,0,11.65.0-release.6,2026-02-18 18:52:51,,,11.65.0-release.6,com.twitter.android,X
7eb41185-16db-4973-9d86-2e736e35b9f3,Narendra Jatav,https://play-lh.googleusercontent.com/a-/ALV-UjXsQ5m_DK4htP8ctLgcFrtBKpvGOcFutwAjYxcE4q_NOmO89N0,Good,3,0,,2026-02-18 18:36:26,,,,com.twitter.android,X
f930faa0-845a-49d3-8a04-544652a227b6,Advay Saste,https://play-lh.googleusercontent.com/a/ACg8ocJfH6JftEM31mRf1uns5MDq5nviI9ZXkrwDZNxJd5vRKVj7Zg=mo,I didn't wrong but team suspended my account and never reply what I did mistate now I never use 3 rd class app they suspend me. I no need x 🥺,1,0,,2026-02-18 18:33:29,,,,com.twitter.android,X
5ebbdaea-92a7-4a46-953e-7c2769c39a37,Rosco De La Cruz,https://play-lh.googleusercontent.com/a/ACg8ocLPQfURL5_27CRaj3mdB6jSd1N4gU0HTkgvVfUHUPTgQTvk9Q=mo,"You can block someone, but they’ll still appear in your feed.",1,2,11.65.0-release.6,2026-02-18 18:14:15,,,11.65.0-release.6,com.twitter.android,X
16cc5d94-bec6-4623-beb0-8f173aebdc73,Ayush Chowdhury,https://play-lh.googleusercontent.com/a-/ALV-UjUYaMtjzeFWnpK9dGJkBdw9FhAAAZq9HecN7MnP4JEQEOWFWjw,full of adult conents,1,0,,2026-02-18 18:06:23,,,,com.twitter.android,X
c725326f-3850-4cca-bf89-4cf50ec77d3f,Allan Hitchmoth,https://play-lh.googleusercontent.com/a/ACg8ocI5dcyA9BXJiAwvb6a1bNOmM7UUkaoFDmPHKRv3f9SLXpxFsA=mo,Awesome. very reliable.,5,0,11.65.0-release.6,2026-02-18 17:56:33,,,11.65.0-release.6,com.twitter.android,X
72406d75-a7ec-4821-ab27-018a49066d47,Jack Armstrong,https://play-lh.googleusercontent.com/a-/ALV-UjXDHKeBD9ZLawmz3GSTtfaRjsoHtgcqKUzoFKss9fN15Kv8BbZP,Let human users place an AI flag on content they suspect or can tell is fake and most people think is real,1,1,10.87.1-release.0,2026-02-18 17:36:13,,,10.87.1-release.0,com.twitter.android,X
dcc566a0-dca1-4ffe-8892-82b419a4f8e3,GAFUMI Comics,https://play-lh.googleusercontent.com/a-/ALV-UjVHPiIKv4yJOV9jxp7FKxrQITaCxZBwEV9aTxEggtXku-YrnOc,good,3,0,11.65.0-release.6,2026-02-18 17:35:07,,,11.65.0-release.6,com.twitter.android,X
dfde0a26-892c-45d0-a817-b9f3b653f9b3,Ifech Tech,https://play-lh.googleusercontent.com/a/ACg8ocKqLo4KnXyCq-TI8nk-p9qoEbsVvNyahiz51r5lCS-aEnQ9Qg=mo,Life changing and Superb,5,0,11.65.0-release.6,2026-02-18 17:26:34,,,11.65.0-release.6,com.twitter.android,X
f6c9b922-b33e-4d84-85f0-6f7b7b7f1818,Agbese Philip,https://play-lh.googleusercontent.com/a-/ALV-UjVyJEBmr82hO-vLkBYAydBqWgxsu6fe4l_Yk5nLpyNzgIurG-I,lovely app 👌,5,0,11.65.0-release.6,2026-02-18 17:23:17,,,11.65.0-release.6,com.twitter.android,X
4cb1598d-9f56-401e-a5a4-c21a6b309d39,Dyyota Chaser JZX100,https://play-lh.googleusercontent.com/a-/ALV-UjWBX-VUcQjiXOkJPYpW1NXl7xzmgeVjN94EXrEp4asZR781r7Y,"Please fix your Twitter or X, when i scroll down of Media in Profile. Then, it get up to profile page... Please fix",1,1,11.65.0-release.6,2026-02-18 17:20:06,,,11.65.0-release.6,com.twitter.android,X
9378c403-b89b-4eca-8f25-7798e00b2aff,Udit Chetia,https://play-lh.googleusercontent.com/a-/ALV-UjVtsTBFRZx5x1En5u1YrgdYX-Ze-mmkYzIBp8Prok8t89nCLQ6H,Lag improved a lot after elon took over ngl,4,0,11.65.0-release.6,2026-02-18 17:19:34,,,11.65.0-release.6,com.twitter.android,X
246961cb-cc51-46e2-9f2d-1e9359f34675,Oyinkansola,https://play-lh.googleusercontent.com/a-/ALV-UjXY9aQlL177Z29nO0_a5lg03yZMDfN2ct4s0Mf9_tArgtAo31xZ,"I just started using the app and I must say, I'm loving it",5,0,11.65.0-release.6,2026-02-18 17:17:59,,,11.65.0-release.6,com.twitter.android,X
d2718478-0228-43c2-abe1-467a9900ba67,didas bugton,https://play-lh.googleusercontent.com/a-/ALV-UjWh8QqqCZXXXpAv7HTmlGh9SwzNEu8MZKfNJtIaYIycbT6ZhTM,"why are ads automatically playing when I don't want to, this makes me lose unnecessary data that not all of us are privileged to have and other than that, those ad videos are super annoying please work on that thank you",4,2,11.65.0-release.6,2026-02-18 17:09:10,,,11.65.0-release.6,com.twitter.android,X
832bb53a-fcaa-4006-b762-da33b97929c4,Jobanveer Singh,https://play-lh.googleusercontent.com/a/ACg8ocJTsyHZHQcMkgLqcDHw37ZYR9yhS77EspQB10qBHlgFMO315g=mo,bad for younger children,1,0,416.0.0.47.66,2026-02-19 16:06:05,,,416.0.0.47.66,com.instagram.android,Instagram
6e8324e2-080c-44b5-a131-f524b9c1e559,Farhan Pathan,https://play-lh.googleusercontent.com/a-/ALV-UjUbGFAGb-IOF_Amvgv-LLxKgoOWEUbHolqZ57xpgj99q5B6A8w,very good 💯,5,0,,2026-02-19 16:05:16,,,,com.instagram.android,Instagram
e9d8bfc3-762d-4433-ad92-3844a7756623,Matinm Gholami mazinan,https://play-lh.googleusercontent.com/a/ACg8ocKTmwiG7Z_FVVEA4CnpshBHONxk2VTQhNnBD27Sz67Bf44B4g=mo,nice app,5,0,,2026-02-19 16:04:54,,,,com.instagram.android,Instagram
bb0abf1a-92f8-458c-9cd6-cd662418fd61,Rojit thokchom,https://play-lh.googleusercontent.com/a-/ALV-UjVr-RGVhx0bzhOsoaAcJsiDJhOKYmSgppUyMUHh3eqnK2ZCL3M,usefull,5,0,,2026-02-19 16:03:20,,,,com.instagram.android,Instagram
aae590ee-bb92-4c80-bc3f-923253509ba0,Sarwan Nath,https://play-lh.googleusercontent.com/a/ACg8ocKiHiU-3vKVsGyL8XcS7ghADFsOAVGlof5FAsZdJmeBl4u2yQ=mo,बहुतबढ़िया,5,0,417.0.0.54.77,2026-02-19 16:01:23,,,417.0.0.54.77,com.instagram.android,Instagram
bd54331b-8c83-4f96-9689-59a8be395692,Veeru Veeru,https://play-lh.googleusercontent.com/a-/ALV-UjXQpFDGV_21PIZSVoE_apncnBqajAeY9RL035_xDsWze8kUxTKwJw,"The only one thing in World ,who understand the human feeling 🥹",5,0,390.0.0.43.81,2026-02-19 16:01:21,,,390.0.0.43.81,com.instagram.android,Instagram
3ddbaede-2054-474d-99ae-60292e18ae95,Amanda Teo,https://play-lh.googleusercontent.com/a-/ALV-UjVA3OCW8BATTNsRvFzjiFTaN9xdMlqmlc7YhVagspF9lYfE-7k,Downloaded this app since most of my friends are using it to show/express themselves in here.,5,0,,2026-02-19 16:00:53,,,,com.instagram.android,Instagram
577a163a-caef-46f9-86bf-8b408ffd7058,R siva Ram,https://play-lh.googleusercontent.com/a/ACg8ocI9GhMxoMWc5ka8SeSNtECcrm7hnQaZIFzmCDcqS07MrdvZSQ=mo,good,5,0,,2026-02-19 16:00:37,,,,com.instagram.android,Instagram
3c1a5fec-99b0-4a0d-bd2d-e9a70fa9a1d2,Chengkham Gogoi,https://play-lh.googleusercontent.com/a-/ALV-UjVqCNl7PToLvY_GCCMcdwgi-29u8jyDMYoBDH6DYDnVAxj4XEQ,its good app by parsonal,5,0,,2026-02-19 16:00:20,,,,com.instagram.android,Instagram
47774853-56da-4429-9e61-17cdfd96617f,Vyshnavi maddula,https://play-lh.googleusercontent.com/a/ACg8ocLjCmfHwpJ8bcve578mx6pAhwgokSuJtV4JbV9955mktJIQ1w=mo,wonderful,5,0,,2026-02-19 16:00:16,,,,com.instagram.android,Instagram
bf6836e0-e196-4484-a895-bd01456c68df,Mary ann Rosaria,https://play-lh.googleusercontent.com/a/ACg8ocId5uZwwRp7Oqrq3uXtmXOLtkAIxZjUpyXKMXD_v8TwmtZOaA=mo,idk it's just fun,5,0,416.0.0.47.66,2026-02-19 15:59:56,,,416.0.0.47.66,com.instagram.android,Instagram
e04d9f61-d458-4b71-aef8-1b6d67e8f6ac,On Slaught,https://play-lh.googleusercontent.com/a-/ALV-UjWE4RIG_lkU89fGKC-CYnUtsnQmC2wj0Fwve3bsL20whzrA3FE,Hella good...no problems what so ever PSA i use this app everyday for friends n family super useful🌙‼️,5,0,417.0.0.54.77,2026-02-19 15:59:36,,,417.0.0.54.77,com.instagram.android,Instagram
22ef034c-5456-4dd5-a349-a17086baa472,goldy suri,https://play-lh.googleusercontent.com/a-/ALV-UjXPfv2hOpWIyWW0uQT6cv5hL3iGTBLYrDawETbmuYkwdvDOV4-7,it's awesome 👌🏻,5,0,417.0.0.54.77,2026-02-19 15:59:36,,,417.0.0.54.77,com.instagram.android,Instagram
7412f874-a073-426a-8950-fecab4d1102f,up 67king,https://play-lh.googleusercontent.com/a-/ALV-UjXaxBSdmW_bO7htoJKHzHrLLtYi6deBGwGcGtKW_syuvwh8Kkc,nice,5,0,417.0.0.54.77,2026-02-19 15:59:31,,,417.0.0.54.77,com.instagram.android,Instagram
fca7b43e-593f-4057-b21d-050e29ed9b47,siddhardha roy mogilicharla,https://play-lh.googleusercontent.com/a-/ALV-UjVgAfi-oJF5cOOSrwbC9uZVIhnwM9GnxOq7o_Whz1D7vruNt5dG,Your should cotain ads because your income is from the ads.,5,0,344.1.0.42.92,2026-02-19 15:59:05,,,344.1.0.42.92,com.instagram.android,Instagram
e4ad9398-42c2-487c-9a6e-12c67f5fcc2a,Gajju Yaduu,https://play-lh.googleusercontent.com/a/ACg8ocIWHJo6TAFRPnFEPLzdd8i84hzKO1mJwbtCWZmCkjg_5jXe6A=mo,best app,5,0,,2026-02-19 15:57:52,,,,com.instagram.android,Instagram
2d1ba55c-a111-406e-ae16-a870130691e2,TANAY BHALERAO,https://play-lh.googleusercontent.com/a-/ALV-UjXAHjvLsklFvqj9LqwrebRexAXoB7BDJif5kqhZvlBd2LYXjp0,may virla not video plz help,4,0,415.0.0.36.76,2026-02-19 15:57:50,,,415.0.0.36.76,com.instagram.android,Instagram
068c006a-2c8a-44b2-a7d6-8d2ea35b956a,Manek Mananbha,https://play-lh.googleusercontent.com/a-/ALV-UjWZybrudBZ62-IisMiom66AH3WBwvkv5AbzKblWLlF99nt-20R9,best aapp but view so litel like is not but,5,0,410.1.0.63.71,2026-02-19 15:56:58,,,410.1.0.63.71,com.instagram.android,Instagram
a99fb1e5-9902-4df0-98f2-97b33bec29ca,Akshra Joshi,https://play-lh.googleusercontent.com/a-/ALV-UjWDCcnEEB2Bf9XTKHvjVqLJ1b3V8y8oIaY1C5dzd4ZQbaUf95Nh,Calm ka follow back hi nhi aara worst aap,1,0,416.0.0.47.66,2026-02-19 15:55:41,,,416.0.0.47.66,com.instagram.android,Instagram
84043256-982c-475d-bfe1-9bfa6cdcaea8,Zeynab Derakhshani,https://play-lh.googleusercontent.com/a/ACg8ocKHtrd7NvC0yi8Ly-IA2kgzWqZ-pHgJmOm93RnJnOfGiLcnrQ=mo,perfect,5,0,,2026-02-19 15:53:53,,,,com.instagram.android,Instagram
e7b25b5c-e191-449d-a7a9-e640f7fd339c,Wilfred Steven Durana,https://play-lh.googleusercontent.com/a/ACg8ocJJrf_xaWG88i86wnAv1k7Wob_lesXn65kLHAhuUJFQ4jcslQ=mo,Add phone number to the change password because my gmail account got hacked and I just want to recover it. You need to help me right now.,1,0,417.0.0.54.77,2026-02-19 15:53:31,,,417.0.0.54.77,com.instagram.android,Instagram
df52877f-6547-449a-991d-85d3aaa4b9a7,Mohd Faiz,https://play-lh.googleusercontent.com/a/ACg8ocLBhMuQpfJFBeC2Ql8jIFBZWTYE8COkcRbMvi3t5oiEUAbnLQ=mo,bol,3,0,,2026-02-19 15:53:21,,,,com.instagram.android,Instagram
92ec801c-ad73-47e9-a126-1462206467ab,Oritsu Minamoto,https://play-lh.googleusercontent.com/a/ACg8ocLX6p1vEDhDccl-Xm9qBAPLLWEAemZkffWnmpT05dccmf9kPA=mo,can't believe insta is so buggy even after having so many users... there competitors should definitely make a better application and I'll be on that I'm done with this stupid buggy app,1,0,,2026-02-19 15:50:53,,,,com.instagram.android,Instagram
be74e88f-f181-4144-a2f9-2174ae993177,Sonu,https://play-lh.googleusercontent.com/a/ACg8ocJKzbtG3yioUFXATL1T2Jm1Z9LXa9zcpkWfvdhrfG7iPQ8SH19x=mo,awesome social saide,5,0,412.0.0.35.87,2026-02-19 15:50:04,,,412.0.0.35.87,com.instagram.android,Instagram
33b518e6-e6ae-4f01-9cb6-561753a4bb45,ABHISHEK JANVEKAR,https://play-lh.googleusercontent.com/a-/ALV-UjUb5d1b338pBY8PnCXz8z8bmwc1jIrmhAMRZ1um_9WoPDAztKPa2w,"instagram create small-small relaxation movement to brain during working professionals ,students and other people.",5,0,414.0.0.40.83,2026-02-19 15:48:34,,,414.0.0.40.83,com.instagram.android,Instagram
70d5d996-649a-4e9d-b926-7fa775b14701,Badsha Bhai,https://play-lh.googleusercontent.com/a/ACg8ocJsycqcSMucwigfncHCvBbeNI3I-k06vn3flFOmtKfZbXAA5A=mo,thank you instagram ☺️,5,0,,2026-02-19 15:48:07,,,,com.instagram.android,Instagram
6622ea89-ee5a-4b8e-938e-3a491ee94517,See by your self,https://play-lh.googleusercontent.com/a/ACg8ocISqwaey4uNfFcnbi_pO3Sx896X5hqfWPzNa4WEWtxWOJbhSA=mo,bad 😞 experience it's not working Always suspend my account without any reason,1,0,,2026-02-19 15:47:57,,,,com.instagram.android,Instagram
3f101ee2-e91a-4b0f-8616-5bf1ebfb3623,raymundo villarreal,https://play-lh.googleusercontent.com/a-/ALV-UjXQAiE1_eBdx4Zc6HkgsjuLkDLasTA2RPJN2TM_ghMK3ORUWFV8,Used to be able to show on the map where I've been and all but now not so any more....,5,0,361.0.0.46.88,2026-02-19 15:46:12,,,361.0.0.46.88,com.instagram.android,Instagram
b0cb7373-0572-41f6-9ae8-032651fb81b3,Sachin Yadav ji,https://play-lh.googleusercontent.com/a-/ALV-UjWpBzuB21oeGK6g46VczPrRwp1wQwy8EAKvtb4ohzAW8_mIZt2m,good application,4,0,416.0.0.47.66,2026-02-19 15:46:12,,,416.0.0.47.66,com.instagram.android,Instagram
a3fea12c-0618-41ba-a21a-357395525442,Dheeraj Prajapati,https://play-lh.googleusercontent.com/a/ACg8ocISyeP6kXoeTyHH9POMxxdzdoYkP4ijqYG2tnNzQtj0GhQE4A=mo,good Instagram,5,0,416.0.0.47.66,2026-02-19 15:46:07,,,416.0.0.47.66,com.instagram.android,Instagram
1581f19a-3ab9-414c-bf96-71475729479d,Nitesh Bhati,https://play-lh.googleusercontent.com/a-/ALV-UjWpG6TXyFmYtM6VrdTvLBv_IKs4nIPLN7t97RdhB9R5RTiRWk7r,"""Hello Instagram Team, I am facing a persistent issue where Instagram Story likes are not showing on my account today. I can see the views, but the like notifications and the heart icons on the viewers' list have completely disappeared. ​I have already tried clearing the cache and updating the app to the latest version, but the problem remains. This is affecting the engagement and experience on the platform. Please look into this bug and fix it as soon as possible. ​Device: [vivo t2 pro]",2,0,417.0.0.54.77,2026-02-19 15:45:37,,,417.0.0.54.77,com.instagram.android,Instagram
501ffdc5-66c8-45c4-8ab7-b2ce77a3c342,Frencezz Belerma,https://play-lh.googleusercontent.com/a/ACg8ocJPvD8jT1uiiDeh102aR8xE7y8ly12oyWb36hgKnMngBEWS5A=mo,why my Instagram being so different?? I'm using this for years!! and now the song in my notes lyrics don't play it's stuck and my story even it's public they don't see it. FIX THIS ASAP,1,0,417.0.0.54.77,2026-02-19 15:44:05,,,417.0.0.54.77,com.instagram.android,Instagram
179eabba-32b5-4479-89f7-ecd6162670fa,Kumar Nitish bhai,https://play-lh.googleusercontent.com/a-/ALV-UjXeSteeF7etjmUSSZtRQb-EonnYlbwu805Xk8fjEWEt4E1NvGA,amazing,5,0,411.0.0.23.257,2026-02-19 15:41:36,,,411.0.0.23.257,com.instagram.android,Instagram
96c5cbf9-bde7-4642-8ddf-eb95a67f32df,Maswood Raza,https://play-lh.googleusercontent.com/a-/ALV-UjUe2fy-RvufQ1AUJndFMwv70VUzXYEaAVQGVezl_9TXoH5EPRxhjw,awesome,4,0,,2026-02-19 15:41:23,,,,com.instagram.android,Instagram
a0016595-a9de-4167-ae00-acd3d33e1783,S K GOUDRU,https://play-lh.googleusercontent.com/a-/ALV-UjUIVlWh8ptL-fx16VTGcwCrLJjH7LB8GVl6KAM6UwiUF_mc6TOZjg,super,5,0,413.0.0.41.84,2026-02-19 15:41:13,,,413.0.0.41.84,com.instagram.android,Instagram
3d0614c0-bd3f-459f-8020-4406110c8bba,Nur Afiah,https://play-lh.googleusercontent.com/a-/ALV-UjWvWWuTAOHV6XOK86hsfxjwa3hYfSI7TdnV2_odA0MsvwYGOcbPDA,"I love this app as I always use this to share my life and my post every day, every week, and every month.",5,0,416.0.0.47.66,2026-02-19 15:41:11,,,416.0.0.47.66,com.instagram.android,Instagram
a2db180e-16da-4f3b-a4fc-198d5034f874,Aries Madriaga,https://play-lh.googleusercontent.com/a/ACg8ocKUERyiH7id15NC7wnOz4tBbxbhfvV9nkhyo4EiPGvSqwBAWg=mo,beautiful apps,5,0,,2026-02-19 15:40:47,,,,com.instagram.android,Instagram
58af9f71-5103-4613-b7f6-8e4185385c67,Sushil Pareek,https://play-lh.googleusercontent.com/a/ACg8ocLDgSlHqqExhT94HkASk9xSq6JPgCVZhL-fgyUeaxDCAwI8hg=mo,good app,5,0,416.0.0.47.66,2026-02-19 15:40:38,,,416.0.0.47.66,com.instagram.android,Instagram
2a896c98-4070-4da3-9eb3-6a134702212c,KYR OX7,https://play-lh.googleusercontent.com/a/ACg8ocIZEu7GEg66RuNGTO--oOQUi15qCmSJHlduzU_0_cU8KeYKrA=mo,it is very good for using time very enjoyable and entertaining 😄☺️,5,0,416.0.0.47.66,2026-02-19 15:40:16,,,416.0.0.47.66,com.instagram.android,Instagram
ce812f92-acd1-4f86-aefc-a48739b362cc,Rajeev Gupta,https://play-lh.googleusercontent.com/a-/ALV-UjWbZCIkDlSVIMr0662hxveV531jVMmB_WEdkqqZ8bz-bKn3Toif,nice 🙂👍,4,0,416.0.0.47.66,2026-02-19 15:40:15,,,416.0.0.47.66,com.instagram.android,Instagram
b98d02ca-2ac1-45f5-9dcd-c936b5a90a02,Harris Woode,https://play-lh.googleusercontent.com/a-/ALV-UjXZLtowpXkPxbBt3wYqv76EZ21M0epzwj7EspKcuTQnDVgegLS-,"my post views never move pass 200 ? what a joke , been in this app since forever and this what I get ?",3,0,417.0.0.54.77,2026-02-19 15:39:59,,,417.0.0.54.77,com.instagram.android,Instagram
e3f5be12-8edf-4ca4-a4ea-11b5bdaca467,Murali Gandi Murali,https://play-lh.googleusercontent.com/a/ACg8ocI-Uqe0zavXFI407NOn9cb6xUhdySLc3n-F56slWgWtdrHp1Q=mo,good,5,0,,2026-02-19 15:39:37,,,,com.instagram.android,Instagram
d2ea5046-0b41-48d2-871c-d2bbced34432,Madhu Madhu,https://play-lh.googleusercontent.com/a-/ALV-UjUC77gtjhVAETVOUjggDoWzlRZQqfkh6G8SsNH_dogmdktvP16m,good,5,0,,2026-02-19 15:39:36,,,,com.instagram.android,Instagram
39f07a75-94c3-4479-a93b-25cabaec9650,Sam Sam,https://play-lh.googleusercontent.com/a/ACg8ocJLjVMPnmuarz4ouJxDrLqNp9B8qaKY13b22PbgJFCUl8NiC0kG=mo,nice,5,0,416.0.0.47.66,2026-02-19 15:35:59,,,416.0.0.47.66,com.instagram.android,Instagram
a5c10b6c-c366-4987-ace7-88f75dde11e7,murad rahman sajol,https://play-lh.googleusercontent.com/a-/ALV-UjWSMQj048CjcVjBDzLN9aWR1mgRoT9szeThG_0_PbQyunKqabQLjQ,very good,5,0,416.0.0.47.66,2026-02-19 15:35:04,,,416.0.0.47.66,com.instagram.android,Instagram
0f7579cd-2f8e-4c2f-b013-39a11d50ef02,Rakesh Mohan Mohan,https://play-lh.googleusercontent.com/a/ACg8ocLjdcxtJ0mgTbDq_Ae47eKg369ynN1GTn1CRJh7r9hvZX4L2A=mo,good,4,0,,2026-02-19 15:34:53,,,,com.instagram.android,Instagram
d8d8a74f-2849-4500-b00b-8fae22332e37,Sachin Musale,https://play-lh.googleusercontent.com/a-/ALV-UjWStWJYU5jAFDpw6frMW4JuRidarHXveMYx85YMZ_iBGdttBGw,insta gram is king 👑,5,0,,2026-02-19 15:34:50,,,,com.instagram.android,Instagram
ac0869f4-0571-4024-9c5e-8f4488b27c4e,Jaat life Choudhary,https://play-lh.googleusercontent.com/a-/ALV-UjXaqrT-t7hU7m6sqngGFGyZAyQ1HZUoh615mvD09ITNRb6hLUcC,👍,5,0,339.0.0.30.105,2026-02-19 15:34:13,,,339.0.0.30.105,com.instagram.android,Instagram
b1c639b0-9dd0-4084-b212-5e7108dd6fe8,Saqib Jaan,https://play-lh.googleusercontent.com/a/ACg8ocLqDjoJM-GjQI7406IpQztJNw05d3g66jVf5axj_mGbIN5Hgg=mo,ladla jan,5,0,,2026-02-19 15:34:13,,,,com.instagram.android,Instagram
1dbffbcb-9b29-47fd-938f-fcec7a9626c5,Darshna Thummar,https://play-lh.googleusercontent.com/a/ACg8ocIJ2EwNlsGy6V4G8zGlujf7h9aiH1jmp-SCaP1cliF8btp6cw=mo,bast online app,5,0,392.2.0.58.78,2026-02-19 15:34:06,,,392.2.0.58.78,com.instagram.android,Instagram
ccb14f7a-4fac-4f25-9a11-bc61ec55c87c,Md Sahbaj,https://play-lh.googleusercontent.com/a-/ALV-UjWt_dEOy9aHhJEDhFneEG7NxydNzDxBqukx8xDTWu4QNu7QrrCN,Good app,5,0,416.0.0.47.66,2026-02-19 15:33:56,,,416.0.0.47.66,com.instagram.android,Instagram
76b79fc9-5ba4-48c2-b465-b70a6f5c3bd7,Gamal Toks,https://play-lh.googleusercontent.com/a-/ALV-UjXqnY4fYJ-p_fsWf6Zf-InB2r4x4_BQanlhN1m-UdN1BVraXANb,this is the best app ever with amazing features,5,0,410.1.0.63.71,2026-02-19 15:33:30,,,410.1.0.63.71,com.instagram.android,Instagram
473d9056-9f2f-4fff-b931-02947e565524,Anjali Kumari,https://play-lh.googleusercontent.com/a/ACg8ocLkO3TPgUJF_nU13Vyw7gODpBfUxjuGqo946C4lODg3Mb_5IA=mo,🥰,5,0,,2026-02-19 15:33:23,,,,com.instagram.android,Instagram
bfbdcb7d-694d-44af-bb10-bb10483be59e,Rɪᴍᴜʀᴜ Tᴇᴍᴘᴇsᴛ,https://play-lh.googleusercontent.com/a-/ALV-UjXGbNoI4ZwXwYaIyTyQCSgLyunDsa2p0Q-kESjYs7srZVyKg0vH,very poor 💩💩💩💩💩💩,1,0,416.0.0.47.66,2026-02-19 15:33:20,,,416.0.0.47.66,com.instagram.android,Instagram
dd634f9a-121e-47f9-b6ed-de777be22add,Sahil Roy,https://play-lh.googleusercontent.com/a-/ALV-UjV8lxkq5gC5g6HsiS3QjHKBJvaYE9aZrVmbRisjJ0ppU9Vk1wzX,So good 😊 camera filters so good 😊 can use it 😊 I hope you will love it to 😊,5,0,414.0.0.40.83,2026-02-19 15:32:49,,,414.0.0.40.83,com.instagram.android,Instagram
c89805a4-b743-4ad8-9004-71c45f1f2104,Vedant Dasharthe दशरथे,https://play-lh.googleusercontent.com/a-/ALV-UjVHiGeNnqTy-CRq1XgCAa1J16oZ9m72adJGt6xhxwVgauvhaHc,nice,5,0,,2026-02-19 15:32:43,,,,com.instagram.android,Instagram
0083d318-ae93-4f8a-8119-04933b46615e,Muhammad Aleed,https://play-lh.googleusercontent.com/a/ACg8ocL4X6f_jQq2j66s7uBtFmnuv8Fe6lkLhaw_TtXeUFo8RT5gIw=mo,Amazing Experience,5,0,,2026-02-19 15:32:40,,,,com.instagram.android,Instagram
198623ac-e72c-4590-8556-eb6cc8d3be46,Sneka Kumar,https://play-lh.googleusercontent.com/a/ACg8ocLQNnGHe8UG58kB6HhdVFXuasioBqPdmtpRRxkA75PjBMzYqg=mo,this app very good,5,0,,2026-02-19 15:32:07,,,,com.instagram.android,Instagram
9b482950-93b0-47cb-b16f-93fd3e5a08ba,Jay SARMA,https://play-lh.googleusercontent.com/a-/ALV-UjWFnwSdGSbC2cXMbKyy7TPpXw475sbyWNj512jwWtLCYJQ3rkaa,very nice app,4,0,416.0.0.47.66,2026-02-19 15:31:37,,,416.0.0.47.66,com.instagram.android,Instagram
f3c72866-0311-4709-ad80-f097883fc0ad,Parvathi pothula,https://play-lh.googleusercontent.com/a/ACg8ocKiED7D1d2gAwKLnyDAeh1pLjpQprWKNis0mkTVEokuGUDrew=mo,amazingg!!!!,1,0,,2026-02-19 15:31:21,,,,com.instagram.android,Instagram
08562417-813f-4859-928e-c876540e6674,Aditya Dakua,https://play-lh.googleusercontent.com/a/ACg8ocKs2vZwynQxez-hHZmLNMM4jqd2V2GJRDtNjVb11avmuRXcDg=mo,Very Good Application 👍,5,0,,2026-02-19 15:30:49,,,,com.instagram.android,Instagram
738a6673-f7ad-4661-ad92-7bb793bae60d,Maya Roy,https://play-lh.googleusercontent.com/a/ACg8ocKrhE1tSfHtsJh9re8zIV53q_bIKa0QT8SK98Cu5FOc2AuorQ=mo,nice,5,0,416.0.0.47.66,2026-02-19 15:29:20,,,416.0.0.47.66,com.instagram.android,Instagram
bf2cb545-f861-4a34-bf42-96345c80451e,Free Fire Gamer,https://play-lh.googleusercontent.com/a-/ALV-UjWSgO-PicqUUx9C-hdwqFZ7dcSVHKux0j-6-D08d_z0xGUBhGQ,এই bainxod তুই জানিস না আমি রোজা রাখছি 😡😡,1,0,413.0.0.41.84,2026-02-19 15:29:20,,,413.0.0.41.84,com.instagram.android,Instagram
bc0f1a86-7ddd-4128-887b-93ae3ebfb764,Gurwinder Singh,https://play-lh.googleusercontent.com/a-/ALV-UjXDcYDVkZAgQ34K74Eqfu4J7mKm5DNsEV_Dju4XTEODko5znSmV,very well,4,0,,2026-02-19 15:29:17,,,,com.instagram.android,Instagram
d9cefe28-dad0-4e13-a7aa-f6a0519bf6ed,Suhani Khatun,https://play-lh.googleusercontent.com/a-/ALV-UjV030PCAAVMoP9HzQw9GfYCGzvQs5yDINkpwQ7zu7XErWzZqZg,it's amazing..,5,0,417.0.0.54.77,2026-02-19 15:29:08,,,417.0.0.54.77,com.instagram.android,Instagram
ae2e5a6b-1488-40e8-b6d6-ba5a7321fdab,Rajdeep Singh,https://play-lh.googleusercontent.com/a/ACg8ocK2R6z_PkteqKHr-laGKFbhs_UcWX8hRG0Ti2tYrWRM17aeKw=mo,nice app 🐱,5,0,417.0.0.54.77,2026-02-19 15:29:08,,,417.0.0.54.77,com.instagram.android,Instagram
4a6de780-854a-4dcc-8f29-6b3fceb104da,Jawahar Jawahar,https://play-lh.googleusercontent.com/a/ACg8ocIYTV3_AxI6bSRqNNNPntNViObL2D06W_pN8_cGbcKrCRzqqHY=mo,good,5,0,412.0.0.35.87,2026-02-19 15:29:06,,,412.0.0.35.87,com.instagram.android,Instagram
c664999d-177d-4e69-92bf-fd787a843ea4,Saksham 121,https://play-lh.googleusercontent.com/a/ACg8ocKMnvHQpQAUpv_yXJExbmYsIz3asn3ksfU2S6DU8pjUi-qF5g=mo,very good app I like to prefer everyone to download my 5 reel goes viral,5,0,417.0.0.54.77,2026-02-19 15:28:00,,,417.0.0.54.77,com.instagram.android,Instagram
b89455ad-1da6-47a7-acf8-feb198d86fc5,Samart Chavan,https://play-lh.googleusercontent.com/a/ACg8ocIMAY9QZJ0wjj7a6txblKyu8tBAVK0yX598NCsHAfzATrtYD4w=mo,good 👍,5,0,414.0.0.40.83,2026-02-19 15:27:48,,,414.0.0.40.83,com.instagram.android,Instagram
8812ff15-c959-4c04-8814-972af22691e6,Gitanjali Sawale,https://play-lh.googleusercontent.com/a/ACg8ocIOpTL_8SKqQzNl6zCwdL0w69lerO7mGA6XuWIxE050ufMZog=mo,superb app,5,0,,2026-02-19 15:27:34,,,,com.instagram.android,Instagram
67b2a05c-493f-4ee6-ad7b-f52e9473d45a,Rafic Shekh,https://play-lh.googleusercontent.com/a/ACg8ocJbUnBBPXf7Pe9zvQyDPgVDQ32HFpkfZVmGwCwCtZCxWNqKSw=mo,best app ever,5,0,,2026-02-19 15:25:22,,,,com.instagram.android,Instagram
bf38980a-d9bc-4e93-8eaf-e1530a886757,Ayush Chaurasiya,https://play-lh.googleusercontent.com/a-/ALV-UjXXkbIt141tMh0mfwCWp6CQaDZsd-tWhWbwxx2hJQo0s0v8JHZ_,good,5,0,416.0.0.47.66,2026-02-19 15:25:04,,,416.0.0.47.66,com.instagram.android,Instagram
14317487-7774-447c-93e2-b5425c8b1bdc,Deepika Sharma,https://play-lh.googleusercontent.com/a/ACg8ocKjR9Cuf0TdUp6Q4X7QcM4OXiN4EqFQBkUVofZwjESuKMSRng=mo,good,5,0,416.0.0.47.66,2026-02-19 15:24:14,,,416.0.0.47.66,com.instagram.android,Instagram
93291f07-f465-45bf-a895-1768339ed868,Prince Godwill,https://play-lh.googleusercontent.com/a/ACg8ocLL1pRtjsStWF5PPFhx_Mb1QBsRGCgCVImkhuJSMMnpLQ0JxQ=mo,good,5,0,417.0.0.54.77,2026-02-19 15:23:07,,,417.0.0.54.77,com.instagram.android,Instagram
961c39fe-6d5b-440d-92a4-74029d653793,yo bio lavell,https://play-lh.googleusercontent.com/a-/ALV-UjXMU5JLsZrJ8XEY6MQ4v0qZhTuIRls1DJJyy1vcd4G7AKbZBG9G,just the never had a problem but I kinda need one of my acc back but idk,5,0,417.0.0.54.77,2026-02-19 15:22:43,,,417.0.0.54.77,com.instagram.android,Instagram
347baefb-f3c4-4dc4-818d-cfca80f08f3f,Hridoy Molla,https://play-lh.googleusercontent.com/a/ACg8ocIChK-AHgtIS2DEbzSfpH2rb174W0cy6MV0-TNy87kkWQqLfA=mo,🙂,1,0,,2026-02-19 15:22:29,,,,com.instagram.android,Instagram
21c6af88-dc5d-43eb-b22b-0a3d7ea1c301,Waziko Siraje,https://play-lh.googleusercontent.com/a-/ALV-UjX8_BIZSSl2LwFB_rVcRBJShsN4vJFqyazTtIHEmmq0ouJ6jJQU,"Everything sucks when you just changed the password and now you type it in to log in, nothing works, but ""wrong password"". Damn!!",3,0,404.0.0.48.76,2026-02-19 15:22:05,,,404.0.0.48.76,com.instagram.android,Instagram
78d3f7fe-0c38-47ba-b1c4-6e6fa6ee7efe,Durga Selva,https://play-lh.googleusercontent.com/a-/ALV-UjVlRonMiiKpRb_UGzzwY4M100d327R1VSaBtCTYk5tenitl-b2F,not ok,1,0,417.0.0.54.77,2026-02-19 15:21:56,,,417.0.0.54.77,com.instagram.android,Instagram
f4615295-6879-4f98-be69-0465f4e75113,Sreekant Thakur,https://play-lh.googleusercontent.com/a/ACg8ocJROSMP0lG_ifaG_bgrB_le7Hm382_UYVAm_YrWaDQWOMSXdw=mo,this is a best social media app wonderful supported creator,3,0,414.0.0.40.83,2026-02-19 15:20:34,,,414.0.0.40.83,com.instagram.android,Instagram
cebfbba5-6530-4eaf-a92b-c8c588c097f2,Datong Isaac,https://play-lh.googleusercontent.com/a/ACg8ocIez6KN-KqWDIYLOoj3Gbt5KCoX7HNXALnNn0I6Ere2Uwum=mo,excellent,5,0,,2026-02-19 15:19:57,,,,com.instagram.android,Instagram
656aa4ad-663f-4d62-967e-8587d22f7eb2,Ananvi . P,https://play-lh.googleusercontent.com/a-/ALV-UjVVcpgnk8sRyP-arevjpCTfKC0vjTdqC_FwNY0PZ1jPmWFUuGU,slow installing,1,0,,2026-02-19 15:19:27,,,,com.instagram.android,Instagram
fd307537-a2e1-42cd-8b2c-15e8b14f298a,Shivam Kumar,https://play-lh.googleusercontent.com/a-/ALV-UjViOKSX57WzNF-oXwIUoCcC8PzQ1c1o9ja4bUQfA7yADvpbud3j,☺️☺️,5,0,,2026-02-19 15:18:14,,,,com.instagram.android,Instagram
992e4eaf-78a4-4cbf-83e2-9b700aac8a02,Yash Kumar,https://play-lh.googleusercontent.com/a-/ALV-UjW6VpMOxe-18BgNMuScEBHmaG9o_iUNZEIqKyL9PDDMMF06GWrb,Mera live Nahin chal raha,5,0,416.0.0.47.66,2026-02-19 15:18:05,,,416.0.0.47.66,com.instagram.android,Instagram
7886a974-d3b0-4f70-bcfa-cdcfa587f880,Ranjith Kumar,https://play-lh.googleusercontent.com/a/ACg8ocJP5lJWwsuakmFSzjbodWPvxTZmL7ZZ8pNaHLPtS72EJ7ageg=mo,super,5,0,,2026-02-19 15:16:18,,,,com.instagram.android,Instagram
1b9185d6-3c84-40d0-b341-f8502ddc933c,Sangit Kumar,https://play-lh.googleusercontent.com/a/ACg8ocK9ASFAiBbNkRreinh3IISTIsuJHfn0VyCEuqaS0Tp7UdPYTw=mo,my experience is very good but,5,0,416.0.0.47.66,2026-02-19 15:15:02,,,416.0.0.47.66,com.instagram.android,Instagram
90c3e0f0-50ad-4598-97c5-1f779b9702a5,Mohd Mustakeem,https://play-lh.googleusercontent.com/a-/ALV-UjXRg2pYWBL1o5XtzKvdEnWBqtiMsCyc14l3Kk27yISSXYpglBIN,wow,5,0,414.0.0.40.83,2026-02-19 15:13:45,,,414.0.0.40.83,com.instagram.android,Instagram
6c1aeac9-eac0-4c2a-980b-18af3add1674,ali moon,https://play-lh.googleusercontent.com/a-/ALV-UjUh79QlfdyUnZ71Vs4QGa2wpQjWbDeoS-LBukJcE3lv5nN8360,all i get is ramadan abuse videos (food videos) 😢😢,2,0,416.0.0.47.66,2026-02-19 15:12:40,,,416.0.0.47.66,com.instagram.android,Instagram
55040bc4-0e7c-4324-9b96-70e1f31a1e46,Prem Jaiswal,https://play-lh.googleusercontent.com/a/ACg8ocI-p6ZUi8jC6o9GQMpCrdIZM9XMhtz1eRmUWdzwnCDAa-GOVg=mo,love u Instagram ❤❤,5,0,415.0.0.36.76,2026-02-19 15:12:09,,,415.0.0.36.76,com.instagram.android,Instagram
d8502117-615c-4ca6-9c16-c63bf632590f,Rihan Saifi,https://play-lh.googleusercontent.com/a/ACg8ocK5Dnv1SxRBR5QO_pczluVax4D0AJC_KragS3daCfXZKQq69w=mo,acc facing glitches,1,0,417.0.0.54.77,2026-02-19 15:10:52,,,417.0.0.54.77,com.instagram.android,Instagram
c05c7981-435e-4007-ac54-11e254914809,Bitunikee Rajak,https://play-lh.googleusercontent.com/a/ACg8ocIPiFVu3orTyj0MEvyFmcTMrKtGLKulyyRgGUf45pZSVbumEA=mo,superb. very nice looking 👌,5,0,410.1.0.63.71,2026-02-19 15:10:51,,,410.1.0.63.71,com.instagram.android,Instagram
9862aa22-3e26-444d-9ade-be9ed6f558ca,Sanu Junky,https://play-lh.googleusercontent.com/a/ACg8ocJuBFU-wA6apjVO9g-ZA4imCLfkfh11ZBZbYGWj1wf55hnUSw=mo,ok,5,0,410.1.0.63.71,2026-02-19 15:10:48,,,410.1.0.63.71,com.instagram.android,Instagram
258e4e8b-4968-4db3-8506-758a120e929b,Jomor Jomor,https://play-lh.googleusercontent.com/a/ACg8ocIKs6REjLQPcuINQ06dk_a15Q2EJ_gnwB4Y9IykO3qZrCSDbA=mo,nice apps,5,0,416.0.0.47.66,2026-02-19 15:10:17,,,416.0.0.47.66,com.instagram.android,Instagram
cea494d0-bcb2-43e2-95e2-c78f1d36ac8d,A Saha,https://play-lh.googleusercontent.com/a/ACg8ocJEfys8io0_wWGOPYBxIYZxQS6FigHU-nAyf7GMU3jYGyJk-w=mo,lokera ei ap use kore nesha lagai nai,1,0,,2026-02-19 15:10:01,,,,com.instagram.android,Instagram
2dce7206-d8fc-43a5-916c-f341273538f4,Nicolei Competente,https://play-lh.googleusercontent.com/a-/ALV-UjUYesVOLvOW0BbXG5u8NTHT1ReXHd_rEtMcKT5v_9FC287xKpo,different features for different accounts,1,0,417.0.0.54.77,2026-02-19 15:09:06,,,417.0.0.54.77,com.instagram.android,Instagram
a7832073-d627-4f45-9d40-cf3c8646eab1,Bittu Bharti,https://play-lh.googleusercontent.com/a/ACg8ocJ18lyvMd3BgqdArQheF3sYBuNeKh4SrbJyWKFMVPB8SH-Alg=mo,Best App Ever🥰🙏,5,0,,2026-02-19 15:07:47,,,,com.instagram.android,Instagram
ff8cece6-3ee0-4a59-a3e9-cd520050a541,Nitesh kumar Meena,https://play-lh.googleusercontent.com/a-/ALV-UjVGYpQ12AGwTrKNYW36meQe4RI688HZf3IAYr0lSmb5LIXDJquV,Instagram is amazing app,5,0,416.0.0.47.66,2026-02-19 15:07:31,,,416.0.0.47.66,com.instagram.android,Instagram
0781e2ee-6263-4a9d-b6bb-4d69b04436e9,Fatma Jawaid,https://play-lh.googleusercontent.com/a-/ALV-UjV1NCEyDqJ6uQneoJto-fMOGDSOZ2aCg4dDOcHk1q1Ru6u1Awhy,there's mass censorship ok this platform,1,0,416.0.0.47.66,2026-02-19 15:07:03,,,416.0.0.47.66,com.instagram.android,Instagram
31cbc2e6-c278-4663-9e47-a75c11155f66,Santosh Maida,https://play-lh.googleusercontent.com/a/ACg8ocIh2k9km8XhIffuEIUl0Nlf63ZzAX8pdoNkB1ZEizB4qHB3IQ=mo,16k follow,4,0,,2026-02-19 15:06:00,,,,com.instagram.android,Instagram
cbd5c2cf-8a9c-403c-92e6-42a6773a9843,Aashiq ali Saiyed,https://play-lh.googleusercontent.com/a-/ALV-UjWIsJscv6yoI6wvJl3059HOEz4TuNqoRxCvASn3AsIzzAOs6vx0,nice app,5,0,417.0.0.54.77,2026-02-19 15:05:48,,,417.0.0.54.77,com.instagram.android,Instagram
f320835e-ea6c-4945-837d-3a036c0ebf53,Abhay Kumar,https://play-lh.googleusercontent.com/a/ACg8ocLlC4l1X77Bbg4gMBvgby_t35wzJESlIDmpD5_U-fRYKS6r-MF7=mo,ladkiya msg bhi nahi karti hai ek bhi ladki se nahi kar paya,5,0,414.0.0.40.83,2026-02-19 15:05:36,,,414.0.0.40.83,com.instagram.android,Instagram
8b7f5bbf-fe17-459f-9650-c1eb321ebab7,Karthik Pro Karthik,https://play-lh.googleusercontent.com/a-/ALV-UjWefm2BlNy6g6-SSE0hiYfahiNoBIFxnMVId9x3bm9gNcUfv9E,ok,2,0,,2026-02-19 15:05:31,,,,com.instagram.android,Instagram
f545a86a-aef4-4f01-a4e8-e5c9121bcf87,Sunil Mishra,https://play-lh.googleusercontent.com/a-/ALV-UjX6lVsBAoaI07zWkD92RdrCwD9GxBPvfEZM550m6dDVE8ANaKt9,Excellent,5,0,416.0.0.47.66,2026-02-19 15:05:20,,,416.0.0.47.66,com.instagram.android,Instagram
bf0b0f93-1c38-4f00-9624-4bff997ca60c,Arman,https://play-lh.googleusercontent.com/a-/ALV-UjVBCgCqF9x5ZRycRdu-K5-WbVoZCUr5WgSvH5nERghwQC7cPvMj,"hello everyone if anybody facin the same problem as mine (you are not able to log in even though you put the correct password and id) , here's what to do - just create a clone app(Instagram clone or duplicate ) or samsung user(me) use secure folder's insta . Hope this'll help also hope insta fix this issue ok byeeee 👍❤️",3,0,417.0.0.54.77,2026-02-19 15:03:32,,,417.0.0.54.77,com.instagram.android,Instagram
8f06f101-4b46-4418-8cae-1abc72bf35c3,Sharda Nade,https://play-lh.googleusercontent.com/a/ACg8ocI4GPn0tM1rMiuTX5Isql357lNSlhUMWRZX1BJbQJyXC-qQCw=mo,masterpiece,5,0,416.0.0.47.66,2026-02-19 15:02:21,,,416.0.0.47.66,com.instagram.android,Instagram
b394315f-0d12-493b-a243-71ac301978e0,Mario Saade,https://play-lh.googleusercontent.com/a-/ALV-UjXCwqM3Y21nrEC8ADEMmb8Wo5n1Ibo3yhxKMkw4SNV3NkecidWE,ahhhhhhh,5,0,416.0.0.47.66,2026-02-19 15:02:06,,,416.0.0.47.66,com.instagram.android,Instagram
f31c855d-4af1-4ce7-9e3c-9161ab7a74c3,Chhote Lal sah,https://play-lh.googleusercontent.com/a-/ALV-UjX8uF4rTUu0J8K-XL3z8_8L5f3WbrBdVpcf9n89UcgikpoHjOQ,nice work,4,0,390.0.0.43.81,2026-02-19 15:01:12,,,390.0.0.43.81,com.instagram.android,Instagram
a6281002-dcf1-4679-9755-3ce4aca36b7a,Aniket Dutta,https://play-lh.googleusercontent.com/a/ACg8ocIIDmRHtj_HSJLN2qbnV1n4HoL7567r6YiHUsFKCUA0VlQbfA=mo,amazing👍,5,0,415.0.0.36.76,2026-02-19 15:00:33,,,415.0.0.36.76,com.instagram.android,Instagram
d3f8e863-61e6-4b0e-a2de-8d3f591392cd,Vinit Solanki,https://play-lh.googleusercontent.com/a/ACg8ocJY7vPRx8TtNX-6wS88NByBl5eF5yyYM6a6jDzWaHzE6XjntA=mo,stress kam karta hai,5,0,416.0.0.47.66,2026-02-19 15:00:18,,,416.0.0.47.66,com.instagram.android,Instagram
bd4ac618-480a-49f7-a8b3-9b346201ffb8,Easy Tech,https://play-lh.googleusercontent.com/a-/ALV-UjUxY3YVXQTtR3usbnrccJqm9R4XZJZc6-YC22KmpOrI5z5yn9M,very nc,5,0,,2026-02-19 15:00:12,,,,com.instagram.android,Instagram
90481ed1-25d8-476e-b7c5-c11f15481226,Sonu Kumar,https://play-lh.googleusercontent.com/a/ACg8ocKosLyDPiKpN03rMSthMj8DEsTlNLoKMGcehZ-y7M62UbdByQ=mo,For content creation this is best app,5,0,414.0.0.40.83,2026-02-19 14:59:49,,,414.0.0.40.83,com.instagram.android,Instagram
f57b5195-04e5-41bb-8489-cf0501e65e2b,Adarsh Upadhyay,https://play-lh.googleusercontent.com/a/ACg8ocJg9Zb52ak8EwqCz3kICnBRWOxXuZmmkf8Iv-_89d2tIwG6Fg=mo,Good,5,0,388.0.0.34.75,2026-02-19 14:59:28,,,388.0.0.34.75,com.instagram.android,Instagram
b4bf310c-550e-4234-a354-632974eb0783,Joshi,https://play-lh.googleusercontent.com/a/ACg8ocIqkzBSJ8TG9uqWSL6WAUvlelJBtdIVBkBK7XGkPozorynYvQ=mo,सुपर,5,0,417.0.0.54.77,2026-02-19 14:58:30,,,417.0.0.54.77,com.instagram.android,Instagram
76ee34b8-c00e-48a9-ba2e-d30ae2ddcd39,Md BITTU,https://play-lh.googleusercontent.com/a/ACg8ocJCH31eKrI4hr4wuOn7SKbiPNJGZ4Ul3dQBBC7r9NJJ76hf3Q=mo,not happy app and not security,1,0,416.0.0.47.66,2026-02-19 14:58:00,,,416.0.0.47.66,com.instagram.android,Instagram
a3d3687f-9249-438c-bf5a-f2fe3a3e362a,Sripathi Srinivas,https://play-lh.googleusercontent.com/a/ACg8ocJfrBKf3Dx4wVHJrPoUJ5zMP33iTdVZFE2-m5Pf-pFBFmpzBw=mo,Good app,5,0,278.0.0.22.117,2026-02-19 14:56:34,,,278.0.0.22.117,com.instagram.android,Instagram
06a4f748-b64a-427e-bceb-173146070664,Hukum Singh,https://play-lh.googleusercontent.com/a/ACg8ocLBXMGbRWzH5fUj7lIjrhjY6lSsQEegtApuiRwj9ZpGuCy-Aw=mo,very nice 👍🙂,5,0,415.0.0.36.76,2026-02-19 14:56:10,,,415.0.0.36.76,com.instagram.android,Instagram
9ee719d1-38cc-421f-970b-0e2ecd70d975,Niraj Kumar,https://play-lh.googleusercontent.com/a/ACg8ocLlzLXv3Ybu-jXGlIG50OG2e2KXew0qbvwgY2287L3jY4NXkg=mo,instagram bahut hi badiya ba bhailog download karlo auri moj karlo,5,0,,2026-02-19 14:54:37,,,,com.instagram.android,Instagram
ca762f8e-f01a-454a-9ba3-bb8a8688c70e,anil gurjar,https://play-lh.googleusercontent.com/a-/ALV-UjV9ylHCM4O2kkassY-Ac-BdjQpETpuMOa5tkpiMEGvbOuBPnInz,good,5,0,414.0.0.40.83,2026-02-19 14:54:13,,,414.0.0.40.83,com.instagram.android,Instagram
53a57949-07b7-4f2a-ac7d-f617bf061d48,Bikas Kumar,https://play-lh.googleusercontent.com/a-/ALV-UjWNLnfpwFQXJCbMqomxgek_iA8tWwL9QITQ5u12wZbybYIBfubyug,super 👌,5,0,417.0.0.54.77,2026-02-19 14:54:09,,,417.0.0.54.77,com.instagram.android,Instagram
ea67f497-089f-4ffa-b1e5-fbdddb369f90,Erika,https://play-lh.googleusercontent.com/a/ACg8ocIWQXdTb7FuVc5oeCPeRNmzmllr8IXtq2teRmyplQ-49V3TqQ=mo,bad experience,1,0,416.0.0.47.66,2026-02-19 14:53:31,,,416.0.0.47.66,com.instagram.android,Instagram
23443df5-989f-42f1-913c-51c2e7283e0a,Holo Toro,https://play-lh.googleusercontent.com/a/ACg8ocIg9wIvwSJ45PozxDPnwS4J6PbVPPL9TB5zy_eTc3bKdSo_Gg=mo,"things get limited, certain posts and opinions are shadowbanned. They say they removed under 16s ""for their saftey"" but you still cant say naughty words and there's still tens of millions of them on the platform (you are not getting my ID from me, lets face it thats what its about.) App is so clunky that you get decent content so its a ""good"" thing insta devs are lazy as hell.",1,0,,2026-02-19 14:53:10,,,,com.instagram.android,Instagram
2eddd781-e6fa-45dc-ad17-b89310eab266,UMESH SAIN,https://play-lh.googleusercontent.com/a-/ALV-UjV02mtct6BY6Q-aK4A_XQIaFyUGKotorp-qI5vFKJ-g0WAlQ2-p,Amazing,5,0,416.0.0.47.66,2026-02-19 14:52:08,,,416.0.0.47.66,com.instagram.android,Instagram
1bb0ce54-5575-4618-ab3d-658624040725,surjodeb murmu,https://play-lh.googleusercontent.com/a/ACg8ocJPZbudxD-m9bydLkcL6ujZdEu1w-gpF1e1LCCz7MkoQvLq3A=mo,good,5,0,416.0.0.47.66,2026-02-19 14:51:49,,,416.0.0.47.66,com.instagram.android,Instagram
b9868c8c-2618-4dca-8d71-fea791d26270,Maja McKenzie,https://play-lh.googleusercontent.com/a/ACg8ocL6L0JFFhPOvYOUwnBT74zvE_fFGHRX9V3aK4Xrf9X0xv6Fqw=mo,addictive,3,0,416.0.0.47.66,2026-02-19 14:51:46,,,416.0.0.47.66,com.instagram.android,Instagram
2161afb6-31d6-4eb2-9664-37d9d3bf49d6,Lokesh Kumar,https://play-lh.googleusercontent.com/a/ACg8ocKT5V9aZo6x8tcbdPQ3gvHr8RUcTVCnHJVQtuhPWpUvbVsuqQ=mo,awsome,5,0,,2026-02-19 14:50:02,,,,com.instagram.android,Instagram
7add0e62-464f-4bcc-b254-82e9eda74988,MD Soccer,https://play-lh.googleusercontent.com/a/ACg8ocLEYLtTlXlJfO_1YbR2zav2PbpSIATcI0dLqq7IBMRXZF9G1g=mo,it very good but your control,4,0,417.0.0.54.77,2026-02-19 14:48:46,,,417.0.0.54.77,com.instagram.android,Instagram
e6ebffe5-4317-4f01-b8fb-9f9dee0941f8,Yashwant Yashas,https://play-lh.googleusercontent.com/a-/ALV-UjUcxCdk3uoPeBXkoW5Q8OLD2r7cIVYqHwEDF37Qkofq6OObwqL1-g,good service,5,0,417.0.0.54.77,2026-02-19 14:48:14,,,417.0.0.54.77,com.instagram.android,Instagram
3c3b5051-a23f-4fc8-896b-45ebb4ea49b9,Yuvraj Sonawane,https://play-lh.googleusercontent.com/a/ACg8ocLXQKKdBDfhSqgcd0aD-ueTYt0v5Serv789MCBs-5f21HTLgw=mo,worst app it had disabled my 6 years old account without any reason never gonna install this app now #leaveindiainstagram #baninstagram,1,0,,2026-02-19 14:47:57,,,,com.instagram.android,Instagram
8f1a8c0d-2f8b-4169-bfa0-f4b513b68735,Sunder Kumar,https://play-lh.googleusercontent.com/a-/ALV-UjU3JAhAGJfR-3rt728OWODEgDQ2krGdOPLCx7Atig7wbziFzwXP,camera filter good?,5,0,416.0.0.47.66,2026-02-19 14:46:55,,,416.0.0.47.66,com.instagram.android,Instagram
98d35c16-f188-4ad8-8a0f-1c2d7fab9ab1,Mrunal Marathe,https://play-lh.googleusercontent.com/a-/ALV-UjXDDNd-wQvZluPjyMkio7M-3Z7Y4iKN0Wuuy2Itc0bHXvxtzGyO,very 👍,1,0,413.0.0.41.84,2026-02-19 14:46:08,,,413.0.0.41.84,com.instagram.android,Instagram
9adb396f-9e0b-4bd2-a3c3-feb5ca808bce,MUHAMMAD AFFAN,https://play-lh.googleusercontent.com/a/ACg8ocJHNyP6hbjZCJamBdWM6LFr_4h93FGtWZHlUfAKJQRkiewntjOD=mo,A beautiful platform for creativity. The photo filters and Reels keep me inspired every single day.,5,0,416.0.0.47.66,2026-02-19 14:46:04,,,416.0.0.47.66,com.instagram.android,Instagram
a1fd35dc-45f7-4910-863c-6a1f80bd1e9e,Ajaykrishna Realme,https://play-lh.googleusercontent.com/a/ACg8ocKkTFpswitioQeB9-nYcV8v4X_bdjQaHtS-WM975TGgk2smmQ=mo,nice app,5,0,,2026-02-19 14:44:58,,,,com.instagram.android,Instagram
43ad60e2-9712-47d3-a95a-75e4a8447482,4456_Juveriya Joad,https://play-lh.googleusercontent.com/a-/ALV-UjXNMlW3nRc1DqO1aGxD33POrqZizv6Dr0a5U_dgq7abmxh8Tlfm,best,5,0,414.0.0.40.83,2026-02-19 14:44:03,,,414.0.0.40.83,com.instagram.android,Instagram
c56771eb-82a7-44e9-b36c-2c2e74e654a1,U Sreenu,https://play-lh.googleusercontent.com/a/ACg8ocIPIUoYb4lFKTOStoqYn1B4BgjR0ukR92FwDG0KN98SLQJtGQ=mo,nice,3,0,416.0.0.47.66,2026-02-19 14:43:08,,,416.0.0.47.66,com.instagram.android,Instagram
7fc73e43-00b0-426e-a9c8-3873302e4397,Amelia Mabula,https://play-lh.googleusercontent.com/a/ACg8ocK9JmlS3fqpu6Dd8jeqFmlp620zkBoObVIlc3BohJdaIyYfnw=mo,because is best,5,0,,2026-02-19 14:42:26,,,,com.instagram.android,Instagram
d84ef051-8fde-4e65-8a3d-9fd8cc553b86,Ankit Kumar,https://play-lh.googleusercontent.com/a/ACg8ocIS0D8THaSNMxvt6TbvotBjCY1aHekIUVsj7Gwf_HgB4SGw3g=mo,best apl,5,0,,2026-02-19 14:42:17,,,,com.instagram.android,Instagram
571eea7b-edb6-472f-a976-ef7a09388002,Bharat Lahkar,https://play-lh.googleusercontent.com/a/ACg8ocIE-ZPBkSGEv5L82abRypByPVGUlyIFzvGpPz59swET8jN8lQ=mo,good,5,0,,2026-02-19 14:40:22,,,,com.instagram.android,Instagram
f6c57e01-5d91-4fcb-8889-7bed3ea98128,KDUSA 786,https://play-lh.googleusercontent.com/a-/ALV-UjWri1LTmg48rUSWVegc89xJmlxR6KrdwCAtYrYFK8GEKiYQU2E,recently delete video,1,0,,2026-02-19 14:40:14,,,,com.instagram.android,Instagram
221e4cba-1c51-4fa4-a338-561f8efe0b5b,Aryan Deshmukh,https://play-lh.googleusercontent.com/a-/ALV-UjUS_sl6zX-sl6rItmsoCZ79iJDya5QHOCnEi3ECqgYlOqMob-dr,excellent,5,0,411.0.0.23.257,2026-02-19 14:39:49,,,411.0.0.23.257,com.instagram.android,Instagram
f530582c-78ac-49f8-bf91-f37e7fbd82c2,Sunil Kumar,https://play-lh.googleusercontent.com/a-/ALV-UjXWSqj2UbNDXWyEqKHb5P6DLfpCqEBqo1YvJmmwO8P-qZwu9qvJ,nice app,5,0,417.0.0.54.77,2026-02-19 14:38:38,,,417.0.0.54.77,com.instagram.android,Instagram
80946ecd-fb6d-4d8a-921c-ca8d2467b7d0,Sakina Ansari,https://play-lh.googleusercontent.com/a/ACg8ocLlGPCtKpKCvRaPozBdKy2rREMPQUwdnxt-OWE05dCxDNcdvA=mo,I like it,5,0,,2026-02-19 14:37:53,,,,com.instagram.android,Instagram
c5e161b4-6b27-45e6-adfc-2780a5fd08c1,Sana Gull,https://play-lh.googleusercontent.com/a/ACg8ocL0xtPZBTwTdSbyOvPIWbtNGH4awHmWb0P2D10dyaA4_MXDkw=mo,I like this one,5,0,,2026-02-19 14:37:36,,,,com.instagram.android,Instagram
94cce376-7856-4a65-b0de-55402a5d0d62,Vikrant Tiwari,https://play-lh.googleusercontent.com/a/ACg8ocK2SMeKjXWNo51iDgXM8cU-6A_prWH2DYsudN5_x1H0via8wQ=mo,very nice 👍,5,0,,2026-02-19 14:36:53,,,,com.instagram.android,Instagram
fa59b49f-8db9-4147-ad57-770055c4dbc2,Mamta Mali,https://play-lh.googleusercontent.com/a/ACg8ocJIw6MF5OXj413-GIS6hIQ9ZPj70UPC73o25_xwgFfGmcnHnA=mo,Good,3,0,,2026-02-19 14:35:41,,,,com.instagram.android,Instagram
b5352b5d-a1cc-42df-b61e-cdda0412497e,farooq raza,https://play-lh.googleusercontent.com/a/ACg8ocLBlPvHD_PgU1UevutzWDkhPEdksSPHVF6jp8fit0Zf0QdbEQ=mo,great,5,0,417.0.0.54.77,2026-02-19 14:35:28,,,417.0.0.54.77,com.instagram.android,Instagram
4b4f7785-6cdc-4aac-bfdb-70596dd2d948,Gautam Shinde,https://play-lh.googleusercontent.com/a/ACg8ocLRVVtgk_Gpjxo0YjWtM1q5luahZtrNuB74L3u90aKl-43gqC4=mo,God ap,5,0,414.0.0.40.83,2026-02-19 14:34:26,,,414.0.0.40.83,com.instagram.android,Instagram
b90d6303-0d88-4370-b981-74fe35e90424,Megha Rathva,https://play-lh.googleusercontent.com/a-/ALV-UjUTj2Wvqa5KaqTWDkwFU3eN_alTCvLYuWjGm3Tv0UWpJrAIfuL9,thik,1,0,417.0.0.54.77,2026-02-19 14:33:51,,,417.0.0.54.77,com.instagram.android,Instagram
f6e4ec99-51d9-4d82-bf45-e66c6a431a1f,SP Advisor Co.,https://play-lh.googleusercontent.com/a-/ALV-UjV9eh52AAU9yXU_J-7Z6J29flbmXo_RuvrCMOgYneFJNalC4Xs,Nice,5,0,,2026-02-19 14:33:45,,,,com.instagram.android,Instagram
58768fdb-e477-4268-9426-192cd14cf4e2,Adarsh kumar,https://play-lh.googleusercontent.com/a-/ALV-UjWKmhHFX6mXOy776d0NG7LM3Snw2txhHIZKwc7X1WxX-qN9Cv-FuA,Good morning insta ✨️,5,0,417.0.0.54.77,2026-02-19 14:33:38,,,417.0.0.54.77,com.instagram.android,Instagram
3b80bc2b-b6ad-4392-8ee4-f3283e74bd62,Ravi Vishwakarma,https://play-lh.googleusercontent.com/a-/ALV-UjUZYBzS9pKONiEvLUDsXQeGt4dP0Zd9GqPfMinbFSCr0IGwXML0,so Exllent,3,0,417.0.0.54.77,2026-02-19 14:33:37,,,417.0.0.54.77,com.instagram.android,Instagram
283b6485-edda-40ab-9f9f-e48af82a0325,Neeraj Dehariya,https://play-lh.googleusercontent.com/a-/ALV-UjVM0delzzyEK8gT_oe3ooM-avJzQNSl6mvzLI7FzGLQwpSaSCQ,osam,5,0,,2026-02-19 14:33:28,,,,com.instagram.android,Instagram
7d7082b4-4644-4ee6-b385-eb589fdcc607,Chantal Mora,https://play-lh.googleusercontent.com/a-/ALV-UjWDd6R-zd2StxaNCl2exauppvMahU5V7wrsWIXlxI1meD7MSro0,human interaction at its best ⭐,5,0,417.0.0.54.77,2026-02-19 14:33:09,,,417.0.0.54.77,com.instagram.android,Instagram
f8bec411-a81f-4dcb-9517-317b0c4f7d64,Ma Berna Clarie E. Sarad,https://play-lh.googleusercontent.com/a/ACg8ocIZcCae7SK9tClUeR3RB_5ViRafMntcsx6sw8BQgUgtxWb_5TY=mo,My account got disabled or i can't use it and worst when i use another account which is also deactivated. Even though I didn't violate any of your rules.,1,0,,2026-02-19 14:31:35,,,,com.instagram.android,Instagram
9ca27302-287b-48bd-affd-414f28baf745,Alamgir Alam,https://play-lh.googleusercontent.com/a/ACg8ocJH-uJG0N0h5p8DHYy6cYLnFPDCnH-GCZlPh5UPlloZMA15Cw=mo,good,5,0,414.0.0.40.83,2026-02-19 14:30:03,,,414.0.0.40.83,com.instagram.android,Instagram
b837e844-0558-424a-9ac8-71800475c40c,Bina Kalita,https://play-lh.googleusercontent.com/a-/ALV-UjVUMrOUT9hUEjzE5m8u_FhldwtyOZ8vtU8oqqTR7GWQbJDcLcE,v good,5,0,417.0.0.54.77,2026-02-19 14:28:39,,,417.0.0.54.77,com.instagram.android,Instagram
aa159083-52a2-4bbb-ba8b-e198ccef490d,Zameer Hussain,https://play-lh.googleusercontent.com/a-/ALV-UjU-3MKz32IfceM5j9MIQU98zTkxQTv8-YdqLCrzRro4ls1NnA3D,wastage of time,1,1,211.0.0.33.117,2026-02-19 14:28:27,,,211.0.0.33.117,com.instagram.android,Instagram
25f5dc29-067c-4a01-bd81-e9bf7082d4f8,Sentha Seeman,https://play-lh.googleusercontent.com/a/ACg8ocJcnZwExHkhIRV5UHraeuNvA6PCYLXShk9OfOy009Y5V1Ua=mo,good,5,0,416.0.0.47.66,2026-02-19 14:28:15,,,416.0.0.47.66,com.instagram.android,Instagram
39840688-9b8f-4a06-b31f-2c27e612566c,Sujal Vaghela,https://play-lh.googleusercontent.com/a/ACg8ocIZNMlimg97zJJ5RLeOXOIJSQZg0PrOSaYtuCSjj3En-3aE6w=mo,good,5,0,417.0.0.54.77,2026-02-19 14:27:51,,,417.0.0.54.77,com.instagram.android,Instagram
3c06d776-e939-42c5-9ac2-7ac7164fdabc,Chandan Kumar Mukhiya,https://play-lh.googleusercontent.com/a/ACg8ocJkxMT2TqI70i7aOxaSUI4AcSRe0ERasTgs63Y5272Yny7wF9gc=mo,nice,5,0,411.0.0.23.257,2026-02-19 14:27:13,,,411.0.0.23.257,com.instagram.android,Instagram
9bb1e990-20eb-450b-8475-f874463dc980,Pratyush kumar,https://play-lh.googleusercontent.com/a-/ALV-UjVlZ0SrJ8thV_AmwevojYDLbLEfS2NwfHoWrEugMS-eTzbS2Mr3,Good time waste,5,0,331.0.0.37.90,2026-02-19 14:26:16,,,331.0.0.37.90,com.instagram.android,Instagram
090d65b5-b8e1-4be1-81cc-94035fd253ff,Harisingh,https://play-lh.googleusercontent.com/a/ACg8ocI2GzzNjzCx_y_Q8CxQ0dsD166nEG57ITvT-R-cBObpBJD7hw=mo,best,5,0,,2026-02-19 14:25:32,,,,com.instagram.android,Instagram
03db873b-98ac-4d7b-abe6-3186ac1f27eb,Sharuk Khan,https://play-lh.googleusercontent.com/a/ACg8ocKxxU97tvIV9xZ0MeQny8vkb7tCEAzopq8zqa7BWD0onToT1g=mo,badiya app,5,0,416.0.0.47.66,2026-02-19 14:23:27,,,416.0.0.47.66,com.instagram.android,Instagram
73a07161-30f0-4f44-8309-d74e5d833a8e,Cyiza Moize,https://play-lh.googleusercontent.com/a-/ALV-UjUoiagCtGFiPjLkGBLaH0GxQ66qJMa-cctO2_ZmNYDEbDdW3Hc,it's hard to get known by people,3,0,416.0.0.47.66,2026-02-19 14:22:22,,,416.0.0.47.66,com.instagram.android,Instagram
23e510c9-0867-47a8-9ef9-667ded835d09,Mmadu Christopher,https://play-lh.googleusercontent.com/a-/ALV-UjWmc0eU7v5qmClD-1ZB7_HcUZvtXJ2smPv022xw1OHsDb__Sd5o,when you post it doesn't show fast.,4,0,416.0.0.47.66,2026-02-19 14:20:36,,,416.0.0.47.66,com.instagram.android,Instagram
f912d9d4-8619-4e51-82d5-f5138ca88f26,Shani Azeem,https://play-lh.googleusercontent.com/a/ACg8ocLU7-mRJC3LAuix3Zqor5xIWx6EJN_8T3bB4Su1YvEn20Gemw=mo,idk why but my acc got suspended,5,0,,2026-02-19 14:18:57,,,,com.instagram.android,Instagram
459ecef3-2851-4615-b14f-677ff65fe35f,Ashlyn Scott,https://play-lh.googleusercontent.com/a-/ALV-UjVGb-rsUXErOu5S5ApESf-QEnIZPrxV8qPWaUt3Hhrdt0KwQXE,good overall,5,0,,2026-02-19 14:17:38,,,,com.instagram.android,Instagram
efc3b2d1-3efa-4430-ba1e-28205be9129c,Ishwari Beedkar,https://play-lh.googleusercontent.com/a/ACg8ocL8eAU0td3IqV9oOSwOtPKgvtD687UteQam8zSzo56WRmPc6w=mo,"its really for influencer 😭🎀and also we can explore many other good things,from this app we can stay updated to and also connected to our friends and family this is the best app🫶🏻🫶🏻 every function is very much excellent 🤌🏻😄😊🫶🏻🫶🏻🤩🤩😍😍",5,0,,2026-02-19 14:17:33,,,,com.instagram.android,Instagram
bbce532f-7306-4669-923e-67459b0f2d61,Aditya kumar Yadav,https://play-lh.googleusercontent.com/a/ACg8ocJtJ-E0UfZG7Bcn0vl0acfPlS9J0JeOeSqOtn9aS8tfeee7bA=mo,👍🏻,3,0,,2026-02-19 14:17:10,,,,com.instagram.android,Instagram
7eabb0c6-e893-46dd-a66e-36e1a04d3083,okuhle mhlongo,https://play-lh.googleusercontent.com/a-/ALV-UjX8E4k_xywATG_4LRnkp3zdgi0UFqPiXVrV_BY5c98VGErefdOI,👍,5,0,417.0.0.54.77,2026-02-19 14:17:03,,,417.0.0.54.77,com.instagram.android,Instagram
47a68f69-255e-4ae9-ae4c-17c0e3f578cf,Nurul Atikah,https://play-lh.googleusercontent.com/a-/ALV-UjWpI68hV03weBfQt2GX5W9_2EUpomk-satO_PrMwqE3HeqgZlTg,can post anything that we liked,5,0,416.0.0.47.66,2026-02-19 14:17:00,,,416.0.0.47.66,com.instagram.android,Instagram
7ef145f7-524e-41e7-99c9-ec3dad312cc6,Nara Nayak,https://play-lh.googleusercontent.com/a/ACg8ocIsm7MpuicWc7IWgewWyDUlugouHHBkEYCWd00-KzlfR_NnbA=mo,queen queen,5,0,402.0.0.49.70,2026-02-19 14:16:32,,,402.0.0.49.70,com.instagram.android,Instagram
ffa885a8-fb09-4104-be70-aa0d7023f312,Yohance Avil,https://play-lh.googleusercontent.com/a/ACg8ocJmJnxZEe9fGeb_uaNVcgSUwShWfD9BTToZD3fyWi_vn9pD5w=mo,too many glitches,3,0,416.0.0.47.66,2026-02-19 14:14:05,,,416.0.0.47.66,com.instagram.android,Instagram
3c19e1f6-ebb2-4b95-8e7c-f7dd551044e4,Dayalu Das,https://play-lh.googleusercontent.com/a/ACg8ocL9OFzGQoIyvnzNp_KXqbDjq5Fsid_YFwl-BPVZ8YywFs2N=mo,mind-blowing,5,0,414.0.0.40.83,2026-02-19 14:14:02,,,414.0.0.40.83,com.instagram.android,Instagram
c9ef39bd-acde-4710-be71-1cdef68dda3e,Arvind Gupta,https://play-lh.googleusercontent.com/a/ACg8ocI9pILv8JHg2FVH2aOXc7Fv6MTCh4Bh3Q4ylTwdtoYRIewBgQ=mo,New Update Version Very useful,5,0,417.0.0.54.77,2026-02-19 14:13:31,,,417.0.0.54.77,com.instagram.android,Instagram
dbfba526-a67e-44af-b71d-a8dd31b4d3a7,Suraj Prajapat,https://play-lh.googleusercontent.com/a-/ALV-UjV1Z1RLzqgZRI5l4RdYapWt0G2Jw1USnbVf4Ke5HNBzUCyx4w,Best,5,0,417.0.0.54.77,2026-02-19 14:13:18,,,417.0.0.54.77,com.instagram.android,Instagram
e9451375-03a2-40fe-9310-c5afe070ddff,Hira Taslim,https://play-lh.googleusercontent.com/a/ACg8ocJT0YEk4EpVBBd4kLsBxcB5SZSoYWPqdPy-EIYR_3IfLxwNBg=mo,I IS vryy preety app i lovebit❤️❤️❤️❤️,5,0,,2026-02-19 14:12:57,,,,com.instagram.android,Instagram
9b8d3a4f-b03f-4a29-a968-d86d429bc47f,Rani Meena,https://play-lh.googleusercontent.com/a-/ALV-UjX9OiaqpsiqGLq7l5fqRYRkC_U4BzNjbFX4lMsmoAe-RvqSh4da,very good 💯💯💯💯💯💯💯💯,5,0,,2026-02-19 14:10:58,,,,com.instagram.android,Instagram
973e821b-8de0-4d5e-88e0-2a4bd6422253,Ogah Testimony,https://play-lh.googleusercontent.com/a/ACg8ocJx4T_E-onheXzxm7amxC8yaaokHAWbvUjmptJ36khCgZ4wzQ=mo,but I love it but you guys still love suspending my account,5,0,416.0.0.47.66,2026-02-19 14:09:45,,,416.0.0.47.66,com.instagram.android,Instagram
e34fd7fe-a047-4f05-9fa6-6f6594a99437,Nurnajiha Syuhada,https://play-lh.googleusercontent.com/a-/ALV-UjUSF6HqJsxD3nM0Gj4Z4mTpfMT6AEKYjtkGx9iSIB3duqNVlDjA,"Love using Instagram to stay connected with my friends. It’s so easy to share updates, photos, and stories anytime. Definitely a 5-star platform for keeping in touch!",5,0,416.0.0.47.66,2026-02-19 14:09:03,,,416.0.0.47.66,com.instagram.android,Instagram
f49066f7-2c02-44b3-9428-82f074902e60,Shahid W.R.P.,https://play-lh.googleusercontent.com/a-/ALV-UjX39z__MoB9fzxWb_udsTFlg5E6ZFJCpoSaZ6sEV2U_OJfSwHcOHQ,nice,5,0,413.0.0.41.84,2026-02-19 14:08:38,,,413.0.0.41.84,com.instagram.android,Instagram
501c7a0e-3d38-4aaa-a209-cf8fb683634d,Kamaljeet kaur Khaira,https://play-lh.googleusercontent.com/a/ACg8ocKIjzNOVu79IZqZTaH6NoPQHdOPW0Pb-pd9JiHanuqE4owccw=mo,nic,5,0,417.0.0.54.77,2026-02-19 14:07:45,,,417.0.0.54.77,com.instagram.android,Instagram
9cab74bf-ae67-4f7e-b219-3dd6b9035e68,Neeraj Solanki,https://play-lh.googleusercontent.com/a/ACg8ocKmHWQXyAI2ldfPC3AQYTse5CsBhzfzAB4QmCG_b-iv68eagA=mo,best,4,0,,2026-02-19 14:06:54,,,,com.instagram.android,Instagram
9e8365db-fbe2-4c91-873b-3becff2ad4ad,Isshak Gill,https://play-lh.googleusercontent.com/a/ACg8ocL5BsOuIngvKzQdT2HH0iEMJ2rIVY7OdhbRust0ImpT6_veoA=mo,best app,5,0,416.0.0.47.66,2026-02-19 14:06:17,,,416.0.0.47.66,com.instagram.android,Instagram
c8fed899-6edd-41ed-93bb-adbc1a7a1651,Onen Simon peter,https://play-lh.googleusercontent.com/a-/ALV-UjUvbgHRSrrSmYGBVSLHTriLhMXaCRPPMnTd69AkLMdSOUinIN0P,great app,4,0,416.0.0.47.66,2026-02-19 14:05:54,,,416.0.0.47.66,com.instagram.android,Instagram
45d91fbc-72d4-40b3-8b1c-99476bc02a37,Brijesh briji,https://play-lh.googleusercontent.com/a/ACg8ocLOHA4MCVT77cBaWKVYyCrYdbzAeVuHg7yw_lXn9V-ULKsDVnhj=mo,1 star for removing auto scroll,1,0,416.0.0.47.66,2026-02-19 14:05:50,,,416.0.0.47.66,com.instagram.android,Instagram
40a8892b-ae84-4fee-a3bd-1cce55cd36b2,Murali Krishna,https://play-lh.googleusercontent.com/a-/ALV-UjWx2yLOkPQGHjfMW_e5yIclvgWyQRKQznMuE6_lEYHet0nBPDo,worst,5,0,,2026-02-19 14:05:33,,,,com.instagram.android,Instagram
18e13fc8-f18b-4e28-9b8a-9e10124b2e03,Daniel Twati,https://play-lh.googleusercontent.com/a/ACg8ocIvTUn77TiyATyIYSANMJCLTxsxfNKbLGYN9bMHf8Z8qvh0lQ=mo,very good,4,0,,2026-02-19 14:05:13,,,,com.instagram.android,Instagram
1cc046a2-8948-4e4d-a615-6191b9d2179f,Aunick Kesharwani,https://play-lh.googleusercontent.com/a-/ALV-UjUJ1-QdVSUNjbUONw1jInrwv4l4jj0ThalL7zlsFjN7mph02bYd,nice app,5,0,416.0.0.47.66,2026-02-19 14:05:04,,,416.0.0.47.66,com.instagram.android,Instagram
3d814cd7-7a8a-4135-979a-bee19410f0b3,Kailash Raichandra,https://play-lh.googleusercontent.com/a-/ALV-UjU5hELLzn15K60L38ROMHh8-fv6HCMi1W7zatEhijGMzu7jlO4,like you 😘,5,0,415.1.0.46.76,2026-02-19 14:02:15,,,415.1.0.46.76,com.instagram.android,Instagram
caa3f738-bbf5-48ad-a91d-48e984d1f4d5,Minha Mehreen,https://play-lh.googleusercontent.com/a-/ALV-UjUCtDr9uEMctOVp5Ap2WMishE3O_qtqFwONexawYuvRw9hl0PkJ,keeps crashing,1,0,,2026-02-19 14:02:04,,,,com.instagram.android,Instagram
b78bc8cd-9fb3-4ad2-94c2-673f6b71ba32,Amos Godwin,https://play-lh.googleusercontent.com/a-/ALV-UjVWJSCYzu-r18Ikjn0lfFzJY5E-EEsjPx1qNGLgjO9heCS2SM0,i love it,5,0,413.0.0.41.84,2026-02-19 14:01:25,,,413.0.0.41.84,com.instagram.android,Instagram
37759a0d-f3d7-4405-ad82-f304fb05ea9a,Asif Rajput,https://play-lh.googleusercontent.com/a/ACg8ocIU6cyFC9OHUAlOp0iYeTC1yw6N0IzJFL9WJCZOHfuTYh3umQ=mo,"It was good, but it also poots Instagram posts on Facebook without asking.",4,0,417.0.0.54.77,2026-02-19 14:01:21,,,417.0.0.54.77,com.instagram.android,Instagram
4b2dee0a-dcd4-45e0-b875-b4cbed83f3c3,Mahi Kumari,https://play-lh.googleusercontent.com/a/ACg8ocKimjdwWRSBe0q1zGGClhjlFzSf-fNCg_mxbN-JSc0OV-tF9A=mo,bad app snapchat good reels,1,0,414.0.0.40.83,2026-02-19 14:00:21,,,414.0.0.40.83,com.instagram.android,Instagram
6988ee1f-f966-43e0-861b-3ed745b4c038,Suraj Kumar,https://play-lh.googleusercontent.com/a-/ALV-UjXPsPdN1HU8qndvBNYC8uc4cFaXa97u4obKt2kMFz6gr3qLHrtzvQ,Nice,5,0,417.0.0.54.77,2026-02-19 13:59:43,,,417.0.0.54.77,com.instagram.android,Instagram
e6dbcb11-35d8-4841-a907-863f66b7b3b2,Dolly Tyagi,https://play-lh.googleusercontent.com/a/ACg8ocLbvTl6GrSpBw_em9HDHv6Ny51By_TS90PbOG6LUcDgC4tyFQ=mo,Good,5,0,,2026-02-19 13:58:42,,,,com.instagram.android,Instagram
e89ed2c4-724b-4932-aafd-f91f33e3e038,Ramani Rajan,https://play-lh.googleusercontent.com/a-/ALV-UjXuDxvjRWWXoC2fizLZgA5DBLiBzasl1hWZFLeqqChsTIycuJ0UtQ,best,5,0,307.0.0.34.111,2026-02-19 13:58:41,,,307.0.0.34.111,com.instagram.android,Instagram
4c9d5a57-e606-4a49-a8ff-d6b4c7bbd331,Hitesh Kakadiya,https://play-lh.googleusercontent.com/a/ACg8ocK7_Z1VrraR973F70rC-OHWX93J_mrg3l2Ux_Ca96QdYrz06-s=mo,nice,5,0,415.1.0.46.76,2026-02-19 13:58:40,,,415.1.0.46.76,com.instagram.android,Instagram
611405d9-2c6b-45ba-b37b-d682d9c2ea9d,Honey Gupta,https://play-lh.googleusercontent.com/a-/ALV-UjUx9c-kaVSKoBB7xuykm1DHrtzJ3n0q4MrTVPmI0UkckNbK8DQ,good,5,0,416.0.0.47.66,2026-02-19 13:58:25,,,416.0.0.47.66,com.instagram.android,Instagram
df09b2a1-3f17-4252-8599-2c309ae8eb03,Tanisha,https://play-lh.googleusercontent.com/a-/ALV-UjWcY8UNCGiPPqHbIIHRuen7x2OjhTaSPMkqk_4suIBhrnvUkL0,Best app for social media marketing and networking,5,0,380.0.0.49.84,2026-02-19 13:58:22,,,380.0.0.49.84,com.instagram.android,Instagram
4ae7a0d3-b2f1-49e8-a19d-317b2cb167ae,Simhadri Gudhi,https://play-lh.googleusercontent.com/a-/ALV-UjW3zXQczhXr-LQZYqj8SM-UcbjgoYz7PWA9JXvZpGu7tERKZB9p,super app,5,0,414.0.0.40.83,2026-02-19 13:58:03,,,414.0.0.40.83,com.instagram.android,Instagram
50052317-6f68-4f9e-b9a4-a684b5c50860,my zubir,https://play-lh.googleusercontent.com/a/ACg8ocLyj-JCc98aOjWNIP5SNvOkbk87JTrUdKJfqC4Vc3ZElT7uPw=mo,"no one can argue that this platform is probably the best in terms of communication and content. For myself to limit screen time, I switched on notification function, when the app warn me that I spend more than I wanted 1 hour, 2 hours, etc.",5,0,258.1.0.26.100,2026-02-19 13:56:13,,,258.1.0.26.100,com.instagram.android,Instagram
3cd2f270-fbfa-4a65-bec1-4acd977e935d,Avi Rajput,https://play-lh.googleusercontent.com/a/ACg8ocJfom7z4IqyC32-SOroyrFlDp6PMxnf317Rl4s_oD5o-Wn0Rg=mo,All time Favorite.Time pass and Study good 💯,5,0,,2026-02-19 16:07:17,,,,com.facebook.katana,Facebook
674032f5-c428-443c-89c9-dd71ac0b35fe,Heather Lou Rippons,https://play-lh.googleusercontent.com/a-/ALV-UjUNhvRYw1aL2p7VNWqD7Njd8s7RAZbNxfmWl_fTc6M8TMkOrD6i,"I have to give u guys 4 stars bc u were one of the beginners following Myspace, of course...(how could we forget🙄🤦)🤫... but on the 4th day the Lord created FB and HE saw that it was good😊. Reunited with some old buddies,, yay! Some doing spectacular, some not so good. Some had gone extinct. I'll always love you,Facebook!😘 Don't you ever let these unfaithful followers make you as bitter as them. Remember, I'm here for the long haul, gang! 💘...😁 muah😘!",4,0,548.1.0.51.64,2026-02-19 16:05:50,,,548.1.0.51.64,com.facebook.katana,Facebook
08e6001b-61b8-4d57-9785-06f381374558,sinha king 143,https://play-lh.googleusercontent.com/a-/ALV-UjXy852uuzQjn-9pzJz-KJMSHaqTn3jtq_S7xTWRWhIW3lkImKKdBQ,time pass,5,0,548.1.0.51.64,2026-02-19 16:04:56,,,548.1.0.51.64,com.facebook.katana,Facebook
e55009b8-77de-4a86-87f2-a55c3bdd844b,Antonia Warr,https://play-lh.googleusercontent.com/a-/ALV-UjVmBz_YlnTbIAwxdz_1LGSD-4Mhi9EuL3q1cT58efJFXX7M5MSp,"keep getting charged for stuff that I cannot unsubscribe from, there is no way to contact Yous, as Ai or 'general questions' is our only opportunity to find an answer. I sent multiple request of help, no respond. how to I find the unsubscribe page as an android user?",1,0,,2026-02-19 16:04:26,,,,com.facebook.katana,Facebook
984fc749-2189-489d-a449-9c51accdaa94,Awanish Rai,https://play-lh.googleusercontent.com/a-/ALV-UjUpAErsDI3SJRqk53OjgB9m-Wppfo56ctPUcdD1ELE2Srxduncw,very good,4,0,545.0.0.43.63,2026-02-19 16:02:16,,,545.0.0.43.63,com.facebook.katana,Facebook
b11c3a3e-5130-45c7-a556-2831c4b57737,Ansar Iqbal,https://play-lh.googleusercontent.com/a-/ALV-UjWB90rzs0j7ALZVkQ9oczLJbyslXYBuV0bNXXFQk9e_vnDt00t4Tg,😊,5,1,514.0.0.65.72,2026-02-19 16:01:57,,,514.0.0.65.72,com.facebook.katana,Facebook
69075043-0c43-4ce6-8bbc-ea30bfc0fa2a,Official email BTS,https://play-lh.googleusercontent.com/a-/ALV-UjXZpJaG3Nu0A4FKApgcQBl6C40JhUauMqcqw6uw9VwJG_9_F7Np,good,5,0,544.0.0.42.272,2026-02-19 16:00:37,,,544.0.0.42.272,com.facebook.katana,Facebook
e8ad47bd-b419-4601-a328-d87b579fea4e,Patrick Maposa,https://play-lh.googleusercontent.com/a/ACg8ocKsO0p-3SVR3YNdJLEyZJu8hc33prqSGsPuyL_2wDg-ZyTf2V0=mo,outstanding,5,0,548.1.0.51.64,2026-02-19 15:59:31,,,548.1.0.51.64,com.facebook.katana,Facebook
adb9fab4-e1a4-49bd-8772-9d4b2516e00d,Pandit Bhoye,https://play-lh.googleusercontent.com/a/ACg8ocLYIH6AzA7EJzxm3Q-LeNq4rkttdHDoItXGn_KHveiY4Decfg=mo,good 😊,5,0,544.0.0.42.272,2026-02-19 15:56:51,,,544.0.0.42.272,com.facebook.katana,Facebook
1fdf59d0-d323-408e-b5e8-c814edbf7acc,Debbie Ricciardi,https://play-lh.googleusercontent.com/a/ACg8ocLxZXDwKybsSdGXCk7tkh32u5XRTW5nTFUHwz1heC67qvBvzFqi=mo,not happy!,1,0,548.1.0.51.64,2026-02-19 15:53:50,,,548.1.0.51.64,com.facebook.katana,Facebook
29ec09cf-34df-4036-aba8-81d35ca0913d,Aklesh yadav,https://play-lh.googleusercontent.com/a-/ALV-UjVqIcxo3wwfTVN6bslKe73w9vDXyo_d4_djv9blcSJSQkC64gsOOA,very nice,3,0,548.1.0.51.64,2026-02-19 15:53:46,,,548.1.0.51.64,com.facebook.katana,Facebook
c19f9b2a-c9ff-417f-a650-d4ec80eb60ea,Sandeep Tondwalkar,https://play-lh.googleusercontent.com/a-/ALV-UjUhrIEDO5GOdAL9ij_eqb-TjNuUbk8nRU-wA4Z2jesJgAfahkZPrA,new app,5,0,547.0.0.41.68,2026-02-19 15:53:21,,,547.0.0.41.68,com.facebook.katana,Facebook
7307ff63-180a-44c4-b1e6-e3dc9cc4b282,Sharif bravi,https://play-lh.googleusercontent.com/a-/ALV-UjVjbCVwEBkmO6pDyQSPqqUaMQppCzDmfDWpQpFbjtZt1wDPMcg,good,5,0,,2026-02-19 15:51:17,,,,com.facebook.katana,Facebook
a6ddd4c8-a4b5-45ba-89e1-c5503dd12db8,Paquito Artesano,https://play-lh.googleusercontent.com/a-/ALV-UjUpKz8o1TrOL8_4f-P1uVOaJsUtMHndHVNRNGFunlBxbDHdMILb,good,5,0,462.0.0.47.85,2026-02-19 15:50:57,,,462.0.0.47.85,com.facebook.katana,Facebook
3d00262c-7dae-4ed5-9e39-f62001d9586c,Muhammad Abdullah,https://play-lh.googleusercontent.com/a/ACg8ocLlIOkdLIu7XiFVv1BQiWCv036ZfDpVBp3flTwuE3_fjqLk0g=mo,I can't call with anyone because it says update your app. Anyway I reinstalled it and then I downloaded the app again but still not fixed my call error,1,0,436.0.0.35.101,2026-02-19 15:50:10,,,436.0.0.35.101,com.facebook.katana,Facebook
f550df79-938a-4ac6-b873-7cfae4791f71,Pritam Das,https://play-lh.googleusercontent.com/a-/ALV-UjWklqnCdofL8adezKVGdr5kl3xOV8Bt9xq6UDPFe5P1v3T7Bfq-,good,5,0,548.1.0.51.64,2026-02-19 15:49:49,,,548.1.0.51.64,com.facebook.katana,Facebook
0ab8c457-71d6-4d4b-8348-56c954942090,Brutus Thelion,https://play-lh.googleusercontent.com/a-/ALV-UjWM3pNZoVTvMIBqpjOGKIrM-7MKdmsqK2Zsq0jrm-QC9LvVJfyL,"eh, censorship has has ruined this app",1,0,548.1.0.51.64,2026-02-19 15:46:13,,,548.1.0.51.64,com.facebook.katana,Facebook
a5fb848b-3c47-47c5-b6b5-61c160181e48,Mary Mae Polintan,https://play-lh.googleusercontent.com/a/ACg8ocJtkIMvZY53gtxim34Q96bEvLuvsHoaLicr8PqFKV9U_5KI_5OQ=mo,so bad,1,0,548.1.0.51.64,2026-02-19 15:45:24,,,548.1.0.51.64,com.facebook.katana,Facebook
b9b2fe1a-9602-4093-a801-164c6849c80a,Md Azizul islam,https://play-lh.googleusercontent.com/a/ACg8ocI-mS9u4wlAVGOaTCpxnHAKyhKi9s2Y1RIyCsoPs766jlRF-A=mo,গুড,5,0,548.1.0.51.64,2026-02-19 15:44:58,,,548.1.0.51.64,com.facebook.katana,Facebook
c44ca372-ddc7-4ad2-931b-b58ab9ca673e,Rajib Ahmed,https://play-lh.googleusercontent.com/a/ACg8ocJN2wXp4DNkyBVglvB2XfxNVlb6Ue0JF1evOV1JEUXfY8gyhQ=mo,good 💯,5,0,547.0.0.41.68,2026-02-19 15:43:36,,,547.0.0.41.68,com.facebook.katana,Facebook
056029ac-9f33-45a7-9800-3811429d1ff6,Zikri Aiman,https://play-lh.googleusercontent.com/a-/ALV-UjUnxuNdBLqw28_pfTdo8FuSaJz93hO4ITLTjFcHIVcPlG-EaZlD,a lot of ad,1,0,548.1.0.51.64,2026-02-19 15:41:32,,,548.1.0.51.64,com.facebook.katana,Facebook
7f4037a0-1884-474c-b5ad-50e4b966eabf,Katiana Sam,https://play-lh.googleusercontent.com/a/ACg8ocKpFkYhU3yWQFnRRyR1ScK3gqv-KgJo4mFLd2o2P7Gg5knu=mo,i really enjoyed this app,5,0,,2026-02-19 15:37:40,,,,com.facebook.katana,Facebook
b01ea264-ac5d-41fc-811d-50e6a1cd16f8,Mohamed Rafiq,https://play-lh.googleusercontent.com/a-/ALV-UjWK2busgAfSItXRFzNupWBOaqXE-1qMZqpOt_DWsMvX4EYqJ1CX,"Facebook is very useful for communication, business promotion, and staying informed. If used wisely and not excessively, it can be a powerful tool for personal and professional growth.",5,0,548.1.0.51.64,2026-02-19 15:37:34,,,548.1.0.51.64,com.facebook.katana,Facebook
06d76391-4199-4c31-9e68-41e86f9a8958,Md Khairul Islam,https://play-lh.googleusercontent.com/a/ACg8ocKP71JYArbejy9TUJ1N7faA3GGOqUINDU_hCNpMi7v9EVm54w=mo,nice,4,0,531.0.0.47.70,2026-02-19 15:36:39,,,531.0.0.47.70,com.facebook.katana,Facebook
acc569c7-4344-48bd-8ad4-d58ee0fb0157,robert tirel,https://play-lh.googleusercontent.com/a/ACg8ocIJZgtNcb-w7RdSZvqUK7dXgmAnQnRjMjagHxyLURjfH4i1gQ=mo,Good,5,0,548.1.0.51.64,2026-02-19 15:36:19,,,548.1.0.51.64,com.facebook.katana,Facebook
0abd6a49-554d-4c75-b0f0-48a419f89d0e,Keith Mackintosh,https://play-lh.googleusercontent.com/a/ACg8ocJxU4uKxUMGAzA-RT1rzH_YjlsaWxfdFnP4_LEujSGv01YU2g=mo,bloody smashing,5,0,546.0.0.42.66,2026-02-19 15:35:44,,,546.0.0.42.66,com.facebook.katana,Facebook
0f216182-0400-46d6-82d0-ab3e157bf77a,Tahir ali Khaskheli,https://play-lh.googleusercontent.com/a-/ALV-UjUSbqyjCjnKwYRm2-vw-ZLqtdJfbwmLwmg-LBGQK3rlGXZgFr4,nice,5,0,548.1.0.51.64,2026-02-19 15:35:44,,,548.1.0.51.64,com.facebook.katana,Facebook
b9f39ecf-0036-45eb-8511-4a856934ded0,Robin R Cushman,https://play-lh.googleusercontent.com/a/ACg8ocI-3ZS4W6A-dfBe_KxktSnp79_5rUyeHqDVXsnf_HA5WDUM_A=mo,it's great to hear fun loving music that comes from the soul when played! 💕,5,0,543.0.0.55.73,2026-02-19 15:33:52,,,543.0.0.55.73,com.facebook.katana,Facebook
798b99b7-713b-40ed-9260-182bc638fcb1,Stephen Hall,https://play-lh.googleusercontent.com/a-/ALV-UjXsCy_EyrgFAAjPBLzqCW6J-oby-uANhQyEMakOmH6pLhCi2WAm,"Home page not updating feed, it always shows the same 4 posts. Algorithum feels broken.",2,4,548.1.0.51.64,2026-02-19 15:33:35,,,548.1.0.51.64,com.facebook.katana,Facebook
c893fd06-a99d-43c5-9ce2-29cdb9bb7d4d,Sione Manu,https://play-lh.googleusercontent.com/a/ACg8ocLyuIb70liUn64wRCNb2C7cQqPmUp9sYIZZ0i07rHfs9Iwsuw=mo,keeps glitching,1,0,548.1.0.51.64,2026-02-19 15:33:31,,,548.1.0.51.64,com.facebook.katana,Facebook
b0a6c791-5deb-46f7-b54d-96f716eea700,Smith Scott,https://play-lh.googleusercontent.com/a/ACg8ocIAlOBAQrkB0-Kblc30fUN0lE1qFLZSLm-78ZsXyM6OeiKF=mo,the app is very slow,1,1,545.0.0.43.63,2026-02-19 15:33:15,,,545.0.0.43.63,com.facebook.katana,Facebook
4c04ce0c-3878-412e-95a2-0aa2b720475c,Msd Sujon,https://play-lh.googleusercontent.com/a/ACg8ocK7L5u5QlC9ReJTKyiXr2Z1IkHaomK1jdcZYF-Irvz7CD4vdQ=mo,like,5,0,548.1.0.51.64,2026-02-19 15:32:36,,,548.1.0.51.64,com.facebook.katana,Facebook
f2af29f8-4205-4881-9b8b-d763770d6e9f,Suvash Das,https://play-lh.googleusercontent.com/a/ACg8ocJqof585gkXTluIn8aWoe3JfwLfW1GDL3oYD10SJNVMAAh60Q=mo,nice,5,0,548.1.0.51.64,2026-02-19 15:30:42,,,548.1.0.51.64,com.facebook.katana,Facebook
de263d2e-4255-471c-b50c-7ea90c1684e0,Ariflislam Chaudhari,https://play-lh.googleusercontent.com/a-/ALV-UjXotckkSRPYsCx5NC8Ba8wJwIv6nZRdrDz6KZ_AIWRB1-uByalU,❤️❤️❤️❤️,5,0,548.1.0.51.64,2026-02-19 15:30:39,,,548.1.0.51.64,com.facebook.katana,Facebook
240390af-717a-4597-9d02-c6cd49205628,Dolan Das,https://play-lh.googleusercontent.com/a-/ALV-UjWpw5mWH9eJP1Xf-8nLAnbn9AagZM40qSvKc_E38oJRV772SZ7_,nice,5,0,,2026-02-19 15:30:32,,,,com.facebook.katana,Facebook
b3eae306-bea1-4036-b698-3e022e85437d,Pranjal Saikia,https://play-lh.googleusercontent.com/a-/ALV-UjX-bHuDaBIpVE6gpuraAp0ZTHMPz3kLNVJdDm_QbBChwIwvQJYu,"From few days a music is started when open the facebook app, even not playing any reels or videos. (Not playing any background music) its Still playing music when back to main Facebook page. Please resolve this issue. Email me when it was done",2,0,548.1.0.51.64,2026-02-19 15:29:44,,,548.1.0.51.64,com.facebook.katana,Facebook
33050b95-413f-4261-947d-013b8c9660f8,Kozawmin Kozawmin,https://play-lh.googleusercontent.com/a/ACg8ocJoveac80jOxF_Jyxwtz0GqWSznm0bbsgJGAWVFqbDds8bXDw=mo,please....,5,0,,2026-02-19 15:29:26,,,,com.facebook.katana,Facebook
8795b658-b733-4f72-912d-13cc4b9122dc,Matthew Romano,https://play-lh.googleusercontent.com/a-/ALV-UjVIlyz9UZ53TXjGON64GCbUi935Uq-Q3lBVh8N9n9ZD1zLLSnCN,Just a bunch of drama,2,0,547.0.0.41.68,2026-02-19 15:28:08,,,547.0.0.41.68,com.facebook.katana,Facebook
65d98155-4720-452d-97e8-dd07d3ef6cbb,Sage Bliss,https://play-lh.googleusercontent.com/a/ACg8ocInnVFgOrw3326THXR54_xjO8DTS4egxbgrz6eYT7EGOycBNA=mo,"Lots to be said , I don't think I will go there . I'll leave that to the folks using the app . Life's memorable experiences and lots of other interesting things, people and Images, Videos ,Posts, and Adorable animals.",5,0,,2026-02-19 15:27:48,,,,com.facebook.katana,Facebook
f233c170-6bf6-4e16-b999-8827633e0537,AKINOLA AYODELE,https://play-lh.googleusercontent.com/a/ACg8ocIz1xBiJcoDod532hc27L9DRQfDBDk8rPf6r9VCPxze8Rh-YA=mo,A good app but my messages are not sending.,2,0,546.0.0.42.66,2026-02-19 15:27:17,,,546.0.0.42.66,com.facebook.katana,Facebook
d0197355-ccf1-4311-9190-6c778075522b,Roshan Kumar,https://play-lh.googleusercontent.com/a-/ALV-UjV6iJY_6V3N6ImSpmDl2_ncZJ5P3CBzoVKrkRxvKDWMHVpHAiHQ,good,5,0,,2026-02-19 15:25:44,,,,com.facebook.katana,Facebook
cab49608-f0b2-4c69-add0-934ea0c7a42a,Md Jahangir Bokhs,https://play-lh.googleusercontent.com/a-/ALV-UjWhroVlnzKjHD4OS9-yFcTwx2SnhlGjkHHhNRp-sEowTvAOhEID3Q,Helpful,5,168,548.0.0.42.64,2026-02-19 15:24:44,,,548.0.0.42.64,com.facebook.katana,Facebook
63ff53e1-bf7b-48e4-8b64-b3777da2567e,Asif Asifkhan,https://play-lh.googleusercontent.com/a/ACg8ocKAgdbrUDdRW-KpgTcxEU2S4Y2Fn4XORhJoSbjzV_JpJ9OPJw=mo,Good Facebook very nice and information site nice,5,0,548.1.0.51.64,2026-02-19 15:24:25,,,548.1.0.51.64,com.facebook.katana,Facebook
e2b5659d-57a3-4899-8850-54d6c8307454,Aaish,https://play-lh.googleusercontent.com/a/ACg8ocKI8LJbvFgs5LnI5VNNHjoVVADTLDKg8goCJaLyvq1OwJcn=mo,nice,5,0,548.1.0.51.64,2026-02-19 15:22:07,,,548.1.0.51.64,com.facebook.katana,Facebook
d7f6e25e-d373-47fd-a50b-f70b56dc9181,Khan Khan,https://play-lh.googleusercontent.com/a/ACg8ocJj_nilsU22tKmIawsTG4Fz_U2Nk_1QPjtiVDg3iU67UYKh6Q=mo,❤️,1,0,546.0.0.42.66,2026-02-19 15:21:56,,,546.0.0.42.66,com.facebook.katana,Facebook
099a2890-aecd-4d30-b22b-65a810127c93,Imran Rana,https://play-lh.googleusercontent.com/a/ACg8ocKmTTkLW388RDt6kBUeFnzcsbil9zdVYqGEMU9B4PKqEkhqzA=mo,very good 😊,5,0,,2026-02-19 15:21:47,,,,com.facebook.katana,Facebook
b163d581-25bb-47c2-8d2a-640d8df774f7,Nur Afiah,https://play-lh.googleusercontent.com/a-/ALV-UjWvWWuTAOHV6XOK86hsfxjwa3hYfSI7TdnV2_odA0MsvwYGOcbPDA,"I love this app as it allows us to communicate with family, friends, and strangers all around the world.",5,0,,2026-02-19 15:21:33,,,,com.facebook.katana,Facebook
314d786e-6b6e-4252-a269-a6026535e87e,Ankit Nishad,https://play-lh.googleusercontent.com/a/ACg8ocKXT92-8KTFyiNelPWabpbBF_Wn-b5weG4uUJoBAESRE5e1Eg=mo,ID loging karane me problem ho rha hai,5,0,548.1.0.51.64,2026-02-19 15:21:20,,,548.1.0.51.64,com.facebook.katana,Facebook
a2a57313-b860-4285-889d-b6d84a48e47f,Haydar Ahmed,https://play-lh.googleusercontent.com/a/ACg8ocJSg751HahA7Rxnoy14B-7xP3jQ0EZWRtO8L8Zy95JtK0iwnQ=mo,Good,5,0,548.1.0.51.64,2026-02-19 15:20:59,,,548.1.0.51.64,com.facebook.katana,Facebook
76fb5dcf-86e8-40b6-ab92-123fcfd63056,Lesana Apple lesana,https://play-lh.googleusercontent.com/a/ACg8ocIEFI-ier64PlGXrCJCtvhK60rHM6oLxCmG2URiS5dkaPZOmQ=mo,very good,5,0,,2026-02-19 15:17:23,,,,com.facebook.katana,Facebook
69b24d4f-c6b8-4aba-9496-50b0427ea1a3,Whshd,https://play-lh.googleusercontent.com/a/ACg8ocI8lECfaOp4Zg7469-N01KmaRUI9KTCz4d95byt-fBUAGbhqA=mo,Your time limit notifs are annoying,1,0,,2026-02-19 15:15:43,,,,com.facebook.katana,Facebook
cef05b3b-1060-4087-b124-a233f7f620dd,Pp Pp,https://play-lh.googleusercontent.com/a/ACg8ocLmCfQmKf-SGSmkhsNOcyMH6BDx_snewSqdRzDSQaefH-kSow=mo,Good,5,0,548.1.0.51.64,2026-02-19 15:12:51,,,548.1.0.51.64,com.facebook.katana,Facebook
b4f19adc-fb7a-483b-af9e-c9f1047b4add,Sagarika Bose,https://play-lh.googleusercontent.com/a-/ALV-UjWiGgj6p3-KbNQHK0OnKDgplcLBhfuFaHG0lZEW3EqK_xm2TLXF,nice,5,0,548.1.0.51.64,2026-02-19 15:12:39,,,548.1.0.51.64,com.facebook.katana,Facebook
0d319c4f-36b8-473d-9a8d-7b5ba45f7d02,dhiraj Tiwari,https://play-lh.googleusercontent.com/a/ACg8ocISdVnRkjpY45wROlfuVuwyUr_fK1gRUnKl9rJLpTxU-iweeA=mo,good 💯,5,0,548.1.0.51.64,2026-02-19 15:12:27,,,548.1.0.51.64,com.facebook.katana,Facebook
bc14bb20-eb69-4c99-919b-c92ed33ccdee,Md opu,https://play-lh.googleusercontent.com/a-/ALV-UjXtEJnRAxaSv3pjxZ4fTkSPHPJbgaOKDV14u1Jk8QyyMxBlhWo,good,5,0,548.1.0.51.64,2026-02-19 15:12:02,,,548.1.0.51.64,com.facebook.katana,Facebook
1d65f2e8-4aa8-4147-9017-e5ff02e03659,Siam Hossain,https://play-lh.googleusercontent.com/a-/ALV-UjV5e0TqlD8rIyW75pRt_refvSywKmx7f2dH1kc-pOALjhaE80M,good,5,0,548.1.0.51.64,2026-02-19 15:10:34,,,548.1.0.51.64,com.facebook.katana,Facebook
ce8da19f-9c75-438f-a217-0e2b41fddf0d,Ibrahim Ambale,https://play-lh.googleusercontent.com/a-/ALV-UjVA_iuBhfv01gM373m80BCF8Zf8vxJqD1Wud_GCB4hNOd7OdOtRKA,A good plattform to engage with people across the globe.,5,0,548.1.0.51.64,2026-02-19 15:09:51,,,548.1.0.51.64,com.facebook.katana,Facebook
0e36117e-aeaa-4526-98ce-2af3e44a38ab,Selzio Simone Chunguane,https://play-lh.googleusercontent.com/a/ACg8ocK-DtNcazABNCZNOCeZ19ZEYaVXP-_r-rUxzD97G5S9uD_qPQ=mo,nice one 👍 👌 👏,5,0,,2026-02-19 15:07:25,,,,com.facebook.katana,Facebook
91ef8f9e-e8b1-4fcb-a0a0-40ce353552c6,Lenlen Delacruz,https://play-lh.googleusercontent.com/a/ACg8ocKNkxAaeVCllKz2fSscASATBz9pM2C1jGRZovS9hvg8D5960Aw=mo,"Facebook's community is very strict now, only shared posts are immediately restricted, your account is not like before, you will be restricted if you post nudes or whatsoever harmful. Very disappointed to the new meta. mu account was recently been disabled due to an unknown reason or violation. no warning no notification whatsoever just directly disabled. how can I appeal to this matter if you won't give me an appeal button?",1,0,546.0.0.42.66,2026-02-19 15:07:19,,,546.0.0.42.66,com.facebook.katana,Facebook
ebe26c3d-a414-4af9-909b-51ef9f3b792c,Nazifa Tasnim,https://play-lh.googleusercontent.com/a/ACg8ocKe8dVWV-G8KBCzk5FBnBlJqiOXl6yJoobU8c4l-T4ozwOsmGI=mo,"Sometimes it says ""you are already caught up""",2,0,548.1.0.51.64,2026-02-19 15:04:43,,,548.1.0.51.64,com.facebook.katana,Facebook
f7590886-058f-46b8-9e0a-97fea7c72642,Naushad Khan,https://play-lh.googleusercontent.com/a/ACg8ocIanETAmXh6lbPCiSpbZ5AbVa7eEApncdKs0IF2-x9nMps5bQ=mo,Nice app 👍,2,0,548.1.0.51.64,2026-02-19 15:03:16,,,548.1.0.51.64,com.facebook.katana,Facebook
fbf9a062-e752-40d8-842b-5eeb899f5cd2,MUHAMMAD ANWAR HOSSAIN,https://play-lh.googleusercontent.com/a-/ALV-UjUrgw4VZjNZOmNBHwwNw18FHywUEtyNqroT71D4jhMy_3ftvgx-,Well to make social relation.,5,0,487.1.0.74.74,2026-02-19 15:02:15,,,487.1.0.74.74,com.facebook.katana,Facebook
c8fe4b1f-9354-4a2b-81cc-9665de1e0dee,sandpo Tgaty,https://play-lh.googleusercontent.com/a/ACg8ocLAVyXiBslUhfc6ANDuPH0MiwfSM-X5-YVQNz2Z7ldabbPJ2w=mo,😡,1,0,,2026-02-19 14:59:13,,,,com.facebook.katana,Facebook
6000c5b9-247e-4c2d-ad69-761dadaba6fb,Rajveer Kumar,https://play-lh.googleusercontent.com/a-/ALV-UjWeJ7HjS9_XiEF6XBilDa6hZ8BPUHeMe2aW90UXsLaY0XRkB1v8,supper,5,0,543.0.0.55.73,2026-02-19 14:58:47,,,543.0.0.55.73,com.facebook.katana,Facebook
f4cf4446-e20d-4a0f-b8ef-4121f4257746,chandrasekhar kca,https://play-lh.googleusercontent.com/a/ACg8ocKl7X-MaLk_d6XumZ0XYRWRF3KsheoKpB3JPuKqb_WUerp4UQ=mo,i have some knowledge and entertainment,5,0,546.0.0.42.66,2026-02-19 14:57:44,,,546.0.0.42.66,com.facebook.katana,Facebook
8dba74f2-8fb1-4fcb-bc69-48d022b13172,Shaik Yousuf,https://play-lh.googleusercontent.com/a/ACg8ocLKprvhuZnWzz36HUrirygIFnA3RHiwfcSo0YYvVyflGqHnzw=mo,like it🤩,5,0,543.0.0.55.73,2026-02-19 14:57:01,,,543.0.0.55.73,com.facebook.katana,Facebook
55d6c74c-44ff-4b52-a464-285b4be848bb,Monoj Patra,https://play-lh.googleusercontent.com/a/ACg8ocKy6im_ULxSeTYajfFviodm2HGaGI_MDmEI37ZphVZwUE8sGQ=mo,good,1,0,533.0.0.49.79,2026-02-19 14:56:00,,,533.0.0.49.79,com.facebook.katana,Facebook
be1191e0-c130-4110-89ab-dea85484cdbf,Saboor Kakar,https://play-lh.googleusercontent.com/a/ACg8ocKaoq_Z0cewCSgvPKhbQW9H9CAmUnzs1JB8NrYFlyPvDdeWfw=mo,Facebook 👍👍,5,0,546.0.0.42.66,2026-02-19 14:53:46,,,546.0.0.42.66,com.facebook.katana,Facebook
b19fa131-518c-4cb4-8dc3-79d09a59cbab,Darwin Amido,https://play-lh.googleusercontent.com/a/ACg8ocJKtcvjC3Axx6jgo-VWMwsjVPUFkVMaGnINWoErAtYDBeqesg=mo,Beautiful 🥰 🥰,5,0,548.1.0.51.64,2026-02-19 14:53:33,,,548.1.0.51.64,com.facebook.katana,Facebook
4fd85ddb-9bab-475e-9ca3-ed24f7e008a0,Lalti ji Mam,https://play-lh.googleusercontent.com/a/ACg8ocKRJjGasI3x8RTm6Qq6tNKYvCowa3VKWuSrpWAOv0UqGQ5IiQ=mo,super platform for like comment share with grow fast,5,0,,2026-02-19 14:53:08,,,,com.facebook.katana,Facebook
2f82a95a-329b-4265-bd0a-370633a14c81,Miya Bhai,https://play-lh.googleusercontent.com/a/ACg8ocJL9sOMq6pts3J6vEnS3mjk2USckqD8iDKVJPJ8p3mTtrlVng=mo,lovely,5,0,,2026-02-19 14:53:05,,,,com.facebook.katana,Facebook
01fa425e-2486-4c56-9de8-8e2f464cb561,Kathleen Pajo,https://play-lh.googleusercontent.com/a/ACg8ocKEryo2nxdKYetbCjulU9rbPiprisR4hAWg6eGLmY8ThhVw9Q=mo,it's very useful app,5,0,547.0.0.41.68,2026-02-19 14:49:19,,,547.0.0.41.68,com.facebook.katana,Facebook
508b8864-79e2-4138-bddf-d4d5fc18499a,Subham Dhar,https://play-lh.googleusercontent.com/a-/ALV-UjU54DMNJLtrikf3IqmR66rdJHkUZV5ei0dwTGV0hXmNQdl5RiI,so bad 😞,1,0,,2026-02-19 14:47:09,,,,com.facebook.katana,Facebook
c429df0e-39f7-49e1-a052-643511b420b3,Kline Weast,https://play-lh.googleusercontent.com/a/ACg8ocLTxQl7ARY55FK4hyM9hgEHtIKSi4mrVIW90yXDUN2mmUGEfA=mo,I love you face book,5,0,,2026-02-19 14:45:16,,,,com.facebook.katana,Facebook
0c50acc3-79c4-4a2b-b9e2-78420216bd3c,MUHAMMAD AFFAN,https://play-lh.googleusercontent.com/a/ACg8ocJHNyP6hbjZCJamBdWM6LFr_4h93FGtWZHlUfAKJQRkiewntjOD=mo,Great for staying connected with family and community groups. The interface is familiar and easy to navigate. I'm can save memories photo,5,0,548.1.0.51.64,2026-02-19 14:44:51,,,548.1.0.51.64,com.facebook.katana,Facebook
cdc5b420-da5d-4fe8-a361-a3bf14ca370d,Sohan Singh,https://play-lh.googleusercontent.com/a-/ALV-UjXTqpNA9YlrSummCAEcbTnYMiWnl95M0Ms-Y1F3jGTxAC0WOzKmiw,Awwssommeesss,5,0,547.0.0.41.68,2026-02-19 14:43:53,,,547.0.0.41.68,com.facebook.katana,Facebook
8f32a3f9-2711-4657-84b1-7928ee42d780,Bharat Singh Damor,https://play-lh.googleusercontent.com/a/ACg8ocK2xh3chRDoACOrlnKE6yt8nKwCy3KkcWAen0frPgmbw5IAGg=mo,supar,5,0,548.1.0.51.64,2026-02-19 14:43:50,,,548.1.0.51.64,com.facebook.katana,Facebook
777a11bb-16f5-463a-90c5-180f0f8ff572,Myo Thu,https://play-lh.googleusercontent.com/a/ACg8ocKHhapylsETnrPEN3oxGGd4A9cMPWrjamNDGshJcRtyQuH3=mo,goor,5,0,548.1.0.51.64,2026-02-19 14:43:45,,,548.1.0.51.64,com.facebook.katana,Facebook
8e4ba2e3-3d1e-451a-a2f7-cc5df1331eb6,ProBoiz56,https://play-lh.googleusercontent.com/a-/ALV-UjVaQduOZrvIyg3q19akjfjuwrgX1NcBO__FUj0kPHUERPuetuU,please make download button,3,0,548.1.0.51.64,2026-02-19 14:42:59,,,548.1.0.51.64,com.facebook.katana,Facebook
3e0f116a-7f99-499b-b0cd-0ba6884b28a8,Harish Poojary,https://play-lh.googleusercontent.com/a-/ALV-UjURGQKhU6etf6G0BV_bZ2jxLMw2tw3SbWyI_ZnVxhC2nk2p9Vol,😍😍😍,5,0,548.1.0.51.64,2026-02-19 14:42:19,,,548.1.0.51.64,com.facebook.katana,Facebook
c34ed3dd-1f1e-4f8b-9432-5516f4ce3709,Roji Pramanik,https://play-lh.googleusercontent.com/a/ACg8ocI5UHreaSa8phcCxgXQuawHUjxjoVMGDlsXjXRAp9-jekVy2g=mo,very nice,5,0,548.1.0.51.64,2026-02-19 14:40:39,,,548.1.0.51.64,com.facebook.katana,Facebook
0a14f39a-4373-4bbc-b1f2-06fa349cd19e,Suman Poddar,https://play-lh.googleusercontent.com/a/ACg8ocL7OdlGaOnIvjeqh-fryskbmw8Zmamj2ds0RJa_Y2Cz4gjhfw=mo,good,5,0,,2026-02-19 14:38:46,,,,com.facebook.katana,Facebook
4e74715a-5039-4017-95d0-40ee382a45c7,Bilal Haider,https://play-lh.googleusercontent.com/a-/ALV-UjVB4qLTEzZbNp2xngIX_uvExlAfI7fRJjZ_S6TL-3ZEOXH1CzJoag,my Facebook is not active in some issue,1,0,547.0.0.41.68,2026-02-19 14:37:45,,,547.0.0.41.68,com.facebook.katana,Facebook
1b14f4e5-649f-42d0-9f2b-5b1b85bba7e3,Kukheswar Konwar,https://play-lh.googleusercontent.com/a-/ALV-UjVATIuPFpe_Y5HYS6pCc4tZi0uf7kaoUBu6-rqWDAB-L-Rhax4,Very good,4,0,,2026-02-19 14:36:06,,,,com.facebook.katana,Facebook
c5e1b13c-232d-4d1b-83aa-9d8a15c044bf,Muhammad Amir,https://play-lh.googleusercontent.com/a/ACg8ocJXCTmNC0nqfczqT5jMOcERldRQs4Bet4omQb1gGm6cNwp4yQ=mo,so good,5,0,547.0.0.41.68,2026-02-19 14:35:38,,,547.0.0.41.68,com.facebook.katana,Facebook
8ace5a51-55c4-4abc-9638-a4c17811266d,SP Advisor Co.,https://play-lh.googleusercontent.com/a-/ALV-UjV9eh52AAU9yXU_J-7Z6J29flbmXo_RuvrCMOgYneFJNalC4Xs,Nice,5,0,,2026-02-19 14:33:55,,,,com.facebook.katana,Facebook
48387273-eb33-4107-a546-31df987dd71a,Anghat Sangma,https://play-lh.googleusercontent.com/a/ACg8ocKvFp0I2n705Bn2Inc81k6s64eSICL_9Tpi2pSWFVxki6wXyA=mo,nice,5,0,544.0.0.42.272,2026-02-19 14:32:12,,,544.0.0.42.272,com.facebook.katana,Facebook
74437f76-e2b2-4f08-a711-f37334e07775,Sanjay Kumar,https://play-lh.googleusercontent.com/a-/ALV-UjVRHYdpyoyset-Jn2cEHn54gIFnKe4FrqZ2zQUvxf5l1pJoIO5a,very good,5,0,,2026-02-19 14:30:21,,,,com.facebook.katana,Facebook
99e073ff-110b-45a7-b704-7f36a31a0104,FarHan ForHad,https://play-lh.googleusercontent.com/a-/ALV-UjXMvEtt17Cfy5BJKCkaGHnZ8YlcW_2wiDQ8CzlR_flRgRS0iWn4,it's ok good for use,3,0,547.0.0.41.68,2026-02-19 14:30:16,,,547.0.0.41.68,com.facebook.katana,Facebook
18a770d0-46af-421c-892f-a6ace09fa5eb,Fatima Zulfiqar,https://play-lh.googleusercontent.com/a/ACg8ocI9ActhpAiGuAhIXmptuzcYI6saJdh3K6kmo1gLT_zebevL3A=mo,very nice,5,0,548.1.0.51.64,2026-02-19 14:30:08,,,548.1.0.51.64,com.facebook.katana,Facebook
e967be03-112e-4448-92fc-3fd7c8c527ad,Noor OBENZA,https://play-lh.googleusercontent.com/a/ACg8ocKblIR15E5vJuj0L19oVlcCG5eo0Bm7lszZi5Qz8OYdHrcT0g=mo,Great,5,0,543.0.0.55.73,2026-02-19 14:26:29,,,543.0.0.55.73,com.facebook.katana,Facebook
ea468430-1e51-4e68-9c1e-dc7756840c2c,RONI SANTRA,https://play-lh.googleusercontent.com/a-/ALV-UjWPGoHxlxveLgqG9HjLj5s03lc83u7MWnD9gElwcVC-v_Dm_oCg,Social media 👑,5,0,547.0.0.41.68,2026-02-19 14:24:33,,,547.0.0.41.68,com.facebook.katana,Facebook
bd3e9cc5-ab73-435b-b190-dfefd56f1f32,Tonmoy Khan,https://play-lh.googleusercontent.com/a-/ALV-UjUrTrhKoFTJpJcNYxRGlHRpKNnUWZTTlL4QUWj6b2PpJND2g-Y,Very bad,1,0,548.1.0.51.64,2026-02-19 14:24:05,,,548.1.0.51.64,com.facebook.katana,Facebook
32ab5142-b04f-4b94-bf62-17f017e72617,Jamirul Islam,https://play-lh.googleusercontent.com/a-/ALV-UjX_j6xRQW-8D9ZMpWKmN-euiSLabYHdc35riFBHzEl0j3OL023xaA,very good,5,0,548.1.0.51.64,2026-02-19 14:23:09,,,548.1.0.51.64,com.facebook.katana,Facebook
2752046a-de3b-4a12-867d-1194be538378,Kashaf Qasim,https://play-lh.googleusercontent.com/a/ACg8ocLujmtBWeHP-gfrl5xNdo7kr7J3mjFc8RNv2rrUb3PFnTKVRQ=mo,very helpful 😃,5,0,,2026-02-19 14:20:13,,,,com.facebook.katana,Facebook
f77c80cf-fd86-4088-ae10-a86cd50b0aa8,Sumit Kumar Mishra,https://play-lh.googleusercontent.com/a-/ALV-UjXGPEBVams0qMnL5P28vYqMtd6zKqNc-r4Hdf633gXODK5nv7lj,good 🙏🥰💪,5,0,548.1.0.51.64,2026-02-19 14:19:43,,,548.1.0.51.64,com.facebook.katana,Facebook
48d5a176-aff3-44eb-9793-6fd02949ee06,Shreeyasha Pandey,https://play-lh.googleusercontent.com/a/ACg8ocJwKBx4D1YAOFSVYeByZzmA0mUWc0zkyOjPDce8XlMLq_p1OQ=mo,"My account was permanently disabled I don't know why, it didn't even ask me why would it do that, I had just suggested few things in a comment to help people out. Facebook literally didn't let me exercise my right to speech. truly disappointed as I have to redo all of it again. 😭😭 Unreasonable",1,0,548.1.0.51.64,2026-02-19 14:19:13,,,548.1.0.51.64,com.facebook.katana,Facebook
5c08a3db-1c71-4134-b27d-a9033e5b016d,Tazu Tazu,https://play-lh.googleusercontent.com/a/ACg8ocKaRK9EcZKNNg1Atijg-GG7Y5DAbyZPC4zHCZaio3DlrZ819g=mo,App ta kono kajer e noy ....ai apps tah single der jonno noy tai delete kore dilam apnio den ☹😓,5,0,436.0.0.35.101,2026-02-19 14:18:37,,,436.0.0.35.101,com.facebook.katana,Facebook
8e6e1bfe-debc-4cb9-84b9-f88f697250a9,sartaj alam,https://play-lh.googleusercontent.com/a-/ALV-UjV_FGRCCtDl8SQSt7E7ykNoSiF2Tzg7ffDE46dsCuFsNP2SEer3,nice 👍,5,0,548.1.0.51.64,2026-02-19 14:18:11,,,548.1.0.51.64,com.facebook.katana,Facebook
6110f38a-b19d-483f-86e0-365b5061ae89,Rohit Chauhan,https://play-lh.googleusercontent.com/a/ACg8ocLMisdLN1kSi8-QnxfhH8mbEk_jAs_QnY-9IP-mnOcuQU25UA=mo,amazing app,5,0,545.0.0.43.63,2026-02-19 14:17:13,,,545.0.0.43.63,com.facebook.katana,Facebook
53a0ea54-c514-40a7-b92d-ae177ae77369,Solongo naransolongo,https://play-lh.googleusercontent.com/a-/ALV-UjX_OXZ1ZQh1A7e-MMbiar9IjeHCSbkNMiehaTqt0vG12Rt3Y9Q,why soo hard facedook sing,5,0,,2026-02-19 14:15:05,,,,com.facebook.katana,Facebook
e6e81a43-5cdf-4abd-b2e5-9b61171a55ea,mahesh kumar,https://play-lh.googleusercontent.com/a-/ALV-UjXmflxm0iRMhrF-His1llBIArC6RCcYLKp0fnPTbovzdSLJtFc,I love u,1,0,547.0.0.41.68,2026-02-19 14:14:22,,,547.0.0.41.68,com.facebook.katana,Facebook
d7e0b1be-283a-46a3-819c-fe09cc1875ae,Amarjeet Gautam,https://play-lh.googleusercontent.com/a-/ALV-UjWetIVOm9r2k90K5_JNnQic2M-aQkeXqxD9jrHY3n6CTC6pvJg35g,bet,5,0,548.1.0.51.64,2026-02-19 14:14:19,,,548.1.0.51.64,com.facebook.katana,Facebook
ed6a5668-1a51-4c42-b8f7-5d788a6523e2,Greg Sta Ana Vasquez,https://play-lh.googleusercontent.com/a-/ALV-UjXpRyb08MSWOh59Tg_2-822n7N-OVx4vYjJ-OElmn6qegt5zo4tew,facebook tab bar should be placed at the bottom....,1,4,548.1.0.51.64,2026-02-19 14:13:16,,,548.1.0.51.64,com.facebook.katana,Facebook
4d7435a7-fa43-4f18-821e-72c5c67571a3,Ruchini Fernando,https://play-lh.googleusercontent.com/a-/ALV-UjW26j9cukoh3QtjxcmJNmQVAu9ZnmdakRpmZpRmShQ0mjzLva8,good,5,0,548.1.0.51.64,2026-02-19 14:12:41,,,548.1.0.51.64,com.facebook.katana,Facebook
8f5305cb-f194-4c4e-a1ce-1016bc9df96a,Sandeep Kumar,https://play-lh.googleusercontent.com/a-/ALV-UjUKwLiiNeZFXqpQ27phN5LLfHhNzRo5cUIn7Cx_4re1VGoLpkLv,Nice,5,0,546.0.0.42.66,2026-02-19 14:11:14,,,546.0.0.42.66,com.facebook.katana,Facebook
b724c27d-5ea7-4c70-921d-9783e77dc9e5,Mustafa,https://play-lh.googleusercontent.com/a/ACg8ocLxnc6An9-CVU3aE_q9d-DSZjIi73mDOF97_NoOUbT6cZogwjc=mo,حر أنا,5,0,548.1.0.51.64,2026-02-19 14:10:25,,,548.1.0.51.64,com.facebook.katana,Facebook
2b9d9acf-68b8-44ee-8fd7-ad3340f528eb,Nazeer Hussain,https://play-lh.googleusercontent.com/a/ACg8ocKvtxAF9U7Iq5BWfBtE046W8eeVibeyCkA812ZrSM-gDRNqeg=mo,that is bast,5,0,530.0.0.48.74,2026-02-19 14:08:36,,,530.0.0.48.74,com.facebook.katana,Facebook
7de36648-904f-4b42-8d4f-af340222b0ce,RTL Yadav Jee,https://play-lh.googleusercontent.com/a-/ALV-UjWqmlzIiQZEilQYBJfh4I9kuzsPqhk__ejbAVmaTvzHdmIQeOY1,nice app,5,0,548.1.0.51.64,2026-02-19 14:07:56,,,548.1.0.51.64,com.facebook.katana,Facebook
9002f004-597a-4701-a70c-6e818c831f42,Showkat Larvi,https://play-lh.googleusercontent.com/a/ACg8ocJM54evOgJHFVW_trr8e7Q30SFn0QKFuic2tf8Vjw9xkVifaA=mo,fine,5,0,548.1.0.51.64,2026-02-19 14:07:48,,,548.1.0.51.64,com.facebook.katana,Facebook
ac8da2b9-96e1-4255-bd9d-e1aff1fec2e8,Nurul Atikah,https://play-lh.googleusercontent.com/a-/ALV-UjWpI68hV03weBfQt2GX5W9_2EUpomk-satO_PrMwqE3HeqgZlTg,everything that we can be used everyday,5,0,,2026-02-19 14:07:28,,,,com.facebook.katana,Facebook
fddab06c-bd72-4eda-b7e4-ce61c70fff54,Irene glen Amaga Pogado,https://play-lh.googleusercontent.com/a/ACg8ocLjnnbfkB_pfaYUNzd9JAi88xGfKrBZ14g1EGHQ3c2px4KNww=mo,very good,5,0,548.1.0.51.64,2026-02-19 14:07:23,,,548.1.0.51.64,com.facebook.katana,Facebook
98a46598-2139-493b-8d4c-a57decbb09e2,Lalit Raj,https://play-lh.googleusercontent.com/a-/ALV-UjVGEbxN7DN_cz6qOQbTUzF_BrJoYnDhsbtJBEHJNa9vQ-qTvO1V,so cool,1,0,547.0.0.41.68,2026-02-19 14:06:11,,,547.0.0.41.68,com.facebook.katana,Facebook
01bd6179-9d12-465d-8416-a64361723d7e,Arun Gautam,https://play-lh.googleusercontent.com/a-/ALV-UjUGu24d4K-qkh8DAwo3A6ELjz1UALpE9CBeEO_SQH2nxLGUyyDH1w,good😊,1,0,548.1.0.51.64,2026-02-19 14:05:46,,,548.1.0.51.64,com.facebook.katana,Facebook
89b919e4-15f1-4921-bfcf-6e6a923d7ebe,Charley Strom,https://play-lh.googleusercontent.com/a-/ALV-UjXcKs_DP4gJxORxfW-B7k3jaX90E_alV53555e4ZqS13MMfRZo,awesome,5,0,548.1.0.51.64,2026-02-19 14:05:27,,,548.1.0.51.64,com.facebook.katana,Facebook
a99be39f-a2b0-4586-9635-df9d4c33eae6,Dav Makkoi,https://play-lh.googleusercontent.com/a-/ALV-UjUhbsDf3P4oXvsd8UwjyPcEvL0tLvJTPaHYdGCwrxv_8FCHPFHX,"Good app, the problem is so many Ads",2,0,548.1.0.51.64,2026-02-19 13:59:34,,,548.1.0.51.64,com.facebook.katana,Facebook
2245f238-a4fc-4c3e-b6ac-9d8aa50be50b,Aneang Konyak,https://play-lh.googleusercontent.com/a/ACg8ocKVe1pxC1Y1WZo1MV8OVdJDMT_IHXABW4a1WlLetvIBpxvHNA=mo,Facebook team my page Content monetization option is not showing. so please solve my problem,5,0,548.1.0.51.64,2026-02-19 13:58:48,,,548.1.0.51.64,com.facebook.katana,Facebook
be915291-2d4e-45b2-a04e-4b08c7015107,Trevor Chung,https://play-lh.googleusercontent.com/a-/ALV-UjUuTkiZpgC1Ob4kyq7obD3w9AyDEfGSmhGGGToBSqyGeDCFqmmo,They shadow ban all my public post. Even every content are Safe for works.,1,1,430.0.0.23.113,2026-02-19 13:58:06,,,430.0.0.23.113,com.facebook.katana,Facebook
230edb61-a568-489b-b27c-7e76cb1f5cfa,Saharuk ali,https://play-lh.googleusercontent.com/a/ACg8ocIFIxxTkBNKALb6y3ZlCTKaWooUndloyQyBVIkfj2Z9CS9wIA=mo,ভয়েসে ভিডিও বানাই,5,0,548.1.0.51.64,2026-02-19 13:57:31,,,548.1.0.51.64,com.facebook.katana,Facebook
bfc4b5e0-c08c-49f5-b424-ad58b51accb5,KUNDAN KUMAR KARN,https://play-lh.googleusercontent.com/a/ACg8ocLwMvWi_h0Ja9_bCBKKvSO9Fzu2b9naA-0KIOdx2_fXb-7Cww=mo,so good,5,0,,2026-02-19 13:56:52,,,,com.facebook.katana,Facebook
4a795b46-14e9-4d8a-9f98-1cd7c5b9e3fe,Shakib Al Hasan Razon,https://play-lh.googleusercontent.com/a/ACg8ocLXeXgFrHg0G1r4tGVvi5ovhElvfaKa-8NdmLsgCo7CwPT3NQ=mo,It is time wasting app.,1,0,,2026-02-19 13:56:30,,,,com.facebook.katana,Facebook
a9206470-5248-4373-a9ac-f0d36678224b,Sk Sun,https://play-lh.googleusercontent.com/a/ACg8ocJI9JauuQmbbve-ZOJfDYFsSvdwUqmJy0U8ZU5v8Our_M1vjg=mo,nice,4,0,548.1.0.51.64,2026-02-19 13:55:28,,,548.1.0.51.64,com.facebook.katana,Facebook
569f232d-a4f1-47ca-9346-e5f37363b4c4,Ebubechukwu Emmanuel,https://play-lh.googleusercontent.com/a-/ALV-UjUe2w978AaUqTzUrG0iD2HraGWD9-ONTXajZAZ_il602qNOwcI,"it's too fantastic, and enjoyable",2,0,543.0.0.55.73,2026-02-19 13:53:56,,,543.0.0.55.73,com.facebook.katana,Facebook
c05c0cf6-8d03-47e6-83f9-c57853227371,Ganesh Kumar,https://play-lh.googleusercontent.com/a/ACg8ocKYtOJiBOPRksyglXJk141YKUjStUW0NDEuL9zs9n2uoDQm6w=mo,very good,5,0,436.0.0.35.101,2026-02-19 13:53:49,,,436.0.0.35.101,com.facebook.katana,Facebook
ec323a68-c3b5-4799-9add-e12373b678f2,sophia cabigon,https://play-lh.googleusercontent.com/a/ACg8ocJfRjy5St3xZWh6jwOT__1GIBhjUDqj1W1R_bgBC5Ebkgf7fw=mo,"There are some problems with the messenger and the facebook app.I rarely can update my facebook app since it keeps glitching--but i dont know if the problem is my phone, or the app. And the messenger app, it sometimes glitches out too and i cant see chat bubbles, or see inside my message requests. It also frequently lags and shows the loading icon.",4,0,546.0.0.42.66,2026-02-19 13:52:12,,,546.0.0.42.66,com.facebook.katana,Facebook
5c4b31ce-33cd-46ff-8460-354b458d6f74,my zubir,https://play-lh.googleusercontent.com/a/ACg8ocLyj-JCc98aOjWNIP5SNvOkbk87JTrUdKJfqC4Vc3ZElT7uPw=mo,"I love playing games. I love keeping in touch with my family members who do not live close enough to visit personally. I especially like the fact that on any Facebook post, I can remain anonymous.",5,0,547.0.0.41.68,2026-02-19 13:51:25,,,547.0.0.41.68,com.facebook.katana,Facebook
47d86311-b5f3-49c2-a5c6-541b77b2d357,Abhijeet Kamble,https://play-lh.googleusercontent.com/a/ACg8ocJG0cAL4GGRKVoNxXT1iPMan90yq_kgeNuJkYHJrOjxkxMeSA=mo,😊,5,0,,2026-02-19 13:49:58,,,,com.facebook.katana,Facebook
d24fed0b-cd8d-4967-8e49-3d40c6978a7d,John Arrellano lll,https://play-lh.googleusercontent.com/a-/ALV-UjVQL1skp6Bv944DCtbWpVfJX17jCeP_UvZdBKwA6EtI_XnMjDU,someone has compromised all my ideas and stolen everything I once created and made it seem like I'm not sure how to get my actual account and email unlocked,1,0,548.1.0.51.64,2026-02-19 13:48:30,,,548.1.0.51.64,com.facebook.katana,Facebook
e09b7c20-c42c-400a-98b6-352dc95684e8,Sopon Pal,https://play-lh.googleusercontent.com/a/ACg8ocLimUDwbuLWz71v3Yco0X_lgSZjA7IftPkH1O69GawSh3TyKA=mo,great,5,0,548.1.0.51.64,2026-02-19 13:47:58,,,548.1.0.51.64,com.facebook.katana,Facebook
9ad930b0-987f-451f-9d3d-ddee200713d1,ANTONIO PARAN,https://play-lh.googleusercontent.com/a/ACg8ocKfqSTBo7DdxljK4wYZNoDwiedHGcycHFkRZ_BX7s7RJA3pgg=mo,"Suspended my account for ""advertising"" when i don't even post or even use it very often",1,0,548.1.0.51.64,2026-02-19 13:46:11,,,548.1.0.51.64,com.facebook.katana,Facebook
7cba6e49-c05c-4ba8-9766-9e55b8894cf7,Navoneiwa Mgonja,https://play-lh.googleusercontent.com/a/ACg8ocJWl4OMQis6aNGb5wau6mA1mTPwzPyOM6kGAlEa9eXa42xUvw=mo,always bravoo,5,0,545.0.0.43.63,2026-02-19 13:46:10,,,545.0.0.43.63,com.facebook.katana,Facebook
eb9275c7-7729-429f-bda8-1dcc3518c22b,Md hossain Abduraman,https://play-lh.googleusercontent.com/a-/ALV-UjVus4UkaQT9G-hBkPqElLLE3PzaYmctClWxZY13JEfh6Gkyy8GB,nice,5,0,548.1.0.51.64,2026-02-19 13:45:18,,,548.1.0.51.64,com.facebook.katana,Facebook
c5b23a35-1a91-4fef-8e77-59c22c75aa0a,Rolando Manlapaz,https://play-lh.googleusercontent.com/a/ACg8ocJCtYQa7S8MvyA2kMO6y6YnL2uokJeJvTI_vweG-Z4d1oUK_w=mo,very good,5,0,,2026-02-19 13:42:59,,,,com.facebook.katana,Facebook
6d3b7920-e2d7-4404-8010-ceecb6d1882f,Shikha Gupta,https://play-lh.googleusercontent.com/a/ACg8ocInL9zqKTTgzt5DthlBF_rkxCLOYF1GZNJgykhzVJWTsfyORQ=mo,nice,5,0,544.0.0.42.272,2026-02-19 13:42:14,,,544.0.0.42.272,com.facebook.katana,Facebook
e704fd8f-b8a8-406e-b391-b7919b934909,rupla verma,https://play-lh.googleusercontent.com/a-/ALV-UjXElZRcGRprhnso7mhTfO8La405ydicexaQyqSQLWH2Zx5aA6Y,help me,5,0,548.1.0.51.64,2026-02-19 13:41:02,,,548.1.0.51.64,com.facebook.katana,Facebook
44e84e36-6d32-4aa2-a57e-744426c69530,Suraj Gupta,https://play-lh.googleusercontent.com/a/ACg8ocL2jprQefQCZiT3VM8zyrd2_ABFc-kA4rDyB8p61QAoSL_HPg=mo,super,5,0,548.1.0.51.64,2026-02-19 13:40:59,,,548.1.0.51.64,com.facebook.katana,Facebook
a1833724-a67b-457b-a3ec-ffdd974ecaa4,Samuel Chuma Fikile,https://play-lh.googleusercontent.com/a/ACg8ocLqPceZ0FNFtFOCLG6JpJevuVR8KC8iEiMLbC3gQsN63TdPPQ=mo,Good for friends around the world 👍,5,0,548.1.0.51.64,2026-02-19 13:40:47,,,548.1.0.51.64,com.facebook.katana,Facebook
e82fbdb7-cc30-415f-bc83-c3dc6f7f1417,Ramesh Kumar Patel,https://play-lh.googleusercontent.com/a/ACg8ocI2O_uMerGut3LcWmaDQcUyxTrDs7jHNNKm_RpaPkX0TV1Dmg=mo,Bhaiya,1,0,534.0.0.56.76,2026-02-19 13:40:37,,,534.0.0.56.76,com.facebook.katana,Facebook
5d8e128f-21e1-4f7a-8608-2331131df0df,Khan G,https://play-lh.googleusercontent.com/a/ACg8ocJEUQHzngPX1M1XXvfMgWZyez_Hyrfj3KIJWGABMZW1nK6W_g=mo,it's just nice,4,0,509.0.0.67.28,2026-02-19 13:38:31,,,509.0.0.67.28,com.facebook.katana,Facebook
fd1c1ac9-5c1a-43ee-9723-7f87cd528173,Saif Ullah,https://play-lh.googleusercontent.com/a/ACg8ocJGD_GVh7P61G9WBkrXPiHeucdmMbcdkXKvD7ZyJhUwNRwi8g=mo,❤️❤️,5,0,545.0.0.43.63,2026-02-19 13:38:01,,,545.0.0.43.63,com.facebook.katana,Facebook
14f5da81-8531-46c3-bb06-5709688f3d24,Eva Karimi,https://play-lh.googleusercontent.com/a/ACg8ocIRJUagwkeJ9_qIQ6FOq0QT4vl7EurE2GCnCqRptnbfSyUlKA=mo,I love this 100💯,5,0,548.1.0.51.64,2026-02-19 13:37:56,,,548.1.0.51.64,com.facebook.katana,Facebook
49d54524-b075-430f-a2c0-2e4f5d4dcefd,Favour Gf,https://play-lh.googleusercontent.com/a/ACg8ocJwBpt1ixO5M1PToYOQA-Zh_I7LOQFe5I4znhnXZnJeR7chSQ=mo,good,5,0,547.0.0.41.68,2026-02-19 13:37:43,,,547.0.0.41.68,com.facebook.katana,Facebook
0ac56025-4d32-448b-b8b5-e0f007e0ba8a,Luis Ramos,https://play-lh.googleusercontent.com/a/ACg8ocIyEQuQ6A2fEk5X2s8sPVTB2DHEIrraVN8QV3iRuCO9HOItnQ=mo,best in the world,5,0,548.1.0.51.64,2026-02-19 13:36:59,,,548.1.0.51.64,com.facebook.katana,Facebook
5a32fa30-9839-45a4-9b05-1f642b2bee94,Velmurugan R,https://play-lh.googleusercontent.com/a/ACg8ocL0ET3SxwZ9-vjJjeZk4mx_kCzyF4o5IQp_GlljX-4fezB_zw=mo,love,1,0,547.0.0.41.68,2026-02-19 13:36:04,,,547.0.0.41.68,com.facebook.katana,Facebook
4b826084-ffed-4ea3-a427-6e05b2fe9b9d,As MOSTAK,https://play-lh.googleusercontent.com/a-/ALV-UjWEeWCsfNvzMJaFm-aJax0jtnlCaQVRh9mrXuKVo_LI5FFNdAj4,good feeling 😊,1,0,548.1.0.51.64,2026-02-19 13:34:49,,,548.1.0.51.64,com.facebook.katana,Facebook
1efee7e4-dfba-4e37-9250-ae57e1a09d20,John Lloyd Sinagpulo,https://play-lh.googleusercontent.com/a-/ALV-UjWh_zIi43eAhtLNI8lpMvHeNhXZ3hpvj5PiBUNdT4OaCopdU0o,my active account and a safety environment just permanently disabled my account why?? I don't do anything to violate my account HUHUHU please help me to recover my account. mistakenly disabling an account is unfair I have many important apps that link to my Facebook account please meta help me,1,0,,2026-02-19 13:34:28,,,,com.facebook.katana,Facebook
349456c8-d0c4-48ea-af14-8f400c374ddd,Zin 6295,https://play-lh.googleusercontent.com/a/ACg8ocJ9VEy4evIJDgLERxTyzl5KotIrsD_arufwA0GdP1jrF9OSRQ=mo,thank,5,0,,2026-02-19 13:33:03,,,,com.facebook.katana,Facebook
3fadf2ce-22ad-46d7-a113-f93d55924c7d,Abam Destain Mbungu,https://play-lh.googleusercontent.com/a/ACg8ocL9_XMJ4Lb1UHqyCYzZI6WyqZ88kefjdZnxzkRBa4tdGYPz3g=mo,"Facebook is becoming something else with people's account being hacked, suspended and restricted for no reason. You make a harmless comment like ""come get me"" and your account is restricted. Facebook has alot to do with regarding their new changes and setting especially that of the ""basic mode plus"" setting",1,0,540.0.0.49.148,2026-02-19 13:32:18,,,540.0.0.49.148,com.facebook.katana,Facebook
29a3f9eb-80c1-41fa-9e05-a278c15caf15,Jayden Obsequias,https://play-lh.googleusercontent.com/a/ACg8ocI5ZMvgDWYGaFIYhn-6bXqtRDm8Uj6ffDwHVQCk2ASi2iDdow=mo,it so fun,4,0,,2026-02-19 13:31:54,,,,com.facebook.katana,Facebook
8ca4937e-edb9-4794-a762-30ef0d52d47a,Safeyah Maniri,https://play-lh.googleusercontent.com/a-/ALV-UjXwOix-HvXk9DrtURuvN-QZFbQKGezXLFzz5uQNsJEKjPCE2mqB,great app for entertainment,5,0,548.1.0.51.64,2026-02-19 13:29:53,,,548.1.0.51.64,com.facebook.katana,Facebook
48f53c78-3e0b-4bf7-868a-8ec7bfcda480,md ashik,https://play-lh.googleusercontent.com/a/ACg8ocIqZE70K0ecDV7vULoQ9mY1qEGvm43OIVSpcVF9gjH3o1kWAw=mo,good,5,0,548.1.0.51.64,2026-02-19 13:27:49,,,548.1.0.51.64,com.facebook.katana,Facebook
44c197c6-db8d-4ed5-8a44-160626ac0cba,Raja Rajan,https://play-lh.googleusercontent.com/a-/ALV-UjXAE05rMsbWKVr6LvhiJQDP4v_5z_-zSLM69zWBJD8XXzQuS3Y,supper 👍,4,0,544.0.0.42.272,2026-02-19 13:27:13,,,544.0.0.42.272,com.facebook.katana,Facebook
57eb19d4-0ef8-4d50-aa94-8c05021d936f,Mark Renz Mantequilla,https://play-lh.googleusercontent.com/a-/ALV-UjUdU-8c_tnC2JJp3yPlwg3sDEkFAEU-KrGZezrgCxUKxdqjhrc,"this is my 5th time you ban my account and i didnt see anything wrong ... you know its very important to me because my family is LOng distance, there are so many account and bad influence then why is it me? i wish friendster still in platform",1,0,,2026-02-19 13:26:17,,,,com.facebook.katana,Facebook
8b706f83-0418-4590-862a-27f940d92f09,reyshalee cabungcag,https://play-lh.googleusercontent.com/a-/ALV-UjX98pBo3QRWIlKo9NH_SbKeI6pQVxsEYFuoT8rnEtUGUcd3XqI,i can't change pass my acc in goes to account centre loop,1,0,548.1.0.51.64,2026-02-19 13:17:52,,,548.1.0.51.64,com.facebook.katana,Facebook
496dfdcb-9b91-41ae-8576-8274dbd277e0,David Maslo,https://play-lh.googleusercontent.com/a/ACg8ocK_Wyg46OesevSxcBHHD1pkWMpqCerDgbcIYfw1dk-90nNLKg=mo,"good way to meet new interesting women and fellow mma fighters for bodyguards for hire,$ Usmaaps TeamCrawford USA American made GODSaved,",5,0,547.0.0.41.68,2026-02-19 13:15:44,,,547.0.0.41.68,com.facebook.katana,Facebook
08d12e5a-1be6-49f0-85ff-93711e28dbda,Shipon Guha,https://play-lh.googleusercontent.com/a-/ALV-UjWcjPNH7MYz7jh9fD1unHvF5Rh8NRPSltSZvlOv2eKKLiU0l0Fi,I am happy for you Facebook media,5,0,548.1.0.51.64,2026-02-19 13:15:16,,,548.1.0.51.64,com.facebook.katana,Facebook
aec4ad90-342a-460f-85fc-51abfc9ffde7,It'z Mugdho,https://play-lh.googleusercontent.com/a-/ALV-UjXNnVNEev8HnAPExuxSubj6pTjn7zA3PcJH3el6ng7vmCP6iwLs,"The abundance of gambling ads on Facebook is confusing me. Please take steps to block these ads, considering the user experience.",1,0,547.0.0.41.68,2026-02-19 13:13:16,,,547.0.0.41.68,com.facebook.katana,Facebook
976edfe9-60c4-42a6-a6ee-a5365193ccc9,Hanen Hasan,https://play-lh.googleusercontent.com/a/ACg8ocKCdG45EEVjf4Ql7lmR4iZgrixUsyIV55kotI78fWe1AlRVLQ=mo,like Facebook this is great app,5,0,,2026-02-19 13:12:46,,,,com.facebook.katana,Facebook
07ca1f73-9c73-47ac-a5c8-8193bd6629ec,Kyriez Sannqq,https://play-lh.googleusercontent.com/a-/ALV-UjUsPFHlK-yBpvchNz19tASpcFo7GtVDHB0yJEIG1C1drM8GrOuV,"my account is suspended, I didn't do anything wrong? I tried to fix it but hell no it got banned",1,0,548.1.0.51.64,2026-02-19 13:12:34,,,548.1.0.51.64,com.facebook.katana,Facebook
75c0ab00-9775-4d14-8ae6-5f08ccd75de9,anishka mihiranga,https://play-lh.googleusercontent.com/a-/ALV-UjUK2uHBNzgAhaAdzD77lXstxQwC5R6Qbd-lB6G--OvLRGwqy9A,nice,5,0,546.0.0.42.66,2026-02-19 13:11:18,,,546.0.0.42.66,com.facebook.katana,Facebook
625e3c3d-feef-4f56-bf0e-24df17fc8d0f,BS,https://play-lh.googleusercontent.com/a/ACg8ocJ2OkhdZWwUOEZxzyG5b3hlYGduL6UAw0BH_Fh9x-N5g5XUYcg=mo,Facebook sucks; stacked with scammers!,1,0,,2026-02-19 13:11:13,,,,com.facebook.katana,Facebook
883f1621-b4d7-4b2d-8c86-077a7e8d4e1a,Tanoli Jawad,https://play-lh.googleusercontent.com/a/ACg8ocI7dw59YYx-_uRZ8TqIJgPUebIY7Il9bpryY0y19NJqrZVy0g=mo,good 😊,1,0,,2026-02-19 13:11:04,,,,com.facebook.katana,Facebook
3301f038-a20f-44e9-9145-1c7ffd93e37b,Azhar khan,https://play-lh.googleusercontent.com/a-/ALV-UjWr5s_bIoPyRJga1imksF24mGck8EZLUwdniWWhE2vmaKu7kCbYAg,good,5,0,548.1.0.51.64,2026-02-19 13:10:46,,,548.1.0.51.64,com.facebook.katana,Facebook
8eff034e-1ac6-4bc1-a9a9-d91f05effeb9,SoHNa Sanwal,https://play-lh.googleusercontent.com/a-/ALV-UjUsERjPeSPk4v28N-1a3EfF4auUyvvtsL1hUQzMDUQujThM6OOwGg,well 👍,5,0,548.1.0.51.64,2026-02-19 13:09:44,,,548.1.0.51.64,com.facebook.katana,Facebook
aa9bcb0e-ddf4-43d0-b566-9a9e729b2063,Frankie,https://play-lh.googleusercontent.com/a-/ALV-UjWuhRj_Yx8FebArgmAx3rxZsnC4RWHWzNjw3iDzd1sXY0X22XgqYg,"I have used fb for a while. Thanks for allowing my personal information to be used by an unknown person. I've reported, blocked and still get contacted by whoover it is they use profile pics of people from contacts. My cell phone actually rings , guess they do it through messenger. also I just found fb accts that I didn't start n my name someone else has",2,2,547.0.0.41.68,2026-02-19 13:09:16,,,547.0.0.41.68,com.facebook.katana,Facebook
09d4d670-1bb9-4154-9c6c-b3a8665ceb0b,Ah Tai Low,https://play-lh.googleusercontent.com/a-/ALV-UjUW1DytiT0kXEFcSMKsBVdF9RBkMHF6Af0xfrcWaia2k_DY4iWX,how to remove want to see more pose from friends and back to page I like view visit as usual. urgent 🙏,1,0,548.1.0.51.64,2026-02-19 13:06:28,,,548.1.0.51.64,com.facebook.katana,Facebook
d5d64b14-19ad-495d-9266-986d6bb82c96,Scott Johnson,https://play-lh.googleusercontent.com/a/ACg8ocIlVpzkS_v1UkBROnGdib0vXM3akcpvPeB2aeTmt0wH6ilTPA=mo,it is something good to have,5,0,,2026-02-19 13:06:23,,,,com.facebook.katana,Facebook
324b7120-e1e3-4184-bb5e-1946fe61085d,Mr Saani,https://play-lh.googleusercontent.com/a-/ALV-UjXYogY5ON_wnNkvE18OP498w6jf2GyBq4sK1hbGRvaZ_Zf0-8bj,i love Facebook,5,0,546.0.0.42.66,2026-02-19 13:04:30,,,546.0.0.42.66,com.facebook.katana,Facebook
e96e3827-9443-4b03-929a-4e766f12e141,Shailesh Bhai Manvar,https://play-lh.googleusercontent.com/a-/ALV-UjXVoaWUBSGPbkfn3T4ececdV2IKaN1PcIxtJ_7CrE28bcKS02I,good 👍,5,0,548.1.0.51.64,2026-02-19 13:03:19,,,548.1.0.51.64,com.facebook.katana,Facebook
150134be-9609-4c8f-a04d-ad0c642900cc,Anuththara Dayan,https://play-lh.googleusercontent.com/a/ACg8ocJMxVp3rRr4UEwUeOy1cWT6xjDcQC68B3Gfd5ZPCJbLtTed8A=mo,✅️,5,0,,2026-02-19 13:02:47,,,,com.facebook.katana,Facebook
32ef45ab-9ca3-4c8d-9e65-7ee682a8d30b,Nousin arabiya Nilufa,https://play-lh.googleusercontent.com/a/ACg8ocIsHSO49J8gymK2CIWSuARe8z03nEs8ER8m236nA_Siiu9Prg=mo,good 👍,5,0,,2026-02-19 13:02:23,,,,com.facebook.katana,Facebook
b2bf481c-286b-45b7-9c3c-ff1b00003031,Frank,https://play-lh.googleusercontent.com/a-/ALV-UjUfgghwKZnH6Xepz5R9QopoEwjWXhhxvAWlE9yP1m5jCjK38Bw,no.good,2,0,548.1.0.51.64,2026-02-19 13:00:20,,,548.1.0.51.64,com.facebook.katana,Facebook
d78c0d22-9b59-48d8-9692-a7b4505b091d,Ranjan Saikia,https://play-lh.googleusercontent.com/a/ACg8ocI3GEOzFuz7VvhRrS3kjPLglczsTE6n4WBy_gZw83XuVs5Ksw=mo,very 🔥🔥🔥🔥🔥🔥🔥🔥🔥🔥🔥🔥🔥🔥🔥,5,0,,2026-02-19 12:59:33,,,,com.facebook.katana,Facebook
c53bbb38-d7da-49b3-b655-f64190e3734a,CANNAOY IRWIN,https://play-lh.googleusercontent.com/a-/ALV-UjVK3p-grFyFQcE4kzqnkTTrvvEdJFsv6o4k2Cl28aOIxzIOfRSK,nice,4,0,545.0.0.43.63,2026-02-19 12:57:33,,,545.0.0.43.63,com.facebook.katana,Facebook
c093820a-8fd4-410a-bbd9-b7645d2e3dfd,Elisha Mwenesi,https://play-lh.googleusercontent.com/a-/ALV-UjWMAZe0fhDbukzAfhRsudrbYdb2OMkxQU6y5ZRnco8L7evLpX6b,Reliable app.,5,0,545.0.0.43.63,2026-02-19 12:55:07,,,545.0.0.43.63,com.facebook.katana,Facebook
fa5cede7-39be-4aae-a09d-ca1e687905af,Mamta Hatwal Kothiyal,https://play-lh.googleusercontent.com/a-/ALV-UjXgfzzBq5eNweJXXYGElpBp6rR-fZ7XocLQx_BpnFn8O1iXg70Flg,very good,5,0,548.1.0.51.64,2026-02-19 12:54:17,,,548.1.0.51.64,com.facebook.katana,Facebook
9039dbba-2ddc-4fdb-9daa-b9c36e492c92,Ali Musa,https://play-lh.googleusercontent.com/a/ACg8ocLJ_K0Uv8P-LxZiAf6ncuWQ9qGvWbg31nSnyYGZfcWNtieMqg=mo,so naice,5,0,548.1.0.51.64,2026-02-19 12:53:56,,,548.1.0.51.64,com.facebook.katana,Facebook
84a83001-2b77-471c-8fc5-5aa9faac1330,Paul Reason,https://play-lh.googleusercontent.com/a-/ALV-UjXW6F1FD7guXT7Kk5RbEnS_URk81cI0qWvDCcmJqnCkDJttf2E,"The most manipulative app on the market. I used to be able see friends activities and events, not all I get is adverts or links to things the algorithms think I want to see",1,0,548.1.0.51.64,2026-02-19 12:52:33,,,548.1.0.51.64,com.facebook.katana,Facebook
85d7416e-0d7a-46ac-a77c-487205e46fff,Yasir Jutt,https://play-lh.googleusercontent.com/a/ACg8ocLULZQqSp8lte2ApxZZsQHqOGLc19exd0yxxQKDe71yeDCmNA=mo,better,5,0,541.0.0.85.79,2026-02-19 12:52:21,,,541.0.0.85.79,com.facebook.katana,Facebook
1531eae8-fd36-4cf0-abbb-0b5b704a5712,Fulmati Devi,https://play-lh.googleusercontent.com/a/ACg8ocK2pcuiPRLpbxhdCG_Q02FBha8iMuWzQAT7GRPc7wvCuTmRWw=mo,to good,5,0,546.0.0.42.66,2026-02-19 12:51:39,,,546.0.0.42.66,com.facebook.katana,Facebook
dff4fdc2-2b62-45e3-8bae-661d72b1d82b,Kamlesh Sonkar,https://play-lh.googleusercontent.com/a/ACg8ocI-QJ-uYdVHdq6YXckaLWeqBZBPjWYo4hb5tcrkbYGNnvBnJw=mo,super,5,0,547.0.0.41.68,2026-02-19 12:49:57,,,547.0.0.41.68,com.facebook.katana,Facebook
7121be88-c023-4757-b7a8-007102739705,Dipanita Das,https://play-lh.googleusercontent.com/a/ACg8ocIiiSFarx3wDAcSoBrXnvBN2hqhN4atZdcX1P6V2GMm_jOl2g=mo,thank you,5,0,546.0.0.42.66,2026-02-19 12:48:16,,,546.0.0.42.66,com.facebook.katana,Facebook
b5d9df6f-07e4-4a6f-8ead-03135cedf01d,Itzjboy Friday,https://play-lh.googleusercontent.com/a-/ALV-UjWdE8Cj_y3bRF_v9gA7IN-d7FK4Ak3A7llxliG40hTzEUBuaPs,nice,5,0,545.0.0.43.63,2026-02-19 12:46:28,,,545.0.0.43.63,com.facebook.katana,Facebook
07884e50-7cb5-41ca-bb7e-ae9f53cb259c,Dominik Paul,https://play-lh.googleusercontent.com/a-/ALV-UjWUfeDgB8XmYCfOh-Yzu6zNhqbIEc6Nyt94SOx3V62kBtzrL9vj,not now,1,0,548.1.0.51.64,2026-02-19 12:46:12,,,548.1.0.51.64,com.facebook.katana,Facebook
34fb4c9b-5f4f-45ed-95fd-516f4cec0a7f,Lacy B,https://play-lh.googleusercontent.com/a-/ALV-UjVPWNehzfXoRvszmf_-BTkhQEicweVmVOhZ_ePvgHBHzYBsvvNr,"Update 2/19/2026. The groups icon is missing and nowhere to be found - can't find groups. The three lines that are supposed to be a menu do nothing - click/press the menu and NOTHING happens. Update 11/18/2025. Every post has comments hidden as spam or offensive when they aren't, they are just normal comments. The react buttons moved so now you will react to a comment unintentionally while scrolling. PLEASE FIX IT",1,17,548.1.0.51.64,2026-02-19 12:45:35,,,548.1.0.51.64,com.facebook.katana,Facebook
9cf1f4ea-9691-4714-8538-3bd163b0fa2b,nyeko ronald,https://play-lh.googleusercontent.com/a/ACg8ocII3Eabc8AykzKr76Teauq_7vUtJbJeK9Ijwp6ZptmPjtqzNw=mo,WattSap is better than Facebook,3,1,530.0.0.48.74,2026-02-19 12:44:15,,,530.0.0.48.74,com.facebook.katana,Facebook
decfeec1-9660-4e76-9a70-68bfc3d696d4,Shivam Kumar,https://play-lh.googleusercontent.com/a/ACg8ocJpEybfK84etM18BGCEsuuP4CSIf639Dyjx_0GFZyHxuFcODg=mo,👍👍👍👍,5,0,548.1.0.51.64,2026-02-19 12:43:43,,,548.1.0.51.64,com.facebook.katana,Facebook
4daac8d8-c2bf-4a0a-88d2-56421bbcfa26,Plessure Darethr3ll,https://play-lh.googleusercontent.com/a-/ALV-UjV8jVsjBH86j6khXZkQpaShgcW_EyDDwsR6qjUbVZizozkrq-KW,very good 💯😊,5,0,545.0.0.43.63,2026-02-19 12:43:04,,,545.0.0.43.63,com.facebook.katana,Facebook
68cd9b0a-41c9-4aa0-88cb-521d299c92f8,John Mandapat,https://play-lh.googleusercontent.com/a/ACg8ocJWlz7AbXUWJUpqZZgW_OldYGkLQ10KkTL2cargeyMLi2ZU0A=mo,hindi ko na maoopen fb,1,0,548.1.0.51.64,2026-02-19 12:42:41,,,548.1.0.51.64,com.facebook.katana,Facebook
b97805a0-8c8b-4ca5-b2e0-5bd4786c6ccc,Brave c David,https://play-lh.googleusercontent.com/a-/ALV-UjVHv66v-RC_mHGA8RoW4T6uwVV6wP_Ua1eRW9sROxzhyG-zqhQ,they keep banning my account 😒,1,0,548.1.0.51.64,2026-02-19 12:42:28,,,548.1.0.51.64,com.facebook.katana,Facebook
c276206d-dcdc-4d8f-a002-9d6fb72c2e9e,Safeek124 Chaudhary,https://play-lh.googleusercontent.com/a-/ALV-UjUYNPjmyUlRiVkp7ZmF6RIweB6sn4JDlRU4fmixjdssJQKQvYc,nice,5,0,548.1.0.51.64,2026-02-19 12:41:25,,,548.1.0.51.64,com.facebook.katana,Facebook
2d0d64b6-3244-4751-a29e-3b0d1d2f9fc4,Bruclee Bruclee,https://play-lh.googleusercontent.com/a-/ALV-UjXtmDAj1tvPckmDwmRLx1GCrxOqFMnkek2JJVG8nUzUCWRzvA,Excellent 👌,5,0,515.1.0.62.90,2026-02-19 12:41:08,,,515.1.0.62.90,com.facebook.katana,Facebook
c6887452-00dc-4b4b-a2cd-155cf674b658,Crisper Betarmos,https://play-lh.googleusercontent.com/a/ACg8ocJ4OsUzMyYF3HP0YoRFg8S3OARIzaK2YFpCkKLusLOdFre26Q=mo,i hate ur app because i send a code then i put it and they dont accept it,1,0,548.1.0.51.64,2026-02-19 12:41:06,,,548.1.0.51.64,com.facebook.katana,Facebook
11118b6d-d96a-4de5-9f0b-58bd20ab7920,Nitesh Bk,https://play-lh.googleusercontent.com/a/ACg8ocI9ndr41F4M2zB8ZA8yzapcIUxx-BZnKjMJe9R04R1lTGVwYw=mo,nice,2,0,,2026-02-19 12:40:17,,,,com.facebook.katana,Facebook
a6aeda1b-8144-4998-8aac-52c6a3f68cc8,Satish Raj,https://play-lh.googleusercontent.com/a-/ALV-UjVg-bQMhGhtDTYmf8wKrTL_Xo5oqdZ_pRxMmZ0-_9s4p66SCN3I,nice,5,0,546.0.0.42.66,2026-02-19 12:36:55,,,546.0.0.42.66,com.facebook.katana,Facebook
f58cdfbf-ec10-48cd-ba78-1d5c73a9a074,bayzid alam,https://play-lh.googleusercontent.com/a-/ALV-UjX1hgPctaQ35ce6MOlEBDjpI4DYcgDCJVH-6TfEZgi8v6OQvFsq,সবাই সাপোর্ট করবেন,5,0,548.1.0.51.64,2026-02-19 12:36:27,,,548.1.0.51.64,com.facebook.katana,Facebook
bda6c7e5-70f2-46cc-95ff-1e0b44599716,Safi Islam,https://play-lh.googleusercontent.com/a-/ALV-UjVkk0SfSuGcZu1-sXISk5En0aAG2l-GVhU63TJLD1_XWtqkcPLrtw,good,5,0,546.0.0.42.66,2026-02-19 12:35:36,,,546.0.0.42.66,com.facebook.katana,Facebook
cdee0397-b009-4cbb-918c-3e3e14b5d758,Md Shakil Babu,https://play-lh.googleusercontent.com/a-/ALV-UjVA-wJuw41tds3El4umIxhhjZc2MmI7y5h9zDcXIc6MsmHFdVjd,good job,5,0,548.1.0.51.64,2026-02-19 12:34:12,,,548.1.0.51.64,com.facebook.katana,Facebook
1abd8dc3-33da-4298-9fa5-4f9e383d3d16,Uday Manna,https://play-lh.googleusercontent.com/a-/ALV-UjWoCS7AHvh98y7L0G7wynZP_mNvqMyJeNU7DaLh4syUOJt2D20,I love ❤️ to see facebook,5,0,,2026-02-19 12:33:15,,,,com.facebook.katana,Facebook
f29fe914-3626-4cfc-ac83-080fbabbb109,Dipak chowhan,https://play-lh.googleusercontent.com/a-/ALV-UjXEYnHQVaVntOHS-hYbX7XBCZD69uxQagJekyJr1ilaWO5XNNRx,so beautiful 😍,1,0,547.0.0.41.68,2026-02-19 12:33:00,,,547.0.0.41.68,com.facebook.katana,Facebook
