content,score
very bad 😞,1
the worst game I have ever played. this game is the worst game .it contains a lot of ads,1
"so far I really like this app, I can deeply plan without one of those task limits and there are a ton of resources however, and I can't get it to pop up again, I wanted to make this review because of some wording that caught my eye, the app offered me to check out premium and the decline said something along the line of ""I'm just gonna give up"" as someone who struggles with mental health, that is sickening to see you try and guilt trip people to pay for premium with that wording.",3
I continue to request that I don't receive regular text.Could you stop why couldn't you stop,1
this is the worst not so bad but yeah the worst,2
"I wanted to use the app, but it was going to cost me money and I dont want to do that and makes me feel more stressed maybe they could get ride of the money cost",3
this app is very bad 👎,1
fraud,1
Very cluttered stressful interface. hard to tell whats paid until after you try to do something,1
"App is okay - you set a reminder, it sends you a reminder. Look at the reviews. The average is apparently 4.8 but nearly all recent reviews are 1 or 2 stars. I regularly use trials and cancel them if not wanted. Went in to look at this one and I didn't even have an account. No cancellation options. Auto generated responses from customer services so I've paid £40 I didn't want to. I know that's my own stupid mistake but I've never known an app so difficult before. I can't recommend sadly.",1
Way too damn expensive for fake profiles and bots Don't waste your time. don't install it,1
its not free of cost its only requir money not your trust,1
"Can't Cancel Account -Tricked/Fraud I'm not sure what else to say. I tried the app. I couldn't use it. I didn't understand it. I tried to cancel. One year later I am charged an annual fee. I am.told to go to PayPal through Google Pay. They say the have no such account, but I'm still wbing charged. I've called. Nothing. Why even bother? Such a a scam. So unless I cancel my PayPal, I won't ever get rid of this charge.",1
Worst app ever.it is a scam to misguided you and deduct your money . There is no option for your money back.Not any support and main Point they never inform you before your payment deduction. They only want to make you fool. There is no subscription only fake promises and way to cheat you. I want my money back. You take my money without prior information. You gave no option to cancel it. Big scammer,1
"I subscribed for one month and was charged again without my consent. I requested a refund the next day, but customer service kept sending scripted replies about a policy I was never informed of. They didn’t refund the full amount, which was more than double my original payment. The app itself wasn’t helpful and only added more tasks. Very disappointing and feels misleading.",1
I don't recommend that app because it's not a perfect app for change your routine,1
no notification before taking subscription. Just blocked them on revolut as I wasn't sent reminder that amount was being taken from designated account.,1
"scam charging!! there's zero info in the description about actual coat other than ""in app purchases."" not true, its either monthly or yearly payment just to SEE the app. Then they claim to have a no purchase necessary 7-day trial before charging you. LIES! I was charged for an entire year immediately. Given other reviews, I'm not optimistic I'll get my refund. I'm pissed. I would maybe be willing to pay for an app like this, but not with the false advertising money grab!",1
"This app is a scam. Don't waste your money; they are just collecting it and refuse refunds when you aren't satisfied. As an English teacher, just the grammer mistakes bother me. Additionally, it's too game-like for me. However, I instantly got an answer that they would not refund me when I asked. That's scammy. You would think they would want happy customers...so I guess I'll just leave this review from an unhappy customer.",1
This is so bad first you get in your hit with questions which is good but before you done all of them you think you can start but NO you have to pay just to get started so they aint helping us they just takeing from us,1
shame on trying to make money out of desperate people,1
"I love the idea, but I hate the fact you HAVE to pay for it. once a month for something I van do without an app? Ha! NO.",2
not free deleted straight away,1
"This app promises more than it provides. when you want to get a refund it's nearly impossible to navigate how to get refunded. There is a different name of the app. associated with the charge. Also, when trying the phone number associated with the charge on my credit card there is a recording that states that they are unable to help via phone too email, but no email. This is another Fraud app.🤨",1
we don't have to give money to you without money we want it is the bad game ever I am see,1
"Pretty good app, but the most irritating app I have EVER downloaded in terms of notifications. It sends me at least 3 notifications a week reminding me to fix my streak, which was broken many months ago, I'm only just now remembering to delete it.",2
"The notifications got to be too much. I stopped using it, and after a while it sent a notification sounding all considerate like ""since you're not active we will stop sending so many notifications"" and then promptly sent 57 million more. Deleted! Another annoying thing is the streaks. Keeping streaks may be motivating to people with ADHD at first, but then you fail it's more discouraging than anything when you get back on and it shows you that day 1 thing every single time you get on.",3
i strongly dislike applications that offer free download but have to pay for all services. this is misleading and disappointing. let people pay for the app upfront if you offer no free services. No the 7 day free trial does not benefit everyone because not everyone has a credit card,1
"it needs money, worse for ppl with money problem",1
in your childhood trauma test when it asks us to describe our parents relationship their is only options for : happily married Unhappily married divorced single parent no parents please add an option for those whose parents never got married and instead broke up and is now with other partners.,2
worst app,1
Getting tired and capturing unnecessary matters of neglectfully situations wyd?$O|_!😶‍🌫️,5
"I like this app , but still I don't know how to set alarms, 😕 and I always put my routines and alarms but still I don't know why the alarm doesn't work amd why",3
"STILL BEING CHARGED! I tried this & cancelled a year ago! I caught it going through a cc statement. I haven't had the app on this phone, I finally found it in google play with an old email. I want to delete my cc from their payment methods but since I cancelled the subscription (that wasn't supposed to be active) I can't edit payment info without resubscribing. They market towards ADHD people who are less likely to catch this. It's frustrating & disappointing.",1
worst application.. no sense of making such illogical application,1
"So many mistakes in this app. Text that's been copied and pasted in a guide but remains the same in each section with a different title, missing words. It's engaging. I fail to see that the reviews aren't bought.",2
"Sehr hilfreich, die Süße konzentriert sich mehr auf die Planung meines Tagesablaufs",5
"It's not that great, but that was okay until I tried to cancel and get a refund next day. Well they don't do refunds. Don't waste $20 thinking you can cancel it if you don't like it. Absolutely ridiculous.",1
"Relentless nagging to pay for the app. If you don't want it to be free, make it a paid app. And they don't start the nagging until you waste a bunch of time setting it up. Annoying.",1
"too ""busy"" and unrealistic. ""Go climbing?"" Nope. Match socks? puhleese! waste of money, IMO",1
"I used to love this app and would use it for building my morning and night routines but now its difficult because after every task that I add, theres an advert. its annoying and I dont want to use this app anymore",3
"It thinks it knows best. just spent ages organising my tasks to find that the app just randomly changes the order. The only way to stop it is to edit each task to put a time in. Not only is this time consuming but it's going to be a pain changing time for different days. yes you can just drop and drag the tasks, but you have to do it every time you open the app. hardly organised or productive",2
"It was terrible. After it gave me a lot of motivation I realised it is not free. I wanted to try the 7-day free version. An error was coming up and I couldn't even test it! By the way, seven days is not enough to see any major changes in anyone, they should at least make 30 days free.",1
not free but I love it 😉,5
bad it was awful disgusting,1
"It took solid 10 min. to get through all those stupid nonsense questionnaires only to get into the app. And voila, as soon as you get into the actual app the idiots start begging for $40 right from the start. The UX is non existent. Lemme experience the app first???? Maybe if I'm convinced after a few days I'll pay??????",1
not bad but purchase the plan is totally wrong,3
it is nothing more than a reminder app. doesn't really help you do anything. you have to do it yourself which is obviously the problem I have and the reason I got the app,1
"intro is offline friendly, subscription based, useless in a deadzone. also flips my tablet upside down so the buttons to press are covered by the UI. I dont know what else to reach out to you about. There is no offline mode, and the UI of the tablet covers the button on the app, and the app ovverides whatever orientation the tablet is set at. Im confused about what else I can say about it that isnt in this comment.",1
"They gathered every bit of your personal data, collecting information that might include your full name, email address, phone number, and possibly more sensitive details, under the guise of preparing for service delivery. Then, adding to the inconvenience and perhaps stirring a sense of frustration, this service requires you to provide your credit card details even to access the supposedly commitment-free, seven-day trial. This process might feel intrusive or risky to potential users who are sim",1
DON'T DO IT! I'M NOT EVEN GIVING IT 1 STAR! I CANNOT FIND A WAY TO DELETE THE SUBSCRIPTION AND DIDN'T EVEN HAVE IT 30 MINUTES!,1
"This is not a free app. You have to choose a plan before you can use it. I wish apps wouldn't show up free when they're not. If there ends up being a free version, I'll try it, but I will not do a trial when I'm going to be charged after so much time.",1
worst i spend an hour making my routine and it all just disappeared 🤬,1
"Damn, I was loving this on the first full day. By day two I was boiling with frustration. It took SO MUCH TIME to setup my routine list in the order I wanted, mainly bc the UI is poorly built to drag and drop. You have to drag and drop a few steps at a time. I get my routine list exactly the way I want it to not feel overwhelming and the next day, the few items I didn't get to are at the top of the list instead of the bottom. No. No, no, no. Immediately, this isn't the app for me.",3
this is very bad,1
wants to gather all your personal info b4 you can even start. almost deleted it because of all the invasive questions. but still continued just to find out its not a free app.... garbage. immediately uninstalled.,1
the app really changed my habits i was suffering alot from time setting but now I'm no longer suffering❤❤,5
"Really really liked this app. It's been really helpful. I've been using it since December and found I was getting a lot more things done every day. But then my phone died & I had to get a new one. Reinstalled the app, signed in & everything is gone....my tasks, my points, my stats, etc. Is that what's supposed to happen or am I missing something?",3
"It doesn't even begin to compare with habitica, it's just bad",1
it's not free. I don't see anything that is free other than 7 days. none of it appears to be free.,1
"it made it difficult for me to add to my routine and stressed me out and wanted me to pay for a bunch of things, I'm not gonna pay for an app that won't even make it easy for my daily routine, I struggle from depression, severe anxiety and ADHD and I just wanted to get better",1
"I stupidly got the year subscription before trying out the app. It's so busy, and it's hard for me to navigate. That is what throws me off and causes me not to use the app. I think I just completely wasted money and time.",1
When I feel lonely this app is always beside me. I am so lazy girl. with this app I can change my self.😉,5
"Horrible app, constantly pushing ads, asking me to pay to upgrade, asking me to rate, ALL THE TIME, then nonstop grandstanding on their accolades and ratings every chance they get, all I want is a simple app to set reminders, yet whenever I use this app I'm bombed with nonsense I don't care about.",1
why everything requires in app purchases... horrible,1
no alarm,2
I don't like to give this app one star.😡😡🤬 nothing is this is a life style routine app so I think like for what did they caused money yes they telling us to cos money for using this app I don't think so we need to give money for it app because this is tester it's not giving us proper things give us money. So I don't like it. don't install this app 🙄🙄🙄🙄😡😡😡🤬😡🤬😡🤬😡🤬😡🤬,1
"Demasiado bueno, yo lo utilizo para estar más organizada y mi confirmó que no es que no tenga tiempo si no que no me organizo",5
very difficult to cancel. difficult to use,1
"I've been swindled. I was mislead to believe I had subscribed with a trial period, but I was charged the yearly subscription right away. I cancelled the subscription immediately, only to see that the subscription wouldn't renew a year from today. What intrigued me about the app initially was the daily cleaning routine advertised on Facebook, but I see there are no preset routines to choose from, and the app appears to only be about self-care and motivation. This is not why I downloaded the app.",1
"It looked like it would auto populate tasks for you and you just use them, but you have to put everything in manually. Also charged me immediately even though I wanted the free trial. absolute waste of money and time. not happy at all",1
Nice but this app charge money so bad,2
No no no!! It asks you a ton of questions up front and then asks you to pay monthly.,1
"EDIT ⚠️ ⚠️ ⚠️ WARNING WARNING!!!! THEY CHARGED MY CARD DURING THE ""FREE TRIAL"" EVEN THOUGH I CANCELLED IN THE FIRST 20 MINUTES!!!!! WARNING WARNING WARNING ⚠️ ⚠️ ⚠️ can't edit tasks, I edit the task it says it saves and nothing happens...I have to repeatedly type in tasks instead of duplicating them to another day. no full calendar view I could find.. if this was a free app I might've rated it 2 stars.",1
"*Predatory user experience warning* Be careful. This app fishes for 5 star reviews via popups each time you open it until it gets what it wants. It forces new users into a free trial with an auto-payment after 1 week. This would be fine, but cancelling the subscription is very troublesome. There's no cancel option within the Android app itself, and you need to email them with a Google payments center transaction ID. Installing takes a minute, cancelling takes days. Best to avoid.",1
Should've just told me I had to pay for it at the start before you made me waste my time by answering all those questions. Disappointed.,1
I am so stressful everyday Me plus has rlly helped me,5
"sorry this starts of with a promising survey but then nothing, I just get overwhelmed with dozens of pre made terrible routine propositions, whait what was that survey for? aaaahhh. this is supposed to be a life coach, it's a life trigger for me. I feel stressed when I open the app by the pure weight of the bad and terrible catalogue choices. also, I can make a list of to dos on paper, why do I need to lay for an app for that feature, how is this app usefull?",1
so disgusting app this app is not working well 🤬😡,1
"First, the moment you open the app it wants you to pick a pay schedule to start the week trial. Fine. I picked the year for $20. I'd have a week to get used to the app and see if I like it. Nope. got an alert right there my credit card was instantly charged. no trial. no trying the app first. no refunds. absolute scam. would be fine if the app was good, but is terrible and difficult to navigate. doesn't even have the diet calendar I searched for and was advertised.",1
best app but only think I hate is charges,3
this is a nice app but it is not free when you will open this app it will ask to give money but I don't so I got it free,5
I don't have this app. I don't want this app. why are y'all stealing money off my damn card? I need my money back I don't need y'all to tell me how to live my life through some stupid app.,1
"Se hacen una app disque para ayudar para la ansiedad y tal, y luego van y me ponen una frase que dice ""Lo que piensas se crea"" no pues si verdad, gracias por esa frase asquerosa seguro me va a ayudar en mi proceso!, seguro todo lo demás también es real y no una estafa como todas las apps de este tipo aprovechándose.",1
zero value. I cannot navigate how to cancel this. it's still inactive but will renew. Total waste. Don't fall for it.,1
"SO NICE APP,I CAN MAKE MY DAILY ROUTINE AND THERE'S NO PROBLEM. Just the major problem is that it contains advertisements.",5
i inatalled it for another app but i didnt recieve the gift .. scam app,1
"I love this app but i have a problem whit the widgets in 4x6 screen grid, i can't see my activities Apart from the waste of the grid.",5
"I tap the heart icons on some videos, but nothing ever shows up in my library. What am I doing wrong?",4
"I've been using this app for a while and overall it's decent. However, there are a couple of frustrating issues. First, even though I changed the first day of the week to Monday in the settings, the monthly calendar still starts with Sunday. This makes rescheduling events confusing. Second, I understand the need to promote the premium version, but having a constant upgrade banner at the bottom of the screen and a full screen ad every time you open the app is distracting and annoying.",3
the ugliest app.,1
"I only used it for a few minutes and the self advertising is ridiculous, stuff like Sign up now, and the option for no is ""give up on myself"" or stuff like that. What the heck? trying to guilt us into subscribing, that is not how you make someone better, that manipulation at its worst.",1
"THE WORST THING IVE EVER GOT! First of all, it makes you answer all of these questions and makes you pay for it! like if they made an app to make my lifestyle better, I guess it's not that important to them then. SO I DELETED IT!! I'm not gonna get it ever again even if I needed it badly, might as well go to a therapist! 🙄😒",1
so bad I hate this,1
"Too kiddy, only for people who REALLY don't like themselves and have 0 discipline, or for some strange ones",3
very bad app 🤮🤮🤮,1
"At first it seemed a bit limited, for instance due to the lack of a reporting module, but after a few days of use I saw it really helps you to do things. Maybe because of the simple fact that if you miss task, you have to admit your failure to yourself when you leave it unchecked in the app... and then you see the different symbols on that day reminding you of your lack of competence. I ended subscribing it and until now, I use every day for every task, no matter how small it is",5
"As having a disciplined personality, it reduces stress and worries.",5
"did not get very far until it asked me a question where the answer buttons are at the very bottom of the screen, completely unreadable because the navigation bar overlaps them. I can't find a way to turn off the navigation bar other than switching to gesture based navigation, and that's a hard no for me. I am aware that this is a problem in android itself and not specific to this app; I will change this rating if you add a bit of padding to the bottom to circumvent this issue.",1
disgusting 🤢,2
I paid for this app thinking it was something that would kind of help me on a day-to-day basis. Not only mentally but with just daily things. You have to put every thing in yourself. I thought it would at least have general things that it would remind you of on a daily basis. Drink 8 glassed of water. Take time for yourself. Do the dishes. Then tweak and add things. That's why I got the app. If I was organized enough to do it myself I wouldn't have needed this app. It's kind of useless.,1
💝💝💝💝💝💝💝 this app will manage your life and day and destroy you aloness,5
terrible experience. no response when I emailed them.,1
i like it but i hate paying for anything 🥲 im too young,3
"awful, doesn't even save a note in the mood tracker",1
"this app is absolutely worthless. might benefit some, but you'd be better off with pen and paper or setting alarms on your phone. to me, it was a waste of money as the notifications go off at random times and not for when you set it. not to mention it's a standard notification tone, and unless you have your phone on your 24/7 you won't hear it ding. idk how it has such a high rating buy not worth it to me.",1
I tried but it wouldn't let me add the routine I wanted :(,2
Just charged my card out of nowhere and I don't remember accepting free trial or that I'll be charged later. There are zero info about the subscription at all in the app. At least give me notification warning me before charging my card even if its negligence on my part. Just very scammy imo.,1
I wanted to use this app primarily for a cleaning schedule but I was disappointed that there's no option to select a pre-made routine. I guess I didn't read well enough because when I saw advertised cleaning schedules I didn't realise that they were just printable ones. I wish there were templates to use for the digital aspect of things. I could have printed off a check list on my own.,2
"time waste app and too much money 😏👊worst app and bad comment can,t post",1
stupid and drawn out test when launching the app to sell you a subscription,1
There is no dark mode feature which is frustrating.,5
"I can't imagine why I paid $20 for this, as there aren't unique features...but I am getting through my every day must-do lists. BUT!! THIS BUG!? It's stuck in ""35 day streak"" and I've been using it for 110 days. The 1st accomplishment graphic is correct. The 2nd needs to go. it's annoying. read the room.",3
"I'm very disappointed. I bought this app and I thought it would open up more options but it didn't. Can you please make an option to turn off the money change sound? It is very annoying,or make other options. It has to be a very basic technical operation. This app could be very good if it just had more options on just basic things. I don't want to be disappointed, but I'm sad to say I am. I can't afford apps,but really wanted one that could help me keep up with my medications.",1
"Too many others have had money stolen by this app. I'm a disabled pensioner, taking money without notice can make people suicidal. Please stop doing that. Can't stand dishonest apps and people",1
worst,1
bad,1
I think it needs to be up front of the charges before you fill out the questionnaire. it's misleading,1
"Not sure how good or bad it is, but after installing this app they waste your time to ask multiple questions and will take you 5 minutes. Waste of Time because after completion of questions there are multiple pop-ups for subscription.",3
"very yumm, but lots of ads in-between every task that you make, so its annoying, but other then that works decently well? i mean i know they gotta make money, but the amount of ads seems obnoxious, and im too broke to pay for premium.",4
showed 7 days free trial but was charged immediately. I cancelled the subscription in around 30 minutes and got a mail for the same saying no refund will be initiated. is it a scam or what?,1
I feel bad that this app is not free,4
not that much nice but it was nice,5
"it is good, but unfortunately it is not free",5
5 questions and the only option is to sign up for therapy no refund offered SCAM,1
"everything requires payment. The developers don't care about people, they are just after the money. sad.",1
requires you to pay. bad app do not install,1
why are there only white emojis? are you racist or something?,1
"I got charged for a premium membership I never wanted, which over drafted my account because I went through PayPal. They charged 20 to my PayPal which got taken out DAYS later so I wasn't aware. My bank issued an over charge fee bc I was 14 in negatives and now I owe 56. This is a scam, I am furious",1
"I decided to try this app as it states free 7 day trial. After inputting the payment information my card was immediately charged, although the app states in red letters your card will not be charged. Contacted support and keep getting the same response, they can't find my email and they need the receipt and a number. All of this has been submitted but they refuse to assist with a refund. DON'T USE THIS APP, IT'S A SCAM",1
I reached out to them through email for a refund and they keep saying that they did and I'll be refunded but no refund was returned to me. Install this app if you want misinformation from a scammer!,1
Worst app and totally not like the ad for it describes. Also already gave a 1 star and said I hate that I wasted money on it and it deleted my review and replaced it with a 5 star. Sooo. There's that.,1
"Terrible! Tracker psych app. I thought this was just a schedule assist app, not a tracking app (AI?) continually asking what my mood was and if I needed to talk to a therapist. It got annoying & they would not issue a refund after I unsubscribed a week into it. No thanks.",1
I cancelled this subscription when I realised it wasn't what I wanted and still got charged!!,1
"Offered a free trial but I got charged 18.99 and can't seem to get a refund. BEWARE EDIT: still unable to get a refund after following the steps in their reply. AVOID AVOID AVOID No matter how many times the company states they are there to help, I have reached out numerous times to no avail.",1
"Absolutely hated it... paid for a year... used it for 20 mins & realised it's a total waste of money. The only thing I absolutely loved about it was deleting it off my phone... it's just overload city.. too much.. horrible colours... explore 'this' option.. more questions.. and more questions and more options which all lead to NOTHING getting sorted, nothing being achieved otherwise than overwhelm & a huge waste of time. *Also.. STOP with the ""How are you 'Dear'?"" Hello ""Dear"".. Dear is ICK!",1
"This app doesn't do anything! It doesn't remind or notify you to do any tasks! Nothing! Nada! Totally useless app!! I would give it zero ( 0 ) stars, but it is not possible to omit the one star. There's no way. I have found to contact customer service to ask for assistance for this app. It also their quiz on depression and pushes for paid therapists.",1
I don't like this platform. I thought I purchased a 7 day trial. But was charged $20. So I requested a refund and I'm not a fan of this platform so cancel subscription. I thought the platform was a but weird and confusing to me.,1
"Wasted 10 mins of setting up just to be met with required payment, app is not free at all, cash grab app",1
NO FREE TRIAL! It said it was a 7-day free trial but .. They charged me immediately! I canceled 2-15-2025. It says it will cancel 2-15-2026! This is RIDICULOUS!,1
Trap...you think its free until they wasted your time getting to know you then BAM! Trials and prices! Ugh ...,3
"Tried making a task and once I created it, it didn't even create. I was like ""Where's my task that I JUST created?"" Wasted my time making a task which was simple but yet disappointed of the outcome.",1
bad you have to pay no,2
"Ill update this, but my first impression was immediately negative, because of many avoidable and obvious spelling errors in the english version. Seems really unprofessional to have an app with 10M+ downloads and not do an english spell-check.",3
This is a great 😃 app. I have a TBI with ADHD. This is exactly what I needed! I tried some others but they were not a good fit for me as this one is.👍,5
"Had to delete my last 1 star review because you can only review once. But this app is a SCAM. please don't buy the full year, I have been emailing for weeks to fix the problem and I was getting replies and help right up until I sent them proof of the issue, as soon and I showed them proof of my account not working after paying the full year they went radio silent on me. They accused me of using wrong log in details etc, I'm not stupid. It's so annoying. Waste of time and money!",1
"If the application is a little broken, when I registered in it, it deleted all my previously completed tasks and I lost everything. This is frustrating, and I also do not want the application to remain in purple, and I did not find a way to change it. Can you help?",3
Extremely long and annoying onboarding experience. Let me start using the app already!!!!,3
I suffer from anxiety / depression. I find it helpful to see my tasks and be able to check them off a to-do list. I find more on the app as I use it more.,5
only.just downloaded it but i really struggle with competing things and this seems gealpful so far,5
Hi....I used your app for 2 days but I didn't like it much...then I deleted the app but forgot to cancel my subscription..but without informing me once they deducted the money which I didn't expect I request you to refund my money I have applied for cancel subscription but they say we won't refund... please try to corporate with me and give my money back,1
"I downloaded the app and started to go through it and was disappointed to find out it requires a subscription. I understand it says ""in-app purchases"" but was not clear ahead of time that it is required. I won't be using this.",2
Very expansive and they trick you by letting you answer this really long questions and only at the end the tell you it payed app.... dislike Also after you answer the million questions the app doesn't give any routine! You need to buy them they are not custom made! So they steal your answers and don't provide nothing in return,1
"horrible much question to ask, can you just start as an normal app? stop asking me questions",1
"I don't advise anyone to download this app, it's a big scam. It's just writing a to do list which you can do on your notes, calendar or even on your clock as a reminder.",1
"I had cancelled the trial within hours on the first day, and yet they still charged my credit card for a full subscription. Used their form to request refund but have yet to hear anything after a week. Sent second form request for refund today. Frustrating! Terrible practices and use experience.",1
They bill you for 7 day trial. Scam,1
Not for me. I hope uninstalling is enough to cancel the subscription.,1
"This is a basic to-do list app dressed up a bit. There's nothing particularly special about. It's got a library of mental health content, I guess, but I didn't find it to be especially well integrated to the app's to-do functions. Worst of all, my notifications don't come at the time I schedule them. When I wake up, I have notifications for everything in my morning routine because they all went off before my scheduled wake-up time.",2
"Very disorganized app. Unfortunately purchased it, uninstalled it within the week.",1
"This app wasn't the right fit for me. I'm sure it's great for a lot of ppl but I don't need an app suggesting I contact a therapist if I mark a day ""ok."" Sometimes ppl have less than stellar days but they're not in need of help. Also, no way to mark ""sick"" on mood days, and I'm not marking ""good"" or higher bc I AM SICK, so asking if I need to talk to someone bc I marked ""not good"" when I'm sick is super irritating.",3
There are no videos that show you how to set this app up. Wondering if it's a scam bc they instantly want to charge you.,1
"I installed this app for the free 7 day trial. The app immediately charged my card for am entire year of service, instead of after the 7 day trial. I deleted the app without using it and tried to get a refund back, no reply back from the company. Not sure if this is a scam",1
"Why would you need users to ""sign"" their nickname in handwriting??? This screams identity theft and scam to me.",1
"Should be shut down for FRAUD (Wish I could give ZERO stars). Signed up for the free trial and was charged the same day! I never got to make an account or try a single amenity of this app. It literally said I'm using it as a guest, but you all did not hesitate to take my money! Contacted customer service and did not get a response, and the help center didn't have any answers. I had to contact my bank to dispute the transaction. Very annoyed!",1
In-App Purchases with NO Dark Mode. In-App Purchases with NO Option to Reorder Subtasks. In-App Purchases with Updated Subtasks DISAPPEARING. In-App Purchases with FORCED Subtask Disordering if Updating Subtasks.,1
It completely doesn't work. I just kind of got stuck. From reading the other bad reviews I'm deleting it.,1
Too much of Ads. Ads showing for every task I had add. Even those Ads distracting more. TOTALLY IRRITATING WITH ADS...😑😑😑😑😑,1
This app has helped me a lot with overfacing depression and being organized it should be an app for everyone,5
You have to pay which is no big deal but still a negative. It doesn't give me notifications as it says. It doesn't help in my opinion. Please understand that this is my opinion and difficulties. Thank you.,1
"Someone wrote a review for me, and that made me extremely angry. Don't recommend this app at all. Information was stolen and they won't turn off the subscription.",1
"Its questioner is useless, its not free, too costly dont waiste time on this app",1
"I was proceeding through the setup questions, and suddenly, there was no button to continue. So I'm stuck in the setup and can't move forward. Too bad it looks interesting, but I'll never know. I can't send in any feedback because I'm stuck in the setup screen. The screen says, ""Do you relate to the statement below? I feel anxious when I have a lot to do and don't know where to start"" There is a picture but not ""Continue"" button. The only option is to go ""back"".",1
They asked me personal questions and charged me right away .!!! And they said that they offer a☝🏻☝🏻7 day trail ☝🏻☝🏻🤬 !!!!!! warning: DO NOT TRY!!!! Be happy how your life style is😁,1
Money I don't have... Excuse you I never paid for this. I'm just saying money I don't have. Money people shouldn't pull. Because mental health services in our area are non-existent What My health insurance can't pay for it. I don't know entities like you are part of the problem.,1
"I did the depression quiz on this app and got moderately severe, and their artwork for that was horrifying and triggering, and I am immediately deleting this app. I'm not going to be specific as not to trigger anyone else, but if you struggle with depression or substance abuse, don't use this app",1
I did a toxic personality test and at the end the app called me arrogant with to much pride and that the world doesn't revolve around me I've already have had too much pressure at school but thes made me burst out crying for 2 hours if there were less stars I would give less stars,1
"La app es buena, ayuda a organizarte y a ver qué cosas importantes falta realizar, el problema es que funciona mejor en modo invitado qué con una cuenta Con la cuenta tengo que ver videos cada vez que quiero agregar un task nuevo, con la versión de invitado no, pude añadir todos los que quería sin exigirme el premium o ver videos, eso desmotiva demasiado",3
I think this awsome and has helped me alot whith my severe depression,5
no dark mode. unacceptable,1
"No trial period. You can't even look at the product without paying for it, and there is no simple $2 or $3 trial. They get you for the entire amount just to see that they use pdf files. Very disappointed",3
Not once but twice they took money from me. I keep asking for my money back. I don't even know if I'm emailing the right people but I'm telling you right now I don't want this and I want my money back... This app is completely useless and you guys keep taking money from me just before Christmas too. What the hell?!! Scam scam scam.,1
Sick & tired of all these subscriptions. Can a person just pay for something once and own it? We used to live like that and it was great! Let's go back to basics because I'm so tired of endless subscriptions and I'm not paying a penny. Which is the developers' loss because I would pay one time price (reasonable) to have lifetime access. And now I'm just uninstalling the app.,1
"I hate apps with dumb services like this that I'm expected to pay monthly for, not cool.",2
This app sucks. I paid for it its jist a bunch of test and a todo list that dont help with nothing,1
"It wants me to pay to add tasks. Who wants to pay that much for a to do list and task app. So bad. It had an option to watch ad or pay, but after 2 days of using this app it asks me to get the premium or don't use the task option bruh isn't the task the main thing in this app and it wants me to pay like it's a premium option. I can literally write my plans down on a book or in my WhatsApp or notes or whatever. So I don't need this app. I don't recommend this app. Some good features but MANY bad",1
"App is awful, some kind of ridiculous adverts pop up every second, completely useless",1
I can't delete a task and its killing me. I need to be able to move it from day to day and I can't.,4
Doesn't merit any star rating at all. Lousy apps and wasted my subscription money!,1
it helped me stop self harm,5
"It's cute, but after the whole introduction thing, I got so lost. I was confused, and there was just too much stuff. I am a person who loves simplicity and organization. Sorry for the low rating, but it just wasn't for me.",3
Worst app!!,1
Super annoying app. Had all of 2 minutes to check the app out before being forced to give a rating (there was no option to close the window). From there it just got worse. Everything is behind a paywall and there's just constant ads. I got so frustrated I deleted the app almost immediately.,1
I tried the 5 day trial and was charged for the year straight away. Its very hard to unsubscribe and get money back. Feels like a scam or at least poor business practice that creates distrust.,1
No sé porque las notificaciones no tienen algún tipo de sonido pero la aplicación es buena sin importar eso,4
"I just waste money for a cutesy app, the pop up add (that You say is not but a special promo for ""premium"" users) should have an option to just remove it. When I want to copy a task it shows up only on the current day, so if I'm planning my week ahead I still have to do it manually task by task, notifications just don't do the trick to keep me aware of to dos and widgets are completely useless since I cannot see the entire list of tasks. I'll just keep using my email calendar.",1
FRAUD!! Don't want to rate even one star. This is a fake app which will promise you for free trial and will charge you 2k and never refund. All ratings and reviews are paid.,1
You know what stresses me out? When you download an app for stress and management of your life and you get to the very end of answering questions and then ...OHHHH WAIT NOW YOU HAVE TO PAY FOR IT!!!!! BOOOOOOO!,1
This app is amazing but the ads are too many their is no problem with having adds but they are too many like if you even want to write a to-do you must watch an add it's annoying,3
Awful. It just constantly is trying to get you go sign up for a therapist even when you are telling it everything other than the weather is fine! Now struggling to stop it taking payment!,1
"Money hungry app. I was offered a 50% off deal for this app, but with no trial offer. Why would I spend money on an app I can't try first? To use the 7 day trial period I would have to pay the full $40/year. Apps are getting too expensive. I can't afford to spend $40 each and every year that I want to use this app.... And every other app! Whatever happened to one time payments for lifetime usage? Is it necessary for this company to make tens of millions of dollars each year? No, it's not.",1
"Usually love this app but some times it doesn't work the way it should. Today when I went to check off my morning routine, all of the tasks for just today we're missing. Yesterdays task we're still listed and tomorrows task are still there but I had to rewrite today's which took forever and dose not help me stay on task. The time on the sound scapes also does not work. It stops early constantly and then starts up out of nowhere. Edit: day 2 of waking up with no tasks for the day.",3
"The app seems lovely, but I can't even add a routine which makes the app virtually useless. The ""start now"" button vibrates when tapped, but doesn't do anything. Super frustrating. I've reinstalled the app to give it a second chance but still doesn't work. What a shame 😞",1
I luv this app so much it changed the bad me!,5
"One of the best apps I've found for daily planning but I can never stick with them, it's a me problem not a me+ problem lol.",5
The app was difficult to use. I payed for a monthly subscription then was unable to access the account. Overall I would say it was not organized and difficult. The whole purpose of this would be to make ones life easier and that is not what this app has done. Very annoyed I could not get back into the account after I spent $19.99😭,1
I tried to use it but every time I try to move something it resets it rly annoying 😡,1
"Bruh, bro its bad there is so much thing to click ım going to use just a paper.",1
"I installed the app which had a free trail for 7 days with an option to prevent unwanted payments, but today i saw a purchase, i never had the option to disagree, I didn't want it I want my money back please😔",1
"It took me 10 minutes to answer all the questions and get into the app. I was okay with it, but the pop up and ads made me furious. It won't leave you alone for a second to do your thing. Keeps bringing something up from promotions to asking to rate. Let me use the freaking app. Uninstalled",1
Unfortunately doesn't support Arabic language,2
"I wanted to try this app, I was under the impression there was a 7-day free trial, but got charged right away. This is not what I wanted/expected. Now I'm struggling how to get my money refunded...",1
Hate that an app asks so many questions to then ask you to pay. Be upfront about it...,2
Because it's mostly freei probably will change but I hate when I haven't had a chance to get into an app n be able to use it before being asked to rate it,2
Horrible asks for money 24/7,1
Way too many ads also the ads are sometimes inappropriate. I would not recommend it. It may look good in ads but they always put an add ever time you add something to your plan. Bad.,1
Took the money from my bank account for the subscription even though it quoted I had a 7 day free trial. Will have to wait at least 4 days for a refund. What a scam. Thoroughly disappointed,1
Subscription based. Which doesn't say so in the beginning. Scam,1
"This was not useful for me. I was forced to subscribe before I could use it, being informed that it would be a free trial. However, my card was charged. There is no way for me to contact the company to dispute the charge.",1
"at first I'm impressed because they asked such a specific question such as my sleep period, my goal and more. What makes me rate this app one star is because i couldn't create even a task! i tried multiple times but it keeps saying ""request failed"". what actually do i do? am i doing it wrong? or do i need to pay?",1
"This app might be worth the money but I'll never know because I can't even check it out or try it out. they want you to pay up front before you ever get to even look at the app. I'm not doing that. That's ridiculous. I was anxious to check it out but I ain't paying for something up front blindly, that I haven't even been able to look at, not happening",1
This app absolutely sucks can't add any task to upcoming days. Biggest draw back no full view Calendar only can see the day it is. It the biggest waste of money. Buyer be aware they false advertise app.,1
Fake app not able to.track anything thwre is no option for return or refund money no help.,1
"I want to say I like this app, but you're immediately limited to just listing 3 tasks. It's disappointing that I have to pay to use something meant for mental health.",1
"So annoying to setup, questions after questions all I wanted is a tracking app to track things I want to track, simple as that, there is no way to skip all the questions",2
"since I last used it, this app has so MANY ADS. I'm so tired, I can't concentrate and just use it.",1
Bad,5
"I thoughg there was a free trial But I was charged, so I cancelled it roght away 🤔😔",3
"Before I had said ""I deleted it 2 days after I got it. Absolutely terrible! Hate it! In so many ways I can't even describe."" Now I say, it's amazing g and it really changed my life since they updated the app!",5
I've deleted my account but they still charged me!!!!,1
"Ads, ads, ads, seriously I got discouraged in the first few minutes of using it. I'm not upgrading to Premium or buying your other apps...",1
"Plans shown in the advertisements do not exist or atleast not in that quality shown. So you have to create your own plans. The app itself advertises a lot of other apps from the same company. I don't want any annoying popups when i pay for the app. Also the subscription was offered with ""2 weeks testing and then you will pay"". The subscription started immediately, so i paid 22€ for this app with fake advertising. Also important the app says i have depression to sell another app of them. Scam",1
paid the $20 subscription and decided in 5 minutes this is useless to me. wants me to start entering tasks. would take forever I already have a to do list. didn't motivate me at all. will Uninstall after this review. and the pop ups asking about therapy was more than annoying.,1
"I think the app is a good idea. But I don't think it was written in English originally, and the translation is bad. I didn't complete the questionnaire because, while I could make out from context what was being asked, it gave me no faith that it would be any better once I finished the questionnaire. I don't want MORE mental stress in my life.",2
I hate these apps that don't tell the subscription price until after you invest 5 min installing the app answering all the questions...,1
"This app doesn't work with an alarm, you could be engrossed with your work and miss a task. The reminder feature doesn't sound an alarm to notify you. That's bad, I don't like it!",1
"I'm really upset now I'm from Iran, and because of that, there is no way to pay",3
helped me figure out lots of problems with me :(,5
Punishment review. The UX is taking every opportunity to ask me to subscribe or leave a review within the first 5 minutes of using the app. It's annoying and poor form. Give the User a chance to actually use your app before asking them to pay and review the app.,1
"Scam - Be Very Careful! I signed up for the 7-day free trial, and they charged me immediately! This was very misleading. The app itself is not good at all — it doesn’t live up to expectations. I highly recommend being cautious if you’re considering trying this service.",1
Cancelled my subscription via Google Pay & they continue to charge me. You have to email them directly in order to cancel.,2
good app but it doesn't give me free subscription but I'm a student I can't afford this subscription and if you free that subscription to people like us they'll pay later,5
This app does nothing more than the calendar on your phone. All it does is try to get you to download more of their apps to add useless features. Total scam.,1
Me+ is the app i needed but didnt know. Thanks to Me+ im starting to change!,5
idk it forced me to give a 5 star rating ngl,5
"I can't believe... App not allowing you to add more then one tasks if you are not premium user. Come on, the worst app ever.",1
"BEWARE! They processed my payment and now they tell me that I have no account with them, so I can't access the paid version. I emailed a copy of the payment receipt and now they are ignoring me. Next stop credit card company to request reversal of payment. Absolute scam artists. BEWARE!!",1
"Scheduling reminders don't work at all, which was the main thing I needed. It seems littered with superficial quizzes and motivations, many with spelling errors that cause me to doubt its validity.",2
I don't even subscribe this app for one year but they deducted my money from my account without my consent. I tried to request the refund but they denied it.,1
Hate it cannot figure out how to cancel subscription ive emailed several times . There is no menu icon on the page and 3 dots ? Why won't anyone email me back and cancel the sunscription ?,1
Good app but unfortunately ruined by way too much ads....,1
"Some feedback: 1. Sorting option to incomplete tasks first 2. Changeable Default settings to add say 15 daily tasks or 5 weekly tasks. All tasks default to one time, so is a pain adding multiple same cadence tasks together",5
Beware. This is not a free app. Please remove from the free section.,1
I'm sorry but I would give app five star but bug makes me so angry .when I am planning to do something bug came and I can't do anything so I'm leaving this app or please fix this,5
Not free but on the free list for whatever reason,1
Wasted 5 mins of my time doing the intro quiz for them to pop up the pay to use screen. Girl bye,1
"Do not like it at all. Led me to believe it's a planner, where you can easily set up weekly routines, make better habits etc... After sitting through their presentation, then paying my way through the pay wall... I spent 20 mins trying to figure out how the hell I can set up a plan for anything. Nothing makes sense on where it should be, and you have to create tasks for every individual day you plan to do them. Awful. Spend your money elsewhere.",1
"May deserve more than three stars but I decided within just a couple of days to cancel the subscription. It says that you get a seven free-day trial, but I was immediately billed as soon as I downloaded the app. After canceling the app. I still have not gotten a refund and it has been almost 7 days. And there appears to be no way to contact anyone to get my refund.",3
The worst app. It says making a schedule is a premium feature. Tries making you watch loong adds. It's not free. Why making one single schedule needs premium membership?,1
I don't like it is not free,1
good but I hate premium apps,4
Just a dumb app,1
This App. is a game changer! I am now equipped to handle the daily life stress. If you are one of those people who has a hard time starting/finishing projects; this app. is for you! My life is finally in order.,5
I'll edit my review if no ads annoyed me😊,4
"Not helpful at all. Actually I wast of time. You can just use Google calendar, which has more customised options than this app. I spent 2 hours planning yesterday, and today, there is none of the to-do list task. All disappeared. Then, it is trying to collect all my data for more than 700 vendor's, when I rejected it, I was not allowed in an app I paid for. I will be uninstalling",1
It's good but bad too,5
"3 minutes of onboarding hell, then a pay wall 🤣",1
Not free. They give a 7 day free trial. Then you have to pay for your plan. .,2
Just another useless app that is full of ads. Does not allow you to add 2nd task without switching to premium option. And keeps shoving the premium feature on your face even though you do not want it. Uninstalled immediately after the use of first 5 minutes,1
"Good idea and interface of the app but such an awful system 👎 the day before I put my tasks for the second day, and in the morning all the things I have put are gone 😓 and I should write them all from the beginning! To put one task you should watch an ad for 30 seconds if not more! And after you edit the task you should watch an ad again! Disgusting!",2
Very bad,1
i didn't expect that's best,5
very worst app 😒 😑,2
I have to pay and every time I try to delete it will almost make me pay this is one of the worst apps I have ever seen in my life if I could I would give it zero stars.,1
It's really helpful but it's inconvenient trying to fight with ads just for one quick reminder.,2
This app offered a 7 day free trial and then charged me $20 on sign up day 1. Features and templates are not very helpful. So disappointed.,1
"Using my watch for task reminders to avoid distractions from phone. In its current state the app does not work for me because 1. in contast to other apps I tried, notifications forwarded to my Garmin watch only show as ""ME+"" and not displaying the title of the tasks unless I click into them one by one. That implies I have no overview of my tasks on my watch. 2. Missing a Details field on tasks, and the title of max 50 chars is not enough for description of the task and would clutter overview.",2
This app is worthless for ADHD. It's too conceptual. Not intuitive. I've tried to cancel and get a refund. They are vulturing money from vulnerable people. I need a refund for this garbage.,1
"Some basic functions you expect won't work to like your tasks disappear and you will have to logout and login to get them back DAILY!!!. You sometimes cannot mark task completed, they do not have a proper downtime message the app just stop working. Not worth the purchase, just frustrating fancy ui but lacks functionality which is what customers look for to begin with.",1
my first task wz one that needs to be done urgently but not necessarily today coz I may not have time but I must choose a date? n also you kinda need to pay which sucks but it's not a lot,4
Useless. Waste of money.regret purchase.false advertising,1
you cannot use it as a planner. totally stupid to have to open several different apps to plan the day,1
It doesn't check my to do it is bad I will stick to my notes,1
The worst app and I want my money back. Nothing saves in this app. All the routines you make do not save and if you try to reorder them from top to bottom they just reset. Please give me money back. Absolutely terrible app. Big time scam.,1
Too many ads. It's annoying really not worth it.,1
You have to PAY?! I'm poor I can't I guess I am going to stay stressed because I am poor 😔.,1
"This could've been a cute app but even with the premium option you get an uncontrollable amount of pop-ups. It also constantly suggests BetterHelp which we all know is a scam and there's no way to turn off that suggestion. I bought an annual subscription upfront. Waste of my money, if you're another potential customer looking at my review just get another app like daylio or like. Your notes app.",1
"Another app making up bogus prices and ""discounts."" I've seen far better apps charging $15/year for various services. This disgusting, dishonest greed means I will never pay you.",1
"I never got past the very first part because of a major spelling error. If no one caught the typo pre-""frontat"", how much attention have they paid to the details of a plan that is supposed to change my life.",1
"Two many issues. Basic app functionality was broken for me. Honestly love the style of the app but basic things don't work, every time you open the app there is an ad, and worst you are paying $10 a month to get that ad. Why??? The app when you launch it ask you to rate it 5 stars, this at is not worth one.",1
"Te motiva a tener un horario y disciplina (que es lo principal de la app por lo que promete), es estéticamente lindo y no es complicado de usar. Además de que no es necesario pagar por ella para usarla, por lo que la hace más útil para quienes no están disponibles para pagar",5
Asks u a hundred meaningless questions before starting... Doesn't really matter what ur responses are and then asks u to pay.,2
"Horrible. Full of ads, can't set certain days when tasks start, can't see a calendar full of tasks. Asking for 5 stars when I haven't even been on the app a full 5 minutes. You're supposed to make things easier, all this app does is add confusion. Would never recommend not even to my worst enemy. Do yourself a favor and look up schedule templates and do it yourself. This app is garbage.",1
I just started. so ill let you know,5
Someone needs to call me how did $150 come out of my bank accout to you this is a scam,1
"Using the app less than a week, I make tasks that are daily and weekly with reminder. The reminder notify me late, and when I open the app, the tasks have disappeared for the day. I close the app and restart it, they still don't come back. I browse forward into the week and some tasks are there, and other have disappeared. I can't, in good faith, give this app more than 1 star until these issues get a permanent fix. I paid for a yearly subscription, and if there's no fix, I'm cancelling.",1
"I find it very hard to believe that the newcomer discount lasts for the two months that I've been using the app. Regardless, the developers really seem to want me to think so because every single time I open the app for the last two months, they've hit me with that ad at the beginning. It's common practice and common sense to opt out of this notification, especially when the option to buy is always available. It's infuriating and it needs to go.",1
"Routine tasks are randomly missing from days. How am I supposed to build a routine if pieces of the routine are missing? I asked on the developer's discord server and was told ""this is a feature still in development"" What? Recurrence for routine building app is still in development? Why did you release the app then? Why did you take my money as a subscription? I'm pretty mad that I paid for a year subscription that has such a broken, basic functionality!",1
"Me was really my bestfriend, It helped me so soooo much but after the update Iam really sad , it only works with wifi and sometimes I don't have,",1
"Two days in a row it has deleted my tasks on the day of. It shows that I have tasks tomorrow but come morning, all of my tasks are gone. Am I doing something wrong? Now I don't remember what I have to do today. Edit: they contacted me and it has been fixed",4
"Does not work properly, daily tasks seem to disappear randomly some days when they are set up properly and leave whole days blank or with missing tasks.",1
Still flooded with ads after yearly fee paid. Most function is same as other free routine trackers. Lack of function to choose between weekdays/weekend routines. No stats for each habit. How are tasks set to repeat everyday disappeared? I have to editted each task one by one for it to be repeated again. Isn't this a simple and important function to build new routine. Finally have to uninstall and cancel subscription. Why can't a simple function like daily checklist be done correctly?,1
It is motivational but there are way too many ads! And they force you to use a premium feature anytime you add a task and you have to watch an ad. It's so annoying!!,3
"ME+ WHAT THE HECK??????? I CAN ONLY ADD 2 TASKS DAILY THEN IT FORCES ME TO SUB?!?! UNINSTALLED IT, THE WORST APP EVER!!!!!!! >:(",1
"I spent a lot of time setting up tasks. I got notifications and the tasks showed on my widget but when I open the app, there are no tasks for the day. This happened for multiple days. I contacted support through the app but got no response. Thought I had a 7 day trial, but was charged for a year on day 1. Complete waste of time and money.",1
"I have no idea how this app has such a high rating, but it sucks at the main point of the app. All tasks I added to do every single day don't appear every day and are not consistent. The notification for the task appears, but the task is not there... From such a bigger company with more apps and developers, it sucks. A much better job could be done with more effort and thinking.",1
No alarms just silent notifications. I prefer alarm reminders,2
"App itself I found USELESS. When I tried to cancel membership within trial period, I wasn't able find it IN the app !!! You have to cancel it in play store. They charged me $43 for useless nonsense thing which only suck more of your precious time. Garbage !",1
"Every time I log a task in saving it as an everyday thing, and then the next day I wake up and I see either a task went missing or no tasks be there at all! I had to keep reinstalling it so my tasks doesnt get deleted! And when I do make a new task to replace the old one, THE OLD ONE COMES BACK, and this frustrates me. Im just wanting a routine planner for my ADHD so I can focus!",3
No kdea how this works for people without real issues that make things harder but this is useless for anything that isn't a motivational or organizational issue and the initial setting up makes no allowances for things like physical disability so I find it very hard to use.,3
Looks good but despite turning reminders on for each task I don't get any notifications at all and the app does not appear in my app notification settings. I assume they want you to pay in order to get the notifications which means the app is useless unless you pay.,2
"installed tried for 3 days but found it not helpful, so canceled and Uninstaller only to be charged for a year of the service.",1
"The app doesn't let you have a time period that ends between 12:00 noon and 1 PM, and the English localization is really bad.",1
So lame how they make you go through this long questionnaire and feed on your insecurities before telling you that you have to give them money,1
"my plans disappear, and I can't keep count of what I do or what I have to do. ads for everything, and if you watch 2 ads for a day of premium membership, it is useless, ads will keep showing up",1
ugh the app opens by making you click through 20 screens of useless personality quiz questions so they can sell you on a subscription. I don't know how any of the actual features work because I finally got through that quiz to see a 'claim your daily gift' gamification banner and was so annoyed I deleted the app immediately,1
"Very Negative Experience with this App. Beware!! Wish I'd seen the terrible reviews before I experienced it myself. Went for 7 day 'free' trial where you unfortunately have to provide your bank details. They claim they'll contact you before 7 days is up to remind you to cancel. I realised the App wasn't for me and I didn't use it. Sadly they didn't contact me, and I went and forgot to cancel/contact them. Charged £37.99 for something I don't want/use. Can't get refund. Even PayPal have tried!",1
"I like this app. It helps me a lot with remembering to stay productive and stay on a routine, but every time I try and make a new task it makes me watch a full 30 second ad and won't let me skip. It makes me really frustrated.",4
"I already use TickTick as a To Do list so I was looking at this to help build routine & stop procrastination... like the quiz asks when you start the app. This app doesn't do anything of the sort apart from constantly ask if I need a therapist. It's basically a to do list but without many creative options, with no reminders, and no stats on completions, etc. There is nothing here that addresses what I was looking. Sadly, it was a waste of $20. Really disappointing.",1
The English grammar is bad.,1
"Not impressed. Tried adding a routine and it froze. Then tried cancelling because I had JUST signed up and it did indeed cancel but it will not refund my money. Just won't renew in July of 2025. Grrrr. Also, many of the so called routines offered highlight tick-tock.....true waste of time.",2
"The supposort team seams very friendly at first, but when it came to ""actually"" get a refund, they postponed the issue frequently and i had to follow up the matter several times, only to get absolute no answer to my last email. It's a shame.",1
"Was charged for a year, policy says if cancelled within 24 hours a full refund will be issued. No way to contact developer. Scam app.",1
"Its a paid app which you understand after you wasted 10minutes with it. Disgusting, money hungry people",1
"I really hate how it was marketed as a helpful orangization app for people who struggle with structure. It's just Google calendar with more steps. It doesn't break down tasks, it doesn't make a big task into a bunch of small tasks, it just lets you schedule something and that is all",2
"Not worth the hype. I'm on the seven day trial of the app. The aesthetics are ugly, especially the kind of hyper-deformed people bodies. I'm sick of that drawing style. For starting with a test, it doesn't offer any customised plan, only some made-up routines to choose from. It's also full of ""day in the life of a TikTok influencer"" -this is not what I look for in a self improvement plan. I don't even have TikTok (trash content you don't need)",3
Fraudulent 7 day trial. It asked me to set up auto-pay for the trial and immediately the amount was deducted. I was thinking I'll make the purchase if it works out after the trial period. But do not feel like trying it at all due to the way the fraudulently charged the subscription amount,1
I didn't get a free trial. They charged me immediately.,1
it's good but I don't like how I have to pay bc like I'm a teen and I don't have money u know,3
"The app has potential, but I can't give 5 stars before the following issues are solved: (1) the app is constantly in a near crash state, I can notice that my phone stops working momentarily with only this app open; (2) the lack of interactive widgets is very disappointing. I cannot scroll through my tasks without opening the app nor can I mark a task as done. To finish, some other features I would like to see are: (1) enabling custom colors for tasks; (2) dark theme.",3
Why not you put your app in paid section its disgusting ...,1
Promises a 7 day free trial but charges you immediately. No way to test the app at all. Cancelling immediately does not result in payment being refunded. Predatory behavior - stay away.,1
This is a scam. They sell you on a personalized for you. Ask you a bunch of questions then get you to pay and never deliver the plan. Then ignore when you question this am ask for a refund. Shame on Google for even allowing this scam on the play store,1
"I just wasted my money. The app gives you nothing u need to plan everything on your own. The way they take the survey i thought they will make up a sorted plan for me, if i myself have to do everything whats the use of paying. Just regretted wasting my money.",1
"I cannot afford paying monthly for app to help my ADHD, depression and anxiety. That's ridiculous.",1
Not free you need to manually input im lazy,1
it's good but bad,4
"It costs money to do most things. I found it very confusing how to do multiple things such as make a schedule. The setup is long, but that was ok with me. I had this app for 30 days to try it out to see if it helped me but it just gave me more stress. I couldn't handle this app anymore when I reached the 10 day mark, but I kept pushing to see if it got any better and it just got worse. I would not recommend this app to anyone. This is one of the worst apps I've ever had. Do not get this app!!!!!",1
"I like the app, but it's annoying to have to turn off the add every single time I log it. why isn't there a 'don't ask again' or something because It seriously makes me want to avoid opening the app or just deleting it. I would also use it a lot more if the widgets didn't take up so much space. The widget itself isn't even always that big, but it stops me from putting apps in a space that looks empty.",3
Really usfel I was so lazy now I'm as fast as a bird,5
"scam app. do not bother notifications don't work, a BUNCH of typos, hardly any customization. total waste",1
Not helpful at all for me. Only added stress and annoyance at it's design. Not user friendly.,1
"It's totally different from the advertisement. Also, there is an immediate paywall, and it's impossible to cancel the subscription. I feel extremely disappointed and frustrated with this experience, and I definitely wouldn't recommend this app to anyone.",1
It's a really good app and helps me with a lot of stuff mostly I used to go to school late mostly everyday but after I install this app I have been there on time but the only problem is that u have to pay to do a lot odd things,4
Worst planner app which increases time waste,1
"Stop wasting time asking 20 questions and show the price FIRST. Total waste of my time, not everyone can afford £10 a month and end up feeling worse after getting hope from the questions only to find that the app can't help them.",1
"The structure for a decent app looks to be there. Too bad I can't experience it without getting ads just for tapping around. I always try out no premium for a few days before I do the trial for the app, but this is just a ridiculous amount of ads.",2
I really wanted to like this app and was confident it would've been very beneficial for me but unfortunately I am bombarded with excessive ads everytime i click something. It is absolutely absurd that i have to watch a full annoying ad just to add a task! You don't even give the new users a chance to test the app before pressuring them to buy premium. Uninstalled will find something way less stressful,2
"Don't really get it, I like lists and need them to get through the day but these lists are pointless and not particularly useful at all. I use the To Do List app which is free, very basic and easy. Shame I paid for the app before realising it wasn't really that great. Perhaps I'm missing something.",2
I have do t have to worry bout my lack of sleep .,5
Showed I would have a 7-Day trial period but I was charged for the year with no trial.,1
"Immediately deleted after first launch. Features a ""Personalisation"" quiz on first launch that, like on other apps featuring one almost identical to it, is rigged to make you seem like you're in some kind of dire need of their paid subscription. AUD$15.99 a month is initially advertised (with sales, of course) but there is no run down on what features the subscription actually gets you, and there have been many reports of people not being refunded, so that's discouraging.",1
This is not FREE!,1
"It gets two stars because it's pretty. But otherwise, immediate paywall and overall useless. This app was advertised as good for people with adhd and that is a lie... I had a good day of getting all my tasks in and then completed 1 or 2 days. Left the app for a week, wanted to come back because it's a waste of money if I don't use it. But then realized I can't delete a task... huge miss!! I set my schedule but sometimes that changes, and I can't remove one recurrence? Lame.",2
"App offered 7 day trial but when I downloaded, it charged me right away. I have had the app for 7 days and I find it is not very useful. So I am out $20 and cannot find anywhere to request a refund.",1
"They will say you have a seven day free trial and then charge you the same day! Liars! I was charged for a full year depsite being on a free trial. I read the terms of the trial which said I had to cancel 24hrs before the trial was up. I tried to cancel 96 hrs before my trial was up because the app was so bad. I set up reminders, and they work intermittently. Won't be using or recommending. #trash",1
"I really wouldn't recommend this app to anyone. firstly, at nearly every step they push you do download BetterHelp, which while I agree therapy is important, BetterHelp is a terrible app for what most people are looking for. secondly, I took a ""depression test"" and the art at the end looked like someone overdosing on pills while my result said ""moderately severe depression"". not exactly a good look. thirdly, they're obviously copying Fabulous. overall, it's a BS app, don't give them money.",1
This is horrible. It forced me to take a time wasting test that took at least 5 minutes AND THEN it asked me to pay for the app. This isnt meditating me. This is stressing me out even more. One star.,1
Not Best app not.install 🤮🤮🤮,1
"I paid $23 for your yearly subscription, and you still show me ads of your own apps that are extremely annoying. One is always on the bottom telling about ""gift"" where just your apps that I do not care about. Above is your other app that I also do not care about.",1
"This is not a free app. It takes you through loads of questions wasting your time before revealing it requires an annual subscription. I dislike that nothing on the app store or in the first page tells you this, it feels dishonest. If it's a paid subscription with a short free trial then tell me so and let me decide.",1
Worst aap,1
"Just downloaded it 10 minutes ago and deleting it now. Too many ads, and to make it worse, they are video ads that are 50 seconds long. Just going back to basic Google calendar. Waste of time, do not recommend!",1
"Not for me. I don't mind paying but I do all my work stuff on Google calendar and if I can't join the two up, there's no point in having two calendars.",1
"Good otherwise but very obnoxious. Every time I try to do anything, there's a pop-up.",3
The app asks you a series of questions before requiring you subscribe. I activated 7 day trial then on entering the app decided it wasn't for me. Went to Google subscriptions and unable to cancel. No website listed to cancel. Very suspicious. Luckily I used Revolut virtual card on sign up so have deleted the card,1
"The app is very good but the customer service is unacceptable. I was unable to find the ""..."" button to edit the past moods, so I sent an email to ask for help and they replied me to click on the ""..."" to edit the past moods, when I literally said that I can't find it. I asked again also sending pictures to them then I don't have any response for weeks now. I am so disappointed in the customer service team.",1
Charged me right away and did not give me a free trail. Planner was not what I wanted.,1
Few features only can access. Others that you need to pay. Dont like the bug like pushing you to buy the package.,1
Terribly money hungry,1
i would give 5 stars but there are so many popups and ads that make the user experience annoying,4
Don't know what it is but just don't like this app. Adverts are a constant. Can't find where I can silence app from making a check sound even when my phone is on silent. Just not user friendly app,2
Answered 50 questions just to find out it was a paid service what a waste of time!!!!!!,1
"This app is very frustrating. It is difficult to adjust and edit any task. And I have yet to find any way to delete a task once I've put it down. I also realized that there's no real way to look at your purchase, so if I want to cancel an automatic renewal I guess I'm just out of luck.",2
"I'm a terrible procrastinators! This app motivates me stay on task, and I do! 😊",5
bad,1
"It's not free, and don't have any free options. So if you don't wanna pay, don't install",2
Based on the reviews smh I'm disappointed,1
Bad,1
"I do not understand why everyone is rating this so high. There were so many forced pop-ups one after the other, I couldn't even try it to decide if I wanted to pay for it.",1
"Busco una app que me envíe notificaciones para recordar lo que debo hacer. Esta app no me notifica nada, en ese sentido no cumple con lo ofrece",1
"Bold move to have a self help app with broken English, useless templates and a partnership with the worst therapy adjacent company. I knew this app was trash",1
"I need to address this so future users can know in advance. It tells you there's a free trial of 7 days - but that's a lie. It charged my credit card instantly. The app itself is okay for seeing a to do list of what needs done etc but it takes forever to input everything, there's no default options except other's lists, and it doesn't send reminders like it should. I got charged $10 for something I could do on a piece of paper like usual. You also can't use it without paying first. Save your $$.",3
Bad,1
Poor. Too many annoying ads.,1
"I've spent an hour trying to figure out how to cancel this God-forsaken subscription. It's as if the transaction doesn't exist. I better. I better not be billed because there isn't accommodation in the app/online on how to edit or cancel my subscription. Did it even happen?? I better not be billed. I left a bad review, made a complaint. Reported the app for speculation of endangering users and the suspicious lack of customer support especially to cancel my subscription. No helpful response btw",1
Waste of money!! It is not as intuitive as advertising. Too complicated to use!! :(,1
"This app is simple and nothing special so for it to be something that you have to pay for to use is insane, it also said that you wouldn't have to pay until the 7 day free trial ended but I got charged immediately, really disappointing and I could do most of it from my notes app. I wish there was a feature where you could set a reminder that rolls onto the next day until you complete it instead of only getting the option to set it for today or everyday.",1
"Awful product, awful communication from the company. Would not recommend. Find an alternative product.",1
"Really disappointed this is not like the ads. I can't even get notifications to remind me of any tasks. Isn't that half the point of the app? To remind me to do these things? Edit.. I got the notification for an hour after I set it... Another edit: after a week or so of notifications at the wrong time, they started coming at the right time... Until about 5 days ago notifications stopped all together again. I would think for a paid app they'd have something so simple figured out.",1
"Doesn't help with motivation at all, too many ads. Why would you puta word limit for the mood tracker notes? Also why doesn't the tasks that are not done automaticly goes to the next day? There are times I want to smash my phone because of this goddamn app. Do NOT recommend at all. They also charged me for a whole year of subscription when I only wanted a 7 day free trial. I want a refund!",1
Horrible. Wouldn't suggest getting this app.,1
"Terrible! It said I had a 7-day free trial, but charged me immediately with no way to cancel! I really don't like the way the app is setup or its suggestions. Don't waste your time or money!",1
I saw this on tiktok and I wanted to try it out because I'm 8 years old and I've just been having problems my name is Amy I have a lot of friends but I just don't know what to do.😥😫🤕😖.I HATE IT.😭,5
"Just state up front that it is a paid (very expensive!) app instead of wasting people's time... Also, the English is very poor.",1
I had to answer all these stupid questions just to find out that I have to pay for the app.,1
"It was really interesting as it gathered all my information, excited about potential progress. I was stopped by a subscription paywall, that was deceptively leading me to sign up for a free trial that was really hard to navigate out of, because it isn't necessary to use the app!!! I was even fearful I had accidentally signed up, because I have no subscriptions to anything, checking app store. That's how I got here to find more people with the same experience but worse instances of being mislead.",1
Absolutely no mention of having a pay subscription service until you have entered all your information. Par for the course for apps these days but still disappointing.,1
"I deal with a lot of mental health stuff. and tasks, and keeping up my routine is a hard thing to do for me and I struggle very badly with it. and I am hoping this helps..",5
Scam. Tricks you into paying before you have the free trial. Can't share between phones. I accidently paid for this and just got a new phone and can't transfer it to my new phone. So I just wasted $20. Customer service ghosted me when I asked for a refund. Don't do it!,1
Needs a lot of work. I hate how money hungry it is. It's impossible to use it as a free app with how many adds you have to watch before adding a task. Some features of the app are useless too. What's the point of setting reminders if they're late? Would not recommend at all.,1
"It is a subscription app. And basically, it's just a to-do list you have to come up with on your own. Downloaded because I don't know how to be more productive. Was so disappointed after the supper long questionnaire before you find out you must pay",1
this helped me keep up with my schedule this is not the best but it is the best at the same time,5
"This app makes it hard to unsubscribe. I started a 7 day free trial & ME+ App has my debit card info. MY COMPLAINT IS THIS! THERE IS NO CLEAR WAY GIVEN TO 'UNSUBSCRIBE' OR 'CANCEL SUBSCRIPTION'!!! IF I TRY TO "" UNINSTALL"" THE APP SAYS THAT ACTION WILL NOT CANCEL ANY SUBSCRIPTION I HAVE. IT IS DISGUSTING & IT IS ROBBERY TO NOT MAKE IT VERY VERY EASY FOR AN UNHAPPY CUSTOMER TO CANCEL, UNSUBSCRIBE & BE FREE OF ANY OBLIGATIONS. I WROTE AN EMAIL ADDRESSING THIS.",1
Worst ever!,1
Waste of money for me. I cant use it. Its hard to concentrate on. Confusing.,1
"Reminders are late. About an hour, sometimes 40minutes. It takes forever to set up but there a few templates to help but they aren't actually that helpful. All the sounds and meditations just stop after maybe 5 minutes. Some don't even have sound when you click on them. If you miss a day tracking you mood it doesn't let you go back and add it. Somethings are locked even though you paid to use it. An absolute waste of money. I wish I read some reviews before downloading.",1
"Downloaded this app yesterday, disappointed as it doesn't actually remind you to do tasks. Set reminders on the task but nothing actually happens, can't find the settings section. Just overall not very easy to use.",2
Ok so there is no way that the 5 star reviews on here are legit! Like NO WAY! This is the most basic app and not worth a penny! It's simply a to do list and nothing else... I have roamed around the app trying to find if I am missing something but there's really nothing there! I contacted google and claimed a refund within 48hrs because the app was so bad. People need to be aware when purchasing apps that the app creators pay people to give good reviews.,1
The reminders I set would never pop up at the time I set them to so kind of defeated the purpose of the app,1
"Update: Reached out to customer support as advised, and they refunded me immediately! App looks pretty cool, but the trial instructions were kind of misleading, so I had to pay a year's subscription fee for just one day of use ):",5
"I quite like the UI of this, but it's a shame that it doesn't notify. I paid for the 1-year but likely will be asking for a refund unless the planner improves. 30/4 Update: App just stops working when you tick off a task. Genuinely such a shame that this is so buggy.",1
"Watch out they will charge you immediatly for a year subscription. They advertise as a ""7 day trial"" but at the difference with other apps that this one will not wait 7 day to start charging you. No refundable, not possibility to cancel it with google. Money gone. The app is really bad, no customer service, just a money maker for the dev. Avoid at all cost.",1
I am sure once you get through all the advertising and distractions this is probably a good app but as someone with ADHD I didn't even know where to start. So half way through the second add before even getting to try the actual planning I uninstalled. I know they need to make money but at least let me at least try and set things up before you start harassing about money and ads.,1
you have to pay it is infuriating,2
"I was charged 21.49!! 🤬😡 I do NOT have a subscription. Free trial, my #&$",1
I downloaded to try it. The subscription said free trial but they charged my card. I didn't like the app at all so I uninstalled and cancelled the subscription. Now I had to re installed because they had already charged me and my old profile isn't even popping back so what's the point? I lost money on this,1
"It's a great idea, but they make it very awkward and clunky to set up tasks, make them recurring, etc. It's not intuitive and requires so many clicks. They just asked me to rate it and I've barely gotten to use it at all (I hate when apps do that) so I'm not sure about much else yet, but we're only off to a mediocre start.",3
"Terrible app was marketed well I demand a refund since this app does nothing for me not user friendly. I am an android user and they are making it very difficult to refund my money I can't access apple, what a headache. Just put the money back on my card, they keep providing instructions that don't make sense",1
"I'm not clear why this app is so highly rated. I purchased it, but there's so much that was disappointing about it. It sends you through a typo filled, faulty PHQ9. You see all the cute, designed routine cards in the marketing pics, but can't make these. There's a very limited number available to import into your task lists. I thought you'd be able to use/make those, but they are just pictures representing the tasks that get pulled in individually, and mixed with all your other tasks.",1
"Charged right away for the yearly subscription, yes there is a deal but I want to try the app first. It isn't clear at all and misleading.",1
"I love this app, basically it's all in one, but I don't rate 5 stars because it lacks 1 important future, which is night mode. It's difficult to use this app at night because it hurts my eyes.",4
"I don't care if it's good at making lists. You can write things down or use a million other apps. Absolutely do not trust an app that recommends Better Help and tries to get you to pay them within a minute of opening the app with a ""time sensitive deal"". I don't know if it will be useful if I haven't even finished the quiz. No. No. No. No. Unethical nonsense.",1
"I want to cancel my subscription, but I can't find it where. They said go to Google app store press 3 horizontal lines. I don't have those horizontal lines. I CAN'T FIND WHERE TO CANCEL. I've emailed them, and all I got was automatic reply. I just want it canceled.",1
"I am disappointed. I have just taken pictures of each payment page, including the first which states AFTER a 7 day free trial, my card will be charged for my subscription, no payment due today, and the next page which asks which payment method I'd like to use, and the last which says my payment was declined. That is appalling, and I do hope you remove the OUTRIGHT LIES from the process of setting up an account, I'm going to uninstall and use a pen and paper like we did 20 years ago. Shame!",1
The grammar wasn't right and it makes it confusing as to what they are actually asking. Seeing that kind of mistake in the set up phase made me not want to go any further. Not an app I'd pay for.,2
No I hate it okay bye-bye,1
"The app is paid and nonetheless it's ad city. Littered with their own ads and sales. The UI is awful since it pushes their products to you. I can barely use it. The app asks you if you are easily distracted, I answered yes. Now I get peppered with pop-ups and messy UI. I can't focus enough to use this app since the UX draws your eyes to the ads abd there is no option to tuen it off. Such a shame, I'm sure that if it were useable there would be something to get out of it.",1
Worst app for Android it only lets to make ONE task and if you want to make more task you have to watch an ad for each one Such a disappointment.,1
"The capabilities aren't any better than most free apps out there. The onboarding flow is so bloated it takes forever to just see and start using the actual app between all the different nags. What's worse, the nag asking for a 5 star review only takes you to the play store if your rating is good, otherwise they'll just correct negative feedback privately and it skews the app reviews massively luring more users into it...",2
"Unfortunately as I had app with annual discount, 7 days trial is not applicable. If I would only read the reviews I would not buy it. Really regret it! The only use of the app is day to day tasks planning, apart of that is useless",1
I really wanted to love this app but notifications for planned reminders are not working even after restarting my phone. It's crucial to keep me on my routine and without those I have to remind myself to look at my phone constantly to see if I have a task coming which leads to the exact distraction and procrastination I'm trying to avoid in the first place. I didn't want to believe the other reviews and now I've wasted $20 on a year of service after I thought I was getting a 7 day trial first.,2
"No description and took my money when I signed up, no 7-Day free trial or anything. Thieves",1
Has helped me tremendously from someone who can never stay on task and suffer with ADH .,5
"You are forced into a trial that requires a form of payment for after the trial period ends, and then it immediately charges you. There was no period to try this app. This app is extremely scamming and predatory.",1
It's very colorful and cute. I like that you can import routines. But I don't get any notifications and that annoys me because I completely forgot about the app even when I have it at the center of my hotbar. I paid for and really wanted it to work. Sadly isn't for me.,2
"distracting ads and pop ups, ""open gift"" button at the bottom just links to more of their apps and won't go away, pop up request to rate their app with no option to say no, so here's my rating. cute, simple design, but absolutely ruined by not wanting to open it and see the pop up again.",1
Not useful. Would like a refund.,1
I really wanted to use this app but unfortunately it doesn't scale to the galaxy folds screen size!,2
At first when I downloaded this app it wasn't really good and I deleted it. Then I downloaded it again to give it a second chance and it is much worse you can only make two task if you wanna make more you have to pay for it. Do not download endless you only have two things to do every day or you want to spend your money.,2
"NOT free! And absolutely not with the money. It doesn't function quite as advertised. Used it less than an hour and cancelled, but not eligible for a refund. You'll probably end up with buyer's remorse and be out the money if you purchase this app.",1
"Very basic, from what I've been reading they seem very scammy, you can't have that many reviews saying you signed up for 7 days free and get charged for a year. I've paid for the year which was 18.99p as I was bombarded with the offer, I will continue to use but I can see within a month it will be just sat in my apps not being used if they don't update app and make it more appealing. Really dissatisfied.",2
"Bad app. I paid for 1 year and it just a list of tasks, makes me a phone addict. I uninstalled it.",1
Does have the functions it advertised. Laying out subtasks without the ability to add the time to each task isn't worth paying for. I can do that with a pen and paper. This is a useless app,1
"The whole business model feels predatory and takes advantage of people's desperation. The ""SUBSCRIBE NOW AND GET 50% OFF"" popup was especially concerning as it secretly SKIPS the seven-day free trial and charges you 20 USD without warning. I'm glad I paused to read carefully. What a disgusting way to cheat people out of their money.",1
I am poor to buy the subscription thus not interested into improving my life,1
"I'm unable to subscribe!! I was charged over 50.00 when the payment is 39.00, and trying to contact someone to cancel is ridiculous. I have contacted PAYPAL as well. I informed them that I tried to send an email to this company to cancel my subscription, with a screenshot of the charge(s).",1
"Horrible, impossible to quit too...been trying for months",1
There's no way to set your time zone. All of my reminders come in an hour after they're supposed to. Can't believe I paid for an entire year of this. What a waste. Fix your app!!!,1
I didn't check the reviews first and signed up for a free trial but the app is completely useless and has kept charging me £10 every month. I've managed to cancel the subscription that I didn't sign up for now but do not download.,1
"Not free, only a 7 day free trial. No thanks....",1
"It's amazing, but it was not as good as how they showed in the ad, so I was disappointed",4
se*iest UI/UX I have ever seen but the freemium thing sux,5
"Love the app but I recently got a new phone and was forced to start over. No where to sign in. I'm curious, if I paid for a subscription, why am I not able to access my account?? Kind of defeats the purpose. Will be cancelling my yearly subscription and continuing on with my regular ole paper and pen method",3
"Horrible. I reported for my daughter using my card without my permission. They respond back and you and give you the instructions, only for them to repeat the instructions again and ghost you. I have email over three times about this and no one has responded. Horrible customer service that tries to gaslight you into you thinking that you didn't do something right when the recipient was right there. As soon I followed instructions, no one was available.",1
Terrible app not what was advertised. Looking for a cleaning routine as it was advertised but when I got it there wasn't one. It said to sign up for a 7-Day trial so I signed up but instead of just charging me today and then when I got into the app it was terrible. And I didn't even get my trial. I do not recommend this app,1
You see the first ad before even seeing app itself and the intro is insanely long. A lot of unnecessary features but lacks basics such as disabling vibration upon pressing something or any normal settings at all,2
Shame it's not a free app,5
Not a fan of subscriptions. Its not free please beware.,1
This us probably the worst app I've ever seen.,1
I hated this app bcz you had to pay does it not think that kids might want to have this I was 10 when I got it and I am 13 and downloaded it again still don't like it,1
"It is missing pretty basic functionality - no sound control in the app, emoji search function is useless, a lot of emojis missing that are basic to a routine (vacuum?). It doesn't save items you've made for easy add later. There are some things that maybe aren't part of a cyclical routine and you then have to recreate them each time. Also, the discover function is weak. It still has ""fall routine"" as a filter, a sign that it is not updated regularly.",2
"DO NOT DOWNLOAD!!!! The ""trial"" period charges you 31$ and will not refund if you cancel!!!! SCAM!",1
Of course the app asks for money before even trying... So sad,2
"7 days trial is a scam You get charged for the plan right away, there is no way to just try the app and decide if you want to take the plan. Good that I did read everything very well and they couldn't take my money. Uninstalled it right away. Too bad I don't get even to try. I could pay if I like it but since I can't try for free, I'll go get a different app.",1
I downloaded this app and it gave me absolutely no instructions on what I was supposed to do. Absolutely nothing. I had no idea how to use it. Useless to me,1
"The app is great, and I want to keep it downloaded because it really is helpful But... I paid for the $ 19.99 one year subscription a couple of weeks after you guys charged me for that. You tried charging me for the $ 39.99 sub, but it didn't work because I didn't have any money at the time But just now, I was charged $ 39.99, and I'm really frustrated about this because I already paid, and you basically made me pay about 59.98 for this app, which I know is not worth that much.",2
"It says a week trial. But u all charged me for a year. Why is that? And i only used it for 3 days just to test the apps 1st. This app is cool with the motivations, task tracking and all. But to charged directly even i unsubscribe before a week trial is so unfair. U stole those ""a week trial privilages"" from your customer. And stop asking us to contact your admin when u suppose to fix this and be honest with your apps.",2
DONT TRUST THE 7 DAYS TRIAL!!!!!!! I used the app for about 15 minutes and decided the app is not for me and now I cannot cancel it anymore and had to pay the full year,1
"DO NOT USE THIS APP. Their trial charges you for the year subscription and does not allow you to get a refund through the app. Unlike other apps they give you free trial, this app charges you and no option of cancelling subscription within 7 days (which is standard with a lot of apps). I was able to get a refund by notifying Google apps, you have to do within 24 hours to get a refund.",1
I'm really enjoying using this app and would have scored higher but I've seen something on here which has really disturbed me. The icons available to use include an icon of a pregnant man. They haven't even included an icon of a pregnant woman! Really disappointed and wish I spotted it before I paid for the year.,1
Worst app . It does not give any personalized regimen,1
"Waste of time. I installed it as advertisement stated FREE, did NOT say free TRIAL for 7 days, I despise false advertising. I'm not spending money where I feel it's not long enough to give me an idea of what I'll be getting myself in to, 7 days is not enough. Plus, the questionnaire at the beginning with a slam in the face of ""purchase"" is really off putting, so uninstallng without the 7 days, I don't feel it's worth it, especially at the price.",1
"Why isn't anything free.... like ever? This app is supposed to help improve your life but then now, you've gotta worry about the cost of using it. As if we haven't got enough bills to worry about these days. No thanks. I'll find something else.",1
Overall not satisfied. Don't waste your time or money,1
"Tried to pay for the year: I set up my card payment, clicked Subscribe, it blinked but nothing happened so I waited a moment, clicked it again, it blinked, nothing else happened. If I am charged twice, you'll be hearing from me. Otherwise, I cannot currently use it because it's not accepting a payment. I'm stuck. I went back in to set up and use the ""Morning Routine"", but it's not keeping it in there. I guess the ""Free"" 7 days isn't real. I really should have known better when I kept hesitating.",1
In app purchases is misleading. You can't use the app without paying a subscription of $12 a month or $30+ a year. All you get us a questionnaire you fill out about yourself..then says it's perfect for you.. now pay $$$ if you want to see beyond the app trailer. This should not be in free app category!!!!!!! Even if they gave a free trial to try at least.,1
"SCAM! They offer nothing more than pre-maid to-do lists and DO NOT HONOR THEIR FREE TRIAL PERIOD. Instead, they will charge you the full amount at the time of signing up for a free trial and WILL NOT OFFER A REFUND if you cancel subscription within the free trial period. Be aware!!",1
Conned out of £18.99 stated 7 days free trial unsubscribe any time!! Lies!! I cancelled immediately I saw how useless it was going to be for me but NO refund given!! Avoid!!,1
"I hate that a subscription was charged to my PayPal under the name of Google payment. I unsubscribed and removed the app, yet it is still charging me monthly since September. How do I cancel this and remove it for good? I would prefer to give 0 start rating!!!",1
"Unreliable app and no way to cancel the trial without emailing, they finally canceled my subscription bur refuse to refund",1
Was charged full amount on the first day of 7 day trial. I have been trying to get a refund all morning but all I get is an automated message saying I need to provide information of payment. Which I have provided. It is infuriating. 🤬,1
It helps me when I feel sad or abused or something else and I still feel the same way but I may get fix with my problems,5
"Misleading ads. Mentioned that 7-day free trial, but they charged me already for the whole year! Canceled my subscription from the 1st hour of trial as I don't like it. But the payment wasn't refunded. Please refund. It's been 3 days since I subscribed and canceled it.",1
Scam,1
"I bought a new phone two weeks ago. I was a month into my yearly subscription. Me+ did not transfer to my new phone. I installed it again. There is absolutely no place to ""log in."" ""Join"" is the only option. I did exactly what their responses were after I reached out to them. I keep getting the same cookie cutter response. I have missed important appointments, and my life is once again disorganized!",1
Terrible ....l paid in full before free trial and l find the app so stinking confusing...l can't even input a single day agenda! How can l cancel? I will be protesting with my cc company. Patricia now my review won't post!!! All the circle does is spin and spin... This whole site stinks.,1
"This app does not allow you to set tasks for longer than 3 hrs, it seems. I'm a nurse and want to set my work day from 9am to 5pm, but it only lets me set it from 9-11am. That's just one thing I hate about it. I wish I could get my money back. This app seems more of an aesthetic type app for people who don't have important schedules. Do not recommend at all.",1
It's a trap it is impossible to cancel the subscription.,1
"So disappointed. Bought one year subscription and had an unexpected issue with my phone that required multiple replacements. Lo and behold when I attempted to log back in I found that my subscription expires if uninstalled! Hidden deep within the redeem page on the app. Ironically though, my subscription is still active in the Play store and ""renews"" in November. With no way to log in, I see no way to continue my subscription. Biggest waste of money ever.",1
Awful!!!! Got charges $65 during the trial period. Now the bank wants proof that I cancelled!! How can I prove when I was charged during the 'trial' period!!!!!!,1
I want to use this App so badly but it won't accept that I'm in the UK! Is this correct? Says its not supported in my region,2
"It isn't what I expected AFTER I installed it and paid for it. Now I don't want it and want my $ back. Emailed customer service, but no reply yet. I'm going to have to go through my credit card company now. Extremely sorry and disappointed.",1
"I downloaded this app, thinking I needed to try something about my lifestyle. I paid $20/year to get the ads to go away. I thought it was worth it. It wasn't. I wasn't getting notifications at all. I reset my phone, cleared the cache, and then did the NUCLEAR option to uninstall and reinstall the app. BAD IDEA. If you pay right now, delete this app your 'account' on the app will be gone. Such a bad flaw in an app ever. Please get accounts linked with emails. What a disaster waiting to happen.",2
Couldn't do free trial as rudely intruded by the stupid deal wasted time just doing the questions thanks for nothing,1
This app is not what I was hoping for and are deceiving users into thinking that you get 1 month free for their Premium edition. Not happy at all.,1
I have this app and I wanted to do the trial and it forced me to get a yearly subscription. £18.99. I'm not happy at all. Also I found the sub tasks don't work. I am looking for a refund.,1
"Nothing like adverts, a lot of work to set up, no templates that are useful in real world. The 7 day free trial doesn't exist they take full payment and no option to cancel before being charged. Very disappointed",1
"This is a bad app, I hate that you have to pay for it I thought my life was going to be changed but I WAS WRONG now I 𝘤𝘢𝘯'𝘵 𝚝𝚑𝚒𝚜 𝚒𝚜 𝚊 𝚋𝚊𝚍 𝚊𝚙𝚙",1
Horrible. Not worth it.,1
Scam! charges you for the free trial. Absolutely not impressed.,1
DO NOT SUBSCRIBE!!!!! I did the free trial as offered and cancelled straight away as the app is not very good. I am now horrified to find a payment for the full amount has gone through ($37.99). I am now trying to get my money back. UPDATE: The polite apology and promise to refund is a lie. They have no intention of refunding. FINAL UPDATE: I disputed the payment with my credit card company and the transaction has been reversed. Do not give up. GET YOUR MONEY BACK FROM THESE THIEVES!!,1
Absolutely useless!! it does not allow you to keep notes nor does it let you look back at previous days.,1
"When it says it is free but then charges you, I am not happy.",1
Signed up for the 7 day free trial. Message said no payment would be taken. Just looked at my bank account and the lying thieves have claimed £18.99 from my account. AVOID!!!! UPDATE: Google have reversed the payment so I'm no longer out of pocket but still advise avoiding this app - there are better alternatives available .,1
"**Edit, I still haven't received a response to my 4 emails sent from the 6th of Jan. I opted in for the trial but it charged me for the year so I cancelled a few minutes later thinking I would get a refund after the trial period ended but I didn't. I've sent three emails to try and get a refund but had no response.",1
"It wants you to watch an ad for everything you try to do on this app. I am so sick of it, it pisses me off.",2
"1. I just installed the app! I haven't even got to the main screen yet! And you are already asking me for a large sum, it is not clear at all why and immediately ask for a review! What kind of feedback do you expect from me? 2. You cannot paste text into the review window. 3. The review window has a very small vocabulary, so it was not enough to write a review! Therefore, I leave a rating of 1* and my review here! I haven't even had time to go to the main screen yet, and you've already get me...",1
Thought it was a free trial but it has taken the money. It's basically just a list. Not at all like the advertisement. I would like a refund!,1
Very basic app that does NOT TRACK anything well AND you can only have on one device. Very disappointed I missed the 48 hour refund window!!!! Suggest FREE Google Keep you can have synched on ALL your devices AND download!,1
I never went through with any purchase and was still charged $39.99. I had already deleted the app just after downloading it. They have tried 4 times to withdraw the money and finally did just as I opened my card to pay for my daughter's medicine. Not only did I not ask for the service I have not been able to stop either. Even by deleting it and blocking it. I demand a refund.,1
"Pretty straightforward app but what I don't like is that the new task I add always goes at the top. I add things by time (8am, 10am, etc) so it is annoying that the 10am goes before 8am and so on. I add multiple things in a day so I alwayd have to reorder it.",3
"I signed up for the trial and they charged me the full amount. I wanted to try it out before purchasing. I requested a refund and receive an automated email from amma2023 to send a copy of the receipt. I sent it 3xs and it's the same reply. Please send a copy of receipt or Google order #. Going nowhere, just going around in circles. No one to reach out to only automated replies. Update: I sent a copy of the receipt, and it's been two weeks and still no response and no refund.",1
"Purchased the app yesterday without trying the free trial and I regret it. Daily tasks are not deletable? I prompted me to give a 5 start rating upon downloading the app, which seemed pushy. Adding suggested routines is not helpful because they will be added to your routine list, but the information that goes with each task does not transfer. Also, there is no way to see a weekly or monthly view or view stats on habits. Looking for a contact number for a refund.",1
"Disappointing, what a waste of time.",1
Complete scam. They advertise a free weeks trial but then charge you for the full year straight away. Avoid! Edit: I messaged the email address below a couple of weeks ago and still haven't heard anything. Definitely avoid!!,1
"It is not as exciting as the advert I saw. I did try to do the trial, but I was rudely interrupted by a yearly offer that bombarded me so quickly, I didn't know what I was agreeing to, the trial or yearly subscription! I have no idea how to ask for a refund. I tried to get on with the app, but it's very disappointing, clunky, and not a whole lot different to my notes app. It does include pretty templates, but when you add to your routine, it ends up being a boring checklist, so what's the point?",1
How this basic calendar has 4.8 is beyond me? Absolutely appalling that they advertise 7 day trial and then take your money automatically!! No way to contact them. Disgusting,1
Waste of money. Purchase didn't restore on my new phone.,1
Practically useless. The reminders do not work. The routines do not really help. Like one other person said go to Pinterest and find routines and then I would suggest put reminders on your phone. I've got to go find out how to unsubscribe to this unhelpful app. They don't make it easy.,1
"THIS IS A SCAM - DON'T FALL FOR THE 7-DAY FREE TRIAL! Doesn't matter if the developers write otherwise, I HAD to provide Credit card information AND was charged for the first month . I didn't like the app, uninstalled almost immediately and requested a refund. Google refused (developer and Google must have an agreement on this). Developers only give standard answers here and in e-mails but don't refund the money. YOU ARE SCAMMERS and SHOULD BE ASHAMED OF YOURSELVES.",1
"RE-SENT EMAIL TO NEW ADDRESS PROVIDED, NO RESPONSE. STILL NOT HAPPY Was charged for premium even though i didn't sign up, I've sent email on 15/1 and no response. Tried setting this up, agreed to the free trial, put in my details, 30 minutes later decided its not going to work for me. Cancelled the free trial and was charged the full amount???? Not happy",1
"I would rate zero stars if I could, app scams you into subscribing instead of a ""free"" trial. Useless app just scams you out of your money. The articles are basically just pinterest. I WANT MY MONEY BACK.",1
Very limited. Difficult to use. They wouldn't respond to my emails regarding a refund,1
"Awful app, hard to navigate, help center is not helpful. Agree with other reviews - complete scam. Very disappointed. Will try to get my money back",2
"Not helpful. Too expensive. Plus, I can not find a way to cancel the payment and stop app!! Send help!",3
A self-help app is useless if you have to pay for a subscription for it. I would rather deal with ads to fund your app than use people's struggles to pay for your updates.,1
DO NOT DOWNLOAD! There isn't a free trial! Even when you cancel the subscription the same day you downloaded they still charge you the $20! Waste of time and $. There are way better free apps out there!,1
Bad app,1
"Absolutely terrible. Charges immediately with out disclosure, then ghosts you when requesting a refund. Do not recommend. Never used, deleted immediately + unsubscribed only to discover I had been charged later. AVOID at all costs ****NEW pls note I contacted them AGAIN as they requested, and low and behold NO response yet again. Absolutely deplorable behaviour from a supposed ""wellness"" app.",1
"A lot of features gone. When I downloaded it previously, it was awesome, with a nice interface and plenty of features, but a lot of them have been removed, I.e. counter subtask, where it would let you add 1 point of progress to a counter. Now you have to separately have 1/2 and 2/2 tasks, which is very annoying. Another thing is the lack of an emoji search function. You just have to go through 100s of emoji to find the one you want. There also is no option to have ""x times per week"" ):",3
"Los recordatorios no tienen ningún sonido, sino estoy viendo mi celular no puedo saber si ya es hora de iniciar mi tarea.",1
I purchased this app and immediately found it would not work for me so I contacted them within less than 24 hours via email. I'm still waiting for their response or acknowledgement. I requested a full refund and cancelling the app. HORRIBLE CUSTOMER SERVICE. I do not recommend...,1
Fraud. I had to cancel everything in my Google wallet. They just keep charging different amounts.,1
"I installed as trial yesterday but was disappointed in the layout...nothing like the adverts...amd then to find I'd been charged £18.99 straight away! I have unsubscribed today via Google play...(within the 7 days).but have not received refund, nor can I find any other way to contact as I've uninstalled. Beware..it's not a free trial at all. In subscriptions, it says I'm signed up for the year, but for me, it's unusable...so need a refund There is no email listed either to contact.",1
"I should have done the 7 day trial before I purchased. Everything about this app is unremarkable, if not useless. It's not easy ro use. The UI/UX is both annoying and boring. I can't find where to cancel my subscription. I don't want to pay for this again.",1
I got through the whole question and answer part and then found out it's not free after the 7-day trial period. You should have said that up front. I have wasted my time.,1
Very poor service,1
no alarm,3
Scam,1
"I purchased 1 year accidentally because of the advertisement of 7days trial, but once i click it turned to 1 year 50% off?And the app helps nothing! The reminder doesn't work on time, I can't arrange the order of task, some task shows up after I deleted; somes js disappear ??!? MANY ERRORS! Other helping sections are nonsense (asking questions, that's all? Can't even write as long as I want). Also the daily rating is not fair!This app is very poor, sketchy, not worth the money. I NEED A REFUND !",1
The 7 days trial is a scam,1
"This is fake, how a ""free"" app MAKE you (because there isn't any free option) pay to use it? They make fake promises, ask you many things, and then, they show with pretty colors: ""if you wanna use me, pay me 🥰"" You must put in the description that you have to pay to use it, fakers.",1
"Totally frustrating and I will be getting money back one way or the other, but the app is fine unless you switch devices or you wanna use multiple devices.. I should have read the reviews. But you're forced to answer the same questions over and over. And then once you finally get through the questions. There's no where for you to log in.",1
Painfully long and useless intro leads to learning it's $80 for a year... pass.,1
"Es muy complicada de utilizar. Esperaba que fuese fácil y cozy, pero tiene pinta de timo. Un montón de preguntas al principio, un montón de promesas de cambiar tu vida, luego venga a pedirte dinero y buenas opiniones sin haberla usado, y al final es hacerte una lista de tareas complicadísima y sin ayuda. No la recomiendo. Ojalá aparezca una que me dé lo que prometía esta.",1
"Push notifications don't work 95% of the time for recurring tasks, completely useless. Customer support also useless, told me multiple times to enable notifications for the app in my settings, which I told them multiple times I had already done. Their default canned response to any feedback is ""we're already working on fixing this"" before you've even described what the problem is. This app should be taken off the store.",1
Very disappointed you can't access anything with out paying very misleading. Now even hard to cancel free 7 days,1
"Used briefly, didn't seem like it was going to do much for me, so I cancelled my subscription (same day) and uninstalled. Despite the 7 day free trial, it charged me immediately and I had to go through the hassle of asking Google for a refund. Dishonest behavior.",1
22$ for 1 year ridiculously I did all the stupid questions and then I have to pay?! Oh there is a free trial THAT YOU NEED TO ENTER CARD DETAILS worst app ever,1
Have to pay! Not free at all! Uninstalled.,1
Sad you have to pay for it.,4
"The reminder is just a notification. I'm not on my phone 24/7. I downloaded to app because I wanted to be reminded to drink water as shown in the ad but the reminder is not good at all. The reminder has no sound too. I feel very much deceived by the app, and it's a total waste of money. I was supposed to be on a trial for 7days but my money was taken, having deceived me into paying at a discounted price and not giving me the 7day trial; i expected to get my money's worth atleast. I need a refund",1
"Absolutely horrific app. glorified check list. waste of money and lies about the 7 day free trial. No way to refund it. Absolute scam, do not download or purchase",1
"TERRIBLE! THERE IS NO FREE TRIAL FOR PREMIUM FEATURES!!! it sucks you in and looks so different to how it actually is, I thought it would help me to organise my daily life with weekly house keeping chores, but nope. After the questions at the very beginning before you can even look at the app it asks for an annual subscription NOT a free trial to premium but an annual commitment with no cooldown. So there goes any post Christmas change I had. I'll be reporting this to ACCC.",1
Why can you copy some tasks but not others? It makes it highly inconvenient,4
"I uninstalled right away. After answering some questions the app blurted: ""Let's make a contract!"" and asked me to sign. I refuse to sign promises like: ""I'll be worry free!"" How can I possibly be *worry free*? I'm a human being! Also, not signing any ""contracts"" of any kind where I promise to be more productive, achieve my goals etc. It's just toxic. It doesn't motivate or encourage me at all, it just sets me up for disappointment if I a goal is not met. Might work for someone. Not me.",1
im really bad at focusing on school work and i think its all going to change this year😄,5
The entry was so long. Then it asked me to pay. Wasted my time.,1
"I tried to login using my new phone and I need to retrieve my subscription from there. They gave me a canned response without understanding my concern. The 2nd time they replied, they gave me an instruction how to do it but the section ""Manage My Subscription"" is not in the My Profile menu. There's no way to do that! Total waste of money!",1
"I've been using it for some time and it's really helpful. But I don't really like how I have to view and use the app with wifi, it really annoyed me cus I'm usually out without wifi and I can't complete my tasks on time. Please consider making your app accessible offline!",4
"Answering 50 bloody questions before I could get anywhere, then! It says how much it costs AFTER spending 10 bloody minutes filling out a stupid questionnaire. I just ended up deleting it, too much Hassel just to try and use the app.",1
"I am totally disappointed of this app, advertising is not true as shown on app, they showed up everywhere when surfing the web and I could not pass forward from the ""one year subscription"" theft and got my money and now, I don't even have an option to see my account, not getting any freaking reminder. Do not DOWNLOAD OR INSTALL this thing.. It is worthless completely.",1
"If i wanted a list, I'd use notepad. SCAM",1
Bad do not recommend!!,1
"This is a misleading app, would not recomend, its gotten to the point where its basicaly forcing you to pay multipule times. Dont install this app its just a big waste of time.",1
Not free but does have a 7-day free trial,4
"Listed as ""free"", but that's only a 7 day trial. Very misleading 😡",1
App doesn't suit for person who is expirienced war and terror and make PTSD symptoms worse. Also other languages except English is not supported. Developers didn't add auto translated or community translations as well. Also all content not unique and available for free in the Internet.,1
"Horrible app, took payment for a year even though it was meant to be a free trial. Not very well layed out and not as advertised very unhappy",1
It charges people for no reason why they can't thayhave a premeon version and non so most people can have orginsisd lifestyle,1
"not a great experience, just a simple todo list. cant even delete tasks that you've accidentally created",2
"Complete con, doesn't want to help you, just wants your money. As soon as it asked for payment I deleted it. I wanted help not to be ripped off. This is why the world is so messed up, people reach out for help and others just want to rip them off or destroy them all the time. That's why people don't ask for help and just struggle alone.",1
"I have installed the app, spent like 10 minutes answering questions and that's all you can do for free. I wanted to subscribe to access a free trial, but payments are broken, support is a useless AI assistant. So it was just a waste of time.",3
Didn't get free week. Had to give them payment info to even see app. Most apps will cancel and refund payment within trial period. Not this app. Trying to cancel within first few days of using and unable to get a refund. Been very difficult to cancel. Will hopefully get a refund from email I sent company.,1
"Warning, they offer a trial, yet charge you right away. Not sure how to get my money back as I canceled the subscription.",2
"Me+ is an awful app, I have payed over £50 and it hasn't helped me in the slightest. I still have no time, I'm mentally and physically unhealthy and I have thousands of things to do. I 10/10 do not recommend!",1
It's okay it's kinda annoying because there is no alarm that I can set,3
How do I get a refund! I just wasted 21 dollars by downloading this stupid app. 😒,1
"Don't sign up for the free trial, I got charged the fee and I signed up and canceled the same day as it wasn't what I thought it would be. So now I'm stuck with a useless app I paid for even though I had 7 days to cancel 😞",1
"It's not free, you have to pay for this very misleading",1
No refunds policy if unsatisfied. Poorly designed so routine cannot be edited or modified. Don't waste your money on this!!!,1
I only signed up for the free trial but was charged £18.99 I've requested a refund so let's see if they are thieves or not.....,1
"This is probably a fine app but I'm annoyed because I feel tricked. If there's going to be a mandatory subscription fee don't wait to tell me until I've wasted 20 minutes of my life answering all your questions. Tell me upfront. Before I waste my time. I understand you guys need money, but tricking people into going thru the hassle of installing and answering a bunch of questions, making it look free, just to spring the subscription on them 30 minutes in won't win you that. Sorry. 😔",3
"Huge waste of money and ultimately useless. There are no notifications, so nothing to help you keep track and remind you of your tasks. There's no setting button, so no way to even configure this. You can't edit tasks once they've been made, so if you need to change anything you have to delete it and start over. They push you into buying a subscription by offering you ""once in a lifetime discounts"" before you can even try the app at all to see if you like it. Then they refuse to refund you.",1
"Not as advertised. It's a tick box to do list app that forces you to pay so many times. I needed it to help with my routine, but it just gives me more anxiety. You can view others lists but you have to pay to add the ideas to your own. You're really gonna make me type all of that out just so I don't have to pay? Other apps offer you ideas for lists and help you keep track, this one will kill you with tedious tasks making your anxiety spike.",1
I hated it so much thank you for the bad app,1
Horrible app it takes money!!!!!,1
Being. Charged for this app is not mentioned in the beginning and canceled app is frustrating how they can help themselves to your pay accounts on your phone not happy with this app,1
"I canceled the app on the same day I downloaded (18th December) as I realized it wasn't what I needed. There was a seven day free trial ... HOWEVER, MY CARD WAS CHARGED USD$19.99. Why was Mt card charged!??!? This is totally unacceptable and I need a way to contact the relevant person/s or to be contacted to get this rectified.",1
Many users will lose because of placing payment fees on most things. Payments should be reduced for those who cannot afford it. Making everything money will make many delete the application despite its beautiful idea.,1
actually helped me alot with anxiety and cleaning problem,5
It's very bad it wants me to pay,1
At this point just delete your app 🤣 literally no one liking this app. How bad of a company do you have to be to make it so bad that the majority of people hate the app.,1
"Notifications do not go off as assigned through app. I've made sure everything is configured correctly in my permissions and app settings, however, reminders continue to be inconsistent. Having purchased a year subscription I am finding this incredibly frustrating as the app has exactly the features I needed, but if notifications cannot be corrected it is useless to me.",3
Spent 10 minutes on intro quiz only to THEN be told it costs money. Very disappointed. Tell people upfront if your service costs money.,1
I hate when you have to pay for premium it makes it inaccessible for a lot of people.,3
Stupid price,1
Worst app.accidently ordered a subscription and when asked for a refund it says you can't get a refund.for real?,1
My experience was horrible they make you pay only for the third task 🙄,1
i hate it very much it keeps telling me to get a premium and can only add 2 task once a day and its really anoyying,1
"I don't feel comfortable giving them my thumbprint. Since there was no other way around it, I deleted it.",1
You can only put two tabs for the day than I makes you pay terrible,1
"This app is trash. I bought it because the rating was so high, but I'm not sure how because when you read the reviews, they're all bad. Buyer beware!",1
"Unoriginal, uninspiring, useless. Didn't ""change my life"" or even one day of my last semester. Waste of money and big disappointment as (for someone living in my country) it's not cheap at all.",1
I dont like it It wants me to pay lots of money i hate it,1
"When an app spends the first 5 minutes of opening the app with a PowerPoint presentation of why I should purchase the app, I'm gonna have to go with my gut and say no. Annoying and money hungry.",1
"I never uninstalled an app so quickly! I found it absolutely useless for my life. I probably had it no longer than an hour before I uninstalled it. I purchased the subscription to see if it was something that could help me since the first 7 days were a free trial. So, imagine my shock when I was charged the very NEXT DAY!!!! I had already canceled the subscription so I WOULDN'T be charged! Now, Google won't refund me.",1
"I paid for this app but I hardly use it and actually kind of hate it. The interface isn't great. It's too hard to add, remove and organize goals and tasks. There is also way too much fluff, unneeded and unwanted clutter. It's a lot of garbage I don't want instead of actual functionality.",2
I clicked for a free trial and they charged me £18.99 absolute CON. Avoid at all costs. Its is not liked advertised. Update - I have emailed you and I have received no reply. I also contacted you on Facebook and still no reply.,1
They are fooling us and collecting our biometrics..which is such a crucial data...to start with they ask us to long press the option given on screen and collecting our fingerprints.This is against data privacy..they will collect this data and can easily misuse..Stop cheating ppl!!!!,1
Scam app,1
"Don't download this app, they won't notify you, they just simply deduct your money. Waste of money, hate it.",1
Got charged once I started free trial Very misleading and bad experience,1
"Can only use app if you pay subscription fee, otherwise your stuck on the first screen. No trial.",1
This app is horrible. What a waste of $20. I'm so disappointed and angry,1
"This has changed me for the better.I have no idea why I didn't start using this earlier.the only complaint I have is that there are a few too many things that are premium,but other than that this is a 5 star review!",5
"Horrible app. They charged me for 1 yr subscription which i didn't like, I tried to request for a refund on the same day they got the money but they didn't approved it tried to contact the developer for the same request but havnt got any response till now. I just used it once and since it seems like garbage didnt use it again. Give my money back!",1
"Grammar mistakes throughout the initial questionnaire. It's not a free app either! Once the questionnaire is completed, you're asked to do a 7-day trial and harassed after until you part with your money.",1
"Can't add more than 2 tasks without having to pay premium, so dumb, uninstalling",1
"I liked the app and purchased the premium version, but I think it's horrible that you can't share your account on more than one device. For me it would be very important to synchronize with my tablet",3
"I'm very disappointed. It's not at all what I thought it would be. They need to make their templates more customisable. It has potential but as of right now, it's nothing I couldn't do on the calendar on any of my devices. And, unfortunately for me, I had a brain fart and paid for a year's subscription without giving it a trial. I guess I was seduced by the pretty imagery. Don't make the same mistake. Some love the app, but don't be like me. Try before you buy.",2
"I was automatically charged Yearly subscription after the trial, which I don't click the yearly subscription & I also didn't get any notification that my trial will be end. This is like scam, all other apps will notice or ask our approval to proceed subscription after trial end. Please give back my money... I didn't care if its monthly subscription but it's yearly subscription, cost me almost RM200... very expensive & didn't help me much",1
Can only add 2 routines before it makes you pay. Pathetic,1
"I sadly didn't really like this app, because it will not let you put simple things like drink water on the to-do list unless you buy a membership or something. I was really disappointed when I saw what it is really like. Pop-ups wouldn't leave me alone, and it wouldn't save some changes that I made.",3
Worst app,1
Really awful I can't put more than 2 things to do the system is very bad 👎,1
Terrible. It's too expensive and I couldn't even use it for more than 2 mins without it telling me to pay,1
"I demand a refund! This app has done nothing useful to me. I don't even know how to use it.I even need to go to Utube and find out how to use it. The developer should provide guidelines or video demo how to use this.I set it up 5 times to see how it works, but it does nothing.No notification! No alarm! Or a reminder appears on my screen at all. It is better for me just to use manual alarm in my phone to set up all my routine.How do you expect me to check my phone every 5 min when i already busy",1
If you could use it without it costing it would be absolutely wonderful but there is no way I could ever afford the cost :(,3
"Have to pay right away. Lied about ""in-app purchases"" it's flat out pay no matter what. May be worth the money but you lost me with that initial lie.",1
This app wasted 5 minutes of my life just to tell me it's a paid app. Stupid.,1
"Ok here is the problem. As a new user I just overwhelmed by the premium amount, and there is no way for me to get the trial first and pay later. Inorder for me to get trial I need to do the subscription first. And no one would do subscription till what the app can give.",3
"Not very intuitive in the UI department, no use tutorial, and no way to look at or easily group your tasks. Weird and huge amount of focus on the habits of TikTok influencers. The worst habit planner I've tried that wasn't completely dysfunctional. Don't recommend. Their claims that you'll be a new person are so wildly overblown that they should be taken to court for false advertisement.",2
You have to pay! IT SUCKS!,1
"Dude. Who can pay 9.99$ a month for an app???? You're not even a real service. I just want an organized checklist. That price is CRAZY . And before you even say it, 40$ a year is still a LOT for a pretty checklist app. I'm very sad about this :(",1
"Worst application, don't use it, they will charge you full monthly fees on day 1st of trial. They don't even respond on refunds",1
I was attempting to see if this app would be useful but it only let's you schedule 2 tasks in the trial. It's useless if it doesn't allow me to actually try it out.,1
This app is nonsense you can only get 2 routine points that's not great,1
Very basic set-up. I thought it would explain to me how to create a daily schedule and guide me through it but it literally just gives me suggestions what I want to do during the day and can tick it off ones I have done it. I can literally do the same on a piece of paper. Disappointed!,1
"I have canceled my subscription only 2-3hours after i subscribed the app.. But then i found the app is not convinient for me.. I have received the email, my subscription has canceled.. But the subscription fee not refunded to my account.. Its Scam !!! What a shame !!!",1
"The amount of ads and pop-up screens pushing you to subscribe is absolutely ridiculous. It put me off the app completely. Additionally, if you don't subscribe, the app is basically useless; you can add two tasks per day and that's it. You can use your phone's calendar to accomplish the same thing, and more, with no extra expense.",1
Hahah not the best,1
Hate it,1
Stupid and useless thing,1
It's bad 🤬👎,2
Paid the app not very useful. I changed my phone and decided to use it more the plan I paid desperate,1
Has potential and design is aesthetic. Ordering lists is broken and I was tricked into losing my 7 day trial for 50% off price. I found this predatory and I can't even use the app how I need it so pretty annoyed.,2
"Nothing special. You click things if you've done them. I don't see how this helps when you're having a hard time being productive and stop procrastinating. There's nothing motivational, there's nothing fun, there's nothing. It's literally just a list a mile long of what I gotta do, and if anything sometimes it's overwhelming. Also no reminders. Ive changed all the settings I can but I don't get a ""hey have you drank water today?"" I paid for a year. Not satisfied and can't even get a refund. Booo",1
Not free at all! Have to get a subscription to continue! Please read reviews! Update: I get it covers cost. Shpuld probably put that somewhere. The way you are going about it is scandalous.,1
Disgusting app. It take 3000₹ for only a simple daily routine planner. Then what should I do without money on your app. We indian thought 100 times when purchasing Netflix subscription and you want to sell me a daily routine planner plan for 3000₹ yearly. What is it ? Disgusting 🤬😡👎,1
The app opening whenever it wants its inconvenient and annoying,1
"Do not download this application. They charge you £18 which i paid as i thought its exercise videos app. Unfortunately, without paying money, it wasn't proceding, and when i paid, i did not even start using it, and it started asking me to give reviews first before even checking the application ..well after knowing this is not the application which i want i unsubscribe it and ask my money back but no response from the application ..they are scammer do not trust on reviews as well",1
I really do not like that there are no notifications it is my only complaint I feel like that is a big thing missing,4
"I've had nonstop trouble with this company this year, unfortunately, financially for me.",1
"Had it on my previous phone (broken two weeks ago) used it all the time and was able to add as many tasks as I wanted for each day. Upon buying a new phone I downloaded the app, only to find I can now only have two tasks per day, and when trying to add another I'm forced into a purchasing screen for the ridiculous plans. Literally just download any other app, this one's useless 🥱",1
"I believed it was a monthly subscription, allowing me to assess and decide whether to continue each month. However, I was charged 3900 Rs even after canceling the subscription. I haven't used the app for just one day, and I am seeking a refund. Could you please guide me on the process for obtaining the refund?it was very worst experience on the google pay",1
"I like how this app started. I feel excited every questions I answer about myself. I want to be productive and no to mañana habit, that's why I install the app and hoping this will help, but when I tried the 7 days free trial it always says failed. And the payment really cost me a lot since my currency is PHP, for us Filipinos dollar is a very big amount, money is not the issue, the issue here is I cannot proceed and always says failed!!! So disappointing!!",1
HORRIBLE APP When ever I tried to add something to my plan an advertisement came that asked me to spend money dude srsly!? If you had me set up only 1 goal before having me pay don't MAKE A FREE VERSION,1
I did not sign up for the yearly plan but was charged $20. This app is nothing at all special I'm deleting it and it's a scam.,1
Horrible,1
This app is pathetic after adding 2 things it started asking for subscription.... Weird app don't go for it,1
You have to pay to do the app the worst expiring of my life,1
The amount of adds is so annoying g I hate it because e of that and that only,2
ya no worst app dont get it its a waste of time i litterly have to by to get more things all i can do is set my bed room and i cant eaven press drink water or medataite its just by this by that just dont get this app its a waist of time 😡🤮,1
it's a good app but paying later can be a bit of a problem that's the point I don't like,3
"Every time you add task, your subscription offer pops up. So annoying!",1
"Its horrible. I thought at first that it was going to ne good and actually help me but if u want more than 1 Reminder than u have to pay a subscription. I tried everything but u just have to pay otherwise u can't get pretty mutch enything. The ads don't tell h about the subscription or eny money, so I think its a scam. AND IT COSTS £20 A MONTH",1
Qont let me add any things on my routine im sooo pissed 😤 today i woke up a 830am and my school starts at 840am do not get waist of time!!!,1
"I got this cuz I needed an app to help me set reminders for stuff but this is really bad for that. You can only set yourself two tasks before you gotta pay to use the app, and reminders don't work at all. I haven't gotten a single reminder since using this app. Maybe I need to open it to get the reminders? But what's the point of SETTING REMINDERS if i have to go out of my way to get them anyway?? I'm really disappointed. This app really looked promising...",1
Waste of money!!!,1
They Charge! Tell me RIGHT UP FRONT that the app cost money BEFORE I go through a big sign in. If I knew the price UP FRONT I might try the free trial and pay later. But If You Let Me Go Through A Long Sign In THEN want To Charge Me NO!!! Uninstalled.,1
"The app looked friendly but after using it a couple of days I find myself frustrated with the fact that you cannot edit the entries, schedule them in advance without being a cyclical habit. Also, and this is actually infuriating, the reminders don't work. Tried them a couple of times, no reminder, no notification, nothing 😑",1
It asks you all these questions in the beginning just to turn them into a dumb slaes pitch. $20 for a routine app? Whoever came up with this bs is out of their mind.,1
"It says 7-day free trail but you will be charged. Money will deduct & these people will say process to cancel it but it cancels only renewal not the current year. It's a bait to get money. Customer support option is not there in app. No direct way to contact. So if you are facing any issues with payment, subscriptions then it's hard to address these concerns. I personally feel it's not worthy to pay 999/- per month for this app. Oh ya & you get subscription failed message after money deducts.",1
"This app. has absolutely nothing more than a calendar with no tutorial on how to use the it. The only thing I could find was articles about ADD which you could just find on Pinterest... *** Oh, & my bank thought it was fraud so there's that! *** Wasted time & money. How this has such a high rater, I do not understand.",1
sorry bad,5
I apparently subscribed to this app accidentally ... I didn't even know it was charging me till I deleted the app and Google warned me that I was subscribed,1
"It has helped me so much. before I had downloaded this app I was going though a bad bad mental state and then on top of that my partner broke up with me and it was just really bad for my mental health I was going down the hill of ""I don't want to do anything I just want to die."" very very fast and it got to a bad point. I was laying in my bed and scrolling my social media and saw this and thought that I should try this and it helped me so much if I didn't have this I would still be the way I was",5
Very very bad,1
You shold pay to add some habit. So bad,1
It won't let you add anything I hate it me+ change it,1
"TOTAL SCAM DO NOT GIVE THESE PEOPLE AUTH FOR THE FRES TRIAL, YOU WIL GET CHARGED IMMEDIATELY AND THEY WIL NOT REFUND YOUR MONEY!!! SCAM SCAM SCAM",1
DO NOT BELIEVE THE 7 DAY FREE TRIAL. I accepted the 7 day free trial and it asks for credit card info. I am thinking I will be charged after 7 days but I am immediately charged for the year. Very unsophisticated app. No refunds 10 min later. :(,1
horrible,1
I am not able to any via UPI...is it a scam?,1
Charged me when I cancelled. Emailed for a refund but no answer don't get this pointless app,1
"Not really worth having unless you're willing to pay for a subscription (doesn't even tell you what the subscription gives you), would just stick to using your phones notes app and setting calader reminded. Waste of time.",1
"I still find it really messed up that you need a subscription for a to do list yall know how stupid that is? Not just this app but every related app is the same this one wouldn't let me add more than one thing to my list without the subscription, on top of that it's kind of disgusting to see that even the smallest most simple things are monetized from task lists to videos its just kind of sad. This app also advertises more than it's worth and tries to scam you around every corner to get that sub",1
It is a scam!!! Be careful!,1
"App asks you too many questions at the beginning, and the questions doesn't has any sense, things like: ""Do you want to be more productive?"", I downloaded the app because that says the description... At the end of 10 unproductive minutes filling a no sense form, app ask you to purchase a plan to continue I don't have problem to pay for a productive app, but I hate apps that makes me loose time",1
Awful app. You have to pay to use it,1
"I'm sorry but this app is terrible, every time I try to add something on my planner this subscription shows up and then I wont be able to add it.",1
Worst app ever,1
"Trying the trial and ended up charging my card, not useful, no notifocatios, useless.",1
Bad,1
"Took money out of my account without my permission left me with no money to feed myself or survive for the week, horrible!!",1
Ok I thought it would be like a checklist and all that from the add but oh boy I was wrong I can't have over 2 checklist I need to have more than 2 checklist and I need to have a subscription no I would even give it a zero stars but I can't so take a 1,1
It doesn't even help you plan anything? No reminders? It's very strange,1
"Cost $20, no trial, no notice until installed",1
! good app but it isss not freee bruhh why long time ago i used it with no problam what is happening why i have to pay 59 gell for nothing??!! make it freeee,1
"A planner designed for people who tend to lose track. With a NO REFUND policy. Which proves they don't care about us, just the money. If I could give zero stars, I would. Oh, and there is no way to contact the company to complain directly, so you're SOL on protesting beyond leaving a 1 star review.",1
"I don't feel like this app does what it advertises. All it does is give me option to add tasks, which I could do myself in my notes on my phone. No real guidance or structured help. Waste of money.",1
"This app is not free at all, to even add anything to your routine you need to pay. Do not get this app unless youre willing to pay.",1
No idea how this has a majority 5 star rating but it really sucks. You shouldn't have to pay just to get more than one task.,1
"This app sucks. It isn't as free as it advertises. After trying to add a third item to your schedule, it constantly has pop-ups trying to get you to pay for the app. In the end, this app is trash, and I don't recommend it at all.",1
VERY DISAPPOINTED Can add at least one thing and then you just have to start paying they made a new update and I used to love this app it was so great but now you have to pay so I don't really recommend it I really recommend FINCH it's an app and you don't have to pay for anything and it motivates you I have no idea where all them five stars have came from cuz this app is no 5 star,1
It keeps saying I have to pay to do the list! I DO NOT RECOMMEND THIS APP ITS A WASTE OF TIME!,1
good as idea but soooo bad because everything need to pay money,1
I hate it sooooooooooo much you have to pay for evrything,1
Costly and experience is bad,1
"A was very disappointed 😞 , nothing works in this app unless you pay for it. So why you tell us that you have 7 days trial????",1
Not a free app. Highly deceiving,1
"Meh! I've had better... And, oh hell no! It's a trial! Only a trial!!! OH lord, there's no hope if your severely depressed, and u desperately need this app, and u find out its only been part of a ""trial basis""! Like I just did! This is where n when bad things start to happen! The voices! The demands! And the GODDY MAA SHUCK DEE DAY. (Screamin in the background) GODDY MAA SHUCK DEE DAY (way more screaming the sound of feet being dragged!) Did ya really have to charge for this app?",1
Impossible to cancel. App is worthless and now I can't cancel the subscription.,1
"Very conditional, asks u to buy subscription every minute, features aren't that great",1
Week has passed and NO RESPONSE ON REFUND! APP DOES NOT WORK After only owning this app for a few hours i quickly realised i needed to get a full refund! 1st i keep getting a notification to do a task every 2 minutes that isnt set to be done until tomorrow (BUG!) 2nd editing tasks is nightmare you can only edit tasks on a specific day 3rd you cant set the tasks to be in a specific ordwr your evening and morning tasks are all jumbled up randomly. Very dissapointing. Currently waiting on refund.,1
Horrible! Tried to use the 7 day free trial... They charged me on Day 1. Reached out on Day 2 about getting a refund and making sure to cancel the subscription because the app is complicated to set up and not worth the cost. Been trying to get a refund for almost 2 months now and still getting the run around! HORRIBLE!,1
I was going to start the free trial but deleted the app before I even started. Between grammatical and spelling errors I knew it wasn't worth it. Based on other reviews it's a basic app that you have to pay for and it's a waste. Glad I deleted.,1
Scam,1
App sucks if I could give it no stars I would!!,1
"Nothing wrong with paid apps, but if an app is functionally useless on it's free version, then it is a paid app and should be advertised as such. Two tasks is not a useful routine builder. You're not paying for extra features, you're paying for the app to work as intended. It's misleading.",1
Uninstalled because the fake onboarding was so ridiculous,1
this app is not free please don't installed this app.,1
No se puede usar ni la prueba gratis sin ponerle tarjeta.,1
"Reminder is not working. This app is pay to use, and I san not use it, because it is not working. I think it can be stealing, if you took money form someone and then did not give what they paid for",1
Very bad you can only have 2 reminders before you have to pay absolutely horrible,1
because you so bad because you do all things with money with ask me when some one it's poor and want to organised her life why huuu😡😡😡,1
This app sucks. It forces you to have to buy a membership if you want to add more routines to your day. I'm not keeping this app if I'm only allowed one routine before I'm forced to pay $19.99.,1
This app sucks! It freezes every time I try to organize tasks. I've uninstalled and reinstalled. Huge waste of time and money! There's no log in or anything either so you have to completely start over with EVERYTHING when you redownload. Super disappointed!,1
"It is an application that does not let you unsubscribe, there are no options. I uninstall it and I still get billing notifications. It has 4.7 stars but all its reviews are bad, so I even feel that it is a deception that they have that app with 4.7 stars, it is impossible. I want to block this app and remove it completely. Practically wants to force me to stay and make the payment no matter what. It's the first time something like this has happened to me.",1
"Basically useless unless you're willing to pay $20/year. You can add one daily reminder, and then everything else is behind a paywall. Bummer, I was excited to use this app!",1
"Amazing potential, but many little things don't make it worth the 21EUR that I paid for it. Why can I not edit my habits that are not due today? And the emoji list is a mess, some emoji are missing and others are double. Not sorted properly. Please update, I really like this app and it is so sad that these little things take away from the experience!",3
Wanted to improve myself but you need to pay to add more the 2 items on your checklist absolutely trash I would rather just write my schedule on a peice of paper. Maybe I'm just using the app wrong but this app sucks,1
"Won't let me add tasks, the discount add keeps popping up and it is so annoying.",1
"I was happy to find the perfect daily routine planner, but what made me sad , it is not free , it's going to help a lot of people if its is for free .",1
"This app has been frustrating and even made things worse for my clients with ADHD and doesn't seem to understand the science behind what most people with ADHD find motivating and what is actually discouraging. It also makes it really hard to exit when you need to. Way too many forced steps and patronizing ""praise""",1
"SCAM SCAM SCAM SCAM SCAM SCAM SCAM SCAM SCAM SCAM SCAM SCAM ABSOLUTELY USELESS APP THAT IS NOT AS ADVERTISED AND NOT FIT FOR PURPOSE! NO REFUNDS GIVEN WHATSOEVER. GOOGLE SHOULD THOROUGHLY INVESTIGATE AND THEN DELETE THIS APP OFF GOOGLE PLAY. IF I KNEW HOW TO START A PETITION TO WARN PEOPLE NOT TO BUY OR SIGN UP FOR A FREE TRIAL, THEN I WOULD, BUT I DON'T. IT IS NOTHING BETTER THAN A CHEAPRATE JOB BOARD OFFERING JOBS TO TIKTOK INFLUENCERS.",1
this app was super distracting and all it did was nag me to pay for the full subscription. the 4.8 ☆ deceived me. waste of time,1
Terrible!! Charges you immediately. Can't figure out how to CANCEL this & get a refund either. UGH!!!!!,1
"I have ADHD & thought this might be a good app to try. I downloaded it with a week's trial, but found it too tedious & boring inputting my routine, i think i only opened the app once. I cancelled the subscription on the last day....I still got charged £56! I asked Google for a refund, got refused, contacted me+ by email, still awaiting a reply contacted google again, no reply from them. It's actually ridiculous so I'm now stuck with a £56 charge for an app that I don't use!",1
"Other than it automatically charged you for the premium whilst on the trial, it is just another checklist that does not provide any reminders so it just sits there on your screen. As a person with ADHD, something that does not give any prompts or reminders renders the whole app useless. And it continually asks me to be a tiktok influencer - good lord! Before I even enter the app - the 10 no response should've given it a hint!! I have gone back to using Outlook calendar",1
"No notifications even though they are turned on. Gimmicky useless and not worth the money, they immediately charge you.",1
Not even a damm Samsung can do this so why the hell is this on the play store,1
This app is horrible,1
"I paid for the subscription, but I didn't get any of the features related it didn't notify me about any of the activities I set alarms for, so it really didn't help me productivity at all",1
Same experience as others- I accepted a free trial but was charged for the year. What a scam!,1
I hate it .. every thing on this app must pay for it ..,1
"Terrible app. Can not utilize the free feature. After payment you realize you are not able to edit tasks or set reminders. Two pretty important things that have been addressed in the comments for several months with developers claiming they are working on it. This is a scam, do NOT buy or download.",1
I tried to cancel this app and everything it told me to do I did. And nothing would show up it's a scam. The notifications don't even work the app was pointless I tried unsubscribing before they'd charge me. And now in charged and out 43$ for a useless app.,1
"I canceled my subscription asap and still got charged $30. I've emailed 4 times with no response. I'm in financial distress, and this is unacceptable. This is wasting time that I could be using to make an appropriate routine for myself. Now I see responses on all the reviews recently but mine. Get bent.",1
"IT'S NOT FREE. You answer a volume of questions, then up pops the subscription screen. As of 10-19-23, it is $39.99 for the year. Immediately, the app offers you an 84% discount one- time offer. One star because it should tell you upfront the cost before you answer all of the questions.",1
When you sign up you must pay for year Its disappointing for me,1
Terrible ! If you don't pay you are limited to 2 reminders a day :( defeats the purpose of the app. I wasted my time. Don't waste yours!,1
Not free. They only let you add two goals for free. Then it is a monthly fee.,1
Very poor app. A weeks free trial? I cancelled after a day and now having to chase my refund. Edit Still no money back. THIS IS A SCAM!!!,1
"VERY Disappointed! 1. The option to ""Remind me"" doesn't work. At all! I searched my notification settings to make sure it was turned on, and there isn't even the option to turn on notifications for this app... why offer something that is a HUGE deal when you're trying to make a routine and not ensure that it works?! 2. You can't edit your tasks unless that task happens to be on that day. I've already been charged a full year for an app I forgot I had because it failed to notify me of reminders!",1
"After I purchased the subscription my phone broke and I switched to iPhone. There is no way, I could find, to log in on the iPhone unless I purchased another subscription through the Apple Store. After reaching out to customer service and not hearing back after several attempts, I unsubscribed, but no way to receive a refund.",1
This app is so frustrated. I'll pop ups about how you should buy their subscriptions and it's not letting me add more to my schedule. It just frustrates me and I haven't found one. That's good for me yet,1
"It isn't free, it's $9.99/mo I'm not sure how this is categorized as ""#6 in top free apps"" when it's only a ""7 day free trial"".",1
"difficult to plan my daily tasks on this app. no reminder, notifications and widgets. difficult to add specific tasks. not effective planner",1
"Was told I'd get a free trial, but was charged for the full year subscription. Seriously? Not ok.",1
"It's really sad that users can't try out the app without having an expensive monthly subscription shoved in their faces. There was subscription trap set up before I could even see what the app was about. When I found the tiny ""x"" to get around it, the app's screen is 85% subscription ads. Why is being a tic tok influencer such main focus of this? That's just cringey. I couldn't find anything worth paying for here. The prepared routines can't be used without subscribing. Never gave us a chance.",1
"Reminders don't work, also the survey is a waste of time because it doesn't even recommend tasks accordingly, so kind of pricey for what it offers",2
Design was very annoying!!! Has NO CALENDAR to track with your task! Also the design of routine is very INCONVENIENT and UNNECESSARY!!! 😡😡😡Ugh who builds an app inadequately!!!,1
"This app is a TOTAL SCAM. It is SCAMMING OUT ppl by offering 7 days free trial. Once you click it-it takes out money from your card right away for the full year without any approval. I wasn't looking to purchase a year subscription. I simply wanted to give it a 7 day trial, but once I clicked that option-it immidiately charged my card with 45.19CAD without my persmisson. I emailed them for the refund-was offered a refund and NEVER GOT MY MONEY BACK. I emailed them 3 times after that-NO RESPONSE!",1
I'm trying to cancel and it's not giving me the option and already communicated with customer service they keep giving the steps but steps are not there .. very upset and unhappy they pretty much hide the option or make it difficult to cancel so you forget and they continue to charge a monthly membership $30 plus dlrs.. very upset,1
"I was so excited for this app and prepared to purchase it for a year. However, there are ZERO notifications from this app. I have the reminder set, and when I went to check my phones notification settings the app doesn't even show. There are no notifications, which makes the useless for me. I did decide to try the premium and it still did not send notifications. I have checked every setting, this app is not capable of sending notifications which makes it useless.",1
"Nothing great, you have to set everything up yourself.",1
Signed up for free trial. Was charged for full year same day. No messages have been answered. Horrible messaging system. Can't say anything about the app as I refuse to use it. I didn't want it. I can't afford it. I just wanted to see the format and now I am out 54$,1
"no notifications can't even open the app with out them trying to get you to buy premium can't do anything unless you're paying for the subscription it's just useless, I had really high hopes for this app but it's just awful",1
I had this for less then 30 mins and they charged my account for the year!!! I'm pissed!!! Where is the free trail period??? There ISN'T one and I want my damn money back!! they didn't waste no time taking it either!,1
"Actually really liked the design, but the offers for the paid version are popping up like 50 times a day now and its extremely disturbing. And just now I also found out, that theres a limit on how many tasks you can add per day in the free version. Thats really bad and ruins the app fully. Uninstalled it. Disappointing...",2
"It's so difficult to add task, so much ads. No notification",1
"Pretty much just all ads, tiktok sponsorship, and very specific yet odd activities. Anytime I tried to do anything basic it wouldn't allow me too unless I spent money. I personally also found it not very user friendly :(",1
"Feels like a waste of money. Once you set your habits/routines, it won't let you edit them. My profile section doesn't even show my stats. I tried searching the help/feedback section on how to edit a routine. No results. Really disappointed. Canceling my subscription.",1
"This is ridiculous utterly ridiculous, this app is not even let me my own habits without paying for premium.",1
Cost money to keep and doesn't work very well. Not a good experience for me.,1
"It works perfectly on my daughter's phone, but on mines I can't add a task it just pulls up an advertisement completely ignoring I was trying to make a new task.Please fix this problem",3
I have to pay no ways bra this is just boring now you really have to pay no guys this us just not the thing,1
ZERO STARS AND INFINITY 😡 !! DO NOT Attempt to even DOWNLOAD THIS APP! YOU DO NOT GET A FREE TRIAL ! YOU ARE IMMEDIATELY CHARGED OVER $30 AND EVEN IF U FIND THE EMAIL FOR CUSTOMER SUPPORT FOR A REFUND YOU WILL NOT 🚫 HEAR ANYTHING BACK! SAVE YOUR MONEY AND USE PINTEREST ITS FREE AND HAS MANY MORE GRAPHICS ETC. TOO MUCH WORK TO EVEN USE THIS ONE. I HATE IT! IT SUCKS! THEY ARE SCAMMERS AND SHOULD BE PUT OUT OF BUSINESS!,1
"Just downloaded and within a few minutes I had ""buy premium for £18.99"" I did not want premium but it would not let me get off that page or do anything without paying. I am very disappointed.",1
I hate this app u have to pay it don't let u put ur owe task,1
It's bothering that there is no monthly plan!,1
Not what I was hoping for- did I just waste my $20?,1
Update. I finally heard back. It has now been 2 weeks without a refund still. I'm furious. .............I requested a refund and have sent 2 emails but haven't heard anything. I'm not sure if I'm doing something wrong. I didn't want to leave a bad review but I'm not sure how else to contact the company.,1
"It doesn't let you rearrange the order of the tasks you've chosen, insert a new one, delete some. Therefore it's useless. There are no instructions on how to do these things. Let's see if there is a way to cancel it!!",1
Signed up with free trial. Asked for payment info and charged me right away. Did not like the app and deleted/canceled the trail. I received a notification that I canceled but my card was charged and told there was a no refund policy. So I just lost $29.95 For 5 minutes use of an app that was not suited for my needs. ***BEWARE***,1
"It's simple & good but there's no reminder,no notification at all... that's little disappointing!",4
"Don't recommend , you need to pay to use it also the user experience isn't that good",1
"Stupid spinning thing which came up to the screen and i could not skip it , I didn't find anything about AI ,it has just some routines templates , totally useless , also it forces you add a habit which you might dont want. Maybe UXRs decide better next time.",1
"I am using it, but I regret getting it. Annoying in app pop-ups, issues with editing, reminder time doesn't work. I've checked all the permissions, everything should work, but doesn't. I've contacted support but haven't received a response. The price I was told the subscription was going to be & what actually hit my account was $9 more. I'm not happy! Luckily, the credit card I uses is now expired, so I don't have to worry about it renewing next year. Don't waste your money on this app.",1
"Disappointed, not free",1
"Oof. So much anxiety. You can't go in and edit routines if you need to, so if you make a mistake, you have to deal with it. Also, adding your own doesn't allow spaces, which is weird. Not sure I like this app. May request a refund after only a few days.",3
you tell me it 7 days trial period and you charges my account. shame on you,1
"not even started try its features, but Overdosed by ads and ""rate us 5"". ok.. crazy useless app & 100% not user friendly. Give people a try to use your app, and later ask them to rate and to buy. not the reverse direction. Wasted my time for nothing, 2 stars ok.",2
Bad grammar in the app makes it difficult to understand. It's confusing. 😕 The poor grammar also makes it seem like a low quality app.,1
I don't like this app. I can't figure out how to get a refund. I'm very disappointed.,1
No reply from them after submitting multiple requests. Poor service. No refund. Directly got paid without any trial period,1
"I can barely see the app for how often it's pushing premium subscription. I want to see how it works. LET ME. Every 3 seconds it's interrupting me with ""Oooo! Look! Only 1.99 a month!!!!! Subscribe now!"" I spent less than 10 minutes on the app before I got frustrated at not being able to see HOW it was supposed to help me organize and decided to uninstall.",1
"You have to pay for everything unfortunately, only one goal can be set if you're not paying for the premium account. Also the setup is very tedious and annoying. It moreso creates a schedule for you rather than letting you do it yourself.",1
"THIS APP SUCKS! I tried to add stuff to my list but it doesn't give any directions so I had to figure it out myself, and when I did it kept showing pop-up s for something I kept saying no to. Also, it's a 10 minute waste of time on the survey.",1
Very difficult to cancel. They just ignored my cancellation request.,1
"Charges you right away and then they make the refund process incredibly convoluted and difficult. I cancelled after a day or two (well within the 7 day ""trial period"") and they had already charged me. Had to look up my google play order number etc., and cancel on play. No way to cancel through the app. I am waiting for my refund.",1
"Most trashy app of all time and it is very expensive... no reminders, so what is the use? USELESS APP. I don't recommend it to anyone",1
"Sometimes it lets you edit a future routine and other times it absolutely refuses. Every time I tapped on it or tried to access the edit menu by swiping it would pop up an alert ""Let's focus on your today's routine [sic]""; not even a useful alert & I don't need to see it 30 times. If you're going to be annoying and use bad English, then charge no money.",1
It's not the best like I thought that it would like help but no 1/1000000,1
this thing keeps forcing me to buy their stupid features which results in me unable to edit or add new tasks what in the world even is this!?,1
"SCROLL THROUGH REVIEWS ... Idk how they are a 4.7* rating because it's you look at the reviews it's hard to find one above 2*. Doesn't notify you of anything, isn't all that great of an interface. Customer service is non existent. This app is just here to get your cash one time.",1
"Risparmiate, é tutta un acchiappa-soldi Come faccio a pensare a me stessa, al mio mindfulness, a concentrarmi sul mio personale miglioramento se ogni 5 secondi vengo bombardata di ad ""compra compra compra!!"" Don't download it, it's not worth it, how can I focus on myself if I'm constantly bombarded by ad ""buy buy buy!!"" All they want is to push on our insecurities to force us to spend money on a useless app, just use your calendar app and set reminders...",1
This app is the worst. Not super intuitive and it is a lie to say it is free. You try to put in more than one routine and it just endlessly ad blocks you with its pro version until you give up trying to add the new task. I legitimately hate this app because it wasted my time learning how to use it and it was not clear that it is a monthly subscription service and not free. Even regular ads are preferable to the treatment they offer you. Never again.,1
Worst app. Go with Family Organizer!,1
Bad,1
Not great!,1
"Looks like a good app, but it's not free as advertised. Only after going through a lengthy set-up process are you offered a ""free trial"" which will automatically renew after a week. You can't look around the app without committing to payment.",2
This is such a good app and I paid for the annual subscription but I don't receive any notifications. I need these triggers to remember what I should be working on. Unfortunately I would have to cancel my subscription.,1
"You can make two tasks that you can see before it's all behind a pay wall. Unless you only have two things to work on, it's pretty useless. We'll made, horrible to use if you aren't willing to pay.",2
Accidentally made subscription but cNceled immediately but they charged money anyway. I sent to tickets for refund almost 15 passed and I got no reply. Worst experience I've ever had! Stay away from this app!!,1
"The app is so bad, do not download it. Bye!",1
I've been looking for CBT. But I feel sad this is not free,5
I am just so sick of 'free' apps forcing you into massive surveys that ultimately end in them telling you that actually it's a paid service and you have to pay a subscription fee. Annoying.,1
"Really weird app, not polished at all. Weird spelling and grammatical errors, bizarre suggestions for reminders.",1
"The opening questions and video really try to hype this app up, but in reality, it's just a list - nothing special. No reminders, no special helpful classes. They do have a little article section, but most of the pieces are either written by other users or are just stupid ""day in the life of an influencer"" articles. You might as well use a pencil and paper rather than paying the $30 to use this.",1
"I honestly meant to cancel my trial but forgot (that's on me), so I thought I'd make the best of it and use it. The UI is honestly awkward and a bit frustrating. One example of bad design: I selected the wrong day of the month for a task, and it won't let me edit the task because I should ""focus on today's tasks"". Considering taking the $60 CAD loss and uninstalling the app. Could be a useful tool for some people, but doesn't seem worth the money currently",1
The free trial is a scam. You will end up paying $30's without realizing it. This app is designed to get you to accidentally pay for something you don't want. I want my money back right now.,1
Why the hell I don't receive reminder and notifications!! Fraud!! Fake!! Worst experience!! Just a colorful notepad!! Don't download it guys!!,1
"Looks like some kind of fraud with 4.7 star rating and so many 1 star reviews! I installed it, answered initial questions, then they wanted money. Nope! Uninstalled instantly! Glad it's gone!",1
Just a waste of time. App is not as described. It doesn't give any reminders. Does not have a solid plan. It asks for subscription and after you have subscribed you will just regret. There are too many apps far more better than this. The worst is they don't even give you a refund. Total waste of time and money.,1
"it seems a good app but I just can't add any chores because when I finish settling up, it keeps spamming the signature featuring and it doesn't add nothing to my to do list!!",4
"A very terrible app , the most useless app i have ever seen in my entire life, you will surely regret it if you download this app be warned, this app does not deserved a star i wish there is a room for mius 10 star !!!!!",1
"I am so disappointed in this app. It requires purchase, and if it was made by a mistake, it would still take a while to hear from them. My problem here is that I was charged, but when I requested a refund, it's already 4 days, and I still haven't even heard from them after I submitted 2 forms for a refund. Absolutely not recommended... too many adds, especially tick-tock related ones. The contact button is not clear and, in general, except the customer service button, no contacts at all.",1
"Poorly designed, difficult to personalize. Seems like it's just geared up to create MORE influencers. Not impressed. Even cancellation was tedious. **correction! I still have not figured out how to CANCEL subscription - does anyone have their EMAIL ADDRESS?..9/25/23 I uninstalled the app!!",2
i downloaded this to help with my adhd and autism symptoms & try to get a handle of my life & i was immediately bombarded with messages asking me to subscribe for the premium version. i hadnt even had a chance to look at the app before it harassed me. it briefly popped up about a trial but was cancelled by another popup about purchasing. it overwhelmed me so much and added so much stress ive been avoiding the app since & cant bring myself to try & use it. sell premium sure but give me a chance!!,1
Do not pay for this app. It is non refundable. They claim they have a 7 day free trial but that's a lie. Do not pay. The app is cumbersome and sends no notifications. Worthless.,1
Not. Cool. I should have read these reviews. I've had it very short time and not remotely worth it. I'm mad at myself.,1
I changed my device after paying the whole year and couldn't recover my premium features. No email replies nor help. Couldn't ask for a Google refund so do not recommend.,1
"No way to turn off the vibration every time I click a button. It gives me sensory overload when I click on anything and stresses me out. If there was an option to turn it off, I could not find it. App looked good so far so I was excited to try it but unfortunately can't 😕",3
It doesn't let you add other than two things it the worst planner everr!!,1
"There's is an app inside your advertisement.. Only advertising everywhere, the worst UX of an app for habits, stressing UI. It doesn't help at all and causes exactly the opposite effect of what they say it will help. Don't waste your money here.",1
Money grabbing scam they forget to mention in the description that this is just a trial its actually a paid subscription app which is £9! Per month the first thing your hit with is advertising for there subscription one time offers to pressure you into taking it,1
"Horrible, horrible, horrible... Please don't fall for this scam like me. It is a useless app that as soon as you buy it, you have burned your precious 21.55 dollars. The customer service is pretty rude and dishonest. Basically a fraud. all the rating is a fraud too. DONT FALL FOR IT",1
The app appeared to be well designed but I uninstalled it during the survey. I find it inconsiderate whenever an app forces you to complete a questionnaire without telling you how long it will take or how many questions there are. I typically install 3-5 new apps to assess which meets my needs before committing to one. I don't want to waste 15 mins just to open the app to realise it's not suitable. Respect your potential users time.,2
It's a full time job trying to fix a schedule. It doesn't ever alert you what you're supposed to do... and it was 30.00. It's just a stupid app,1
"was advertised a useful planning tool, downloaded and opened to a marketing campaign for their planner app. they offer a free week, but it comes to like $30 and if you forget to cancel the subscription, you're screwed. very scammy, i don't trust like that",1
Was supposed give a 7 day trail but charged me immediately and I wasn't able to get a refund. Don't trust the trial.,1
"pay attention to recent poor reviews. free trial immediately skipped and even at the 'jackpot' deal thing it's still $20 for an app where you can't even edit or remove habits. the constant push for purchase is annoying, and if you have a 7 day trial it should actually be a free trial, not charged immediately. I requested a refund but seeing other reviews stating they have as well and never received one, I don't have high hopes. I'd consider that stealing my money tbh.",1
The idea seemed great but somehow I got charged for a year even though I tried to cancel my free trial basically immediately. Working on getting a refund now but kind of frustrated that their system is so aggressive.,1
"Very misleading free trial as it charged my son the full 3 month fee. The app states that refunds will be given if such mistakes are made, yet no response to any contact made, and even Google doesn't assist.",1
Says get 80% off for 1.66 a month and then says that's around 39$ but it should be 19.92 plus tax. Lies.,1
"Just hated this app. Non stop pushing for starting the paid. Have to wade through so much pointless confetti and colours saying how great you're doing before you've started. And then, I don't have a weekly schedule, and this is only (potentially) convenient for those that do. Absolute waste of time.",1
"The application does not work wellif you don't upgrade to Premium. No trial period, so you stuck with a plan. If there was a trial period, then I wouldn't mind purchasing.",1
Dumbest app way to expensive,1
The stars can't be trusted. It wouldn't let me do a trial and charged me for a year automatically. I've requested a refund as I spent all of 10 minutes browsing to realize it's nothing like the ad. I really want my $20 back. What a waste.,1
"Such a pain to use! Can't edit activities for other days. Only able to change for today. I learned something about my habits, and want to change some routine accordingly for rest of the week, but can't do that! What's the point of such a planner if you can't adjust the plan? Also there's no option of turning off the annoying sound when you mark a task complete.",1
"Constant pop ups for paid content. I accidently pocket dial purchased a sub with google pay. Their contact form leads no where. I've submitted several support requests for help. No confirmation of receipt, no reply, no nothing. May as well mail a letter to them without an address lol. Really soured ny experience with an app I was just getting started with.",1
Total scam. Money down the drain.,1
Not very user friendly. If I knew how to schedule or plan I wouldn't need this app. Quite disappointed.,1
"So I've set several requests for a refund, as it's not set up as advertised, no reply back for almost a week. Horrible! I didn't want to purchase, I just wanted the trial, and it tricked me and charged me any way. Scam! I don't know how Google is allowing this.",1
DO NOT USE THIS! I downloaded for the 7 day free trail and clicked year subscription so if I liked it I didn't have to go back and resubscribe. HOWEVER I did NOT get the free trail period. They changed me the full year immediately!! I contacted them less then 12 hours later for a refund (app was also not useful to me) Although they responded quickly with an automated response it has been over a month now and no resolution. And they no longer respond to emails. DON'T TRUST THIS APP! CRIMINALS!!!,1
This piece if garbage keeps popping up in my duolingo ads. Hate it.,1
"Total scam, it's advertised as a 7 day trial if you go with the yearly subscription but it charged you directly without a trial period. The app is complex to add task but tracking and functionality are very basic in nature. Just a basic to do list. There is no customisation. They lead you on by pretending to ask a few questions about you, ask for your subscription then you got to make your own tasks. No real customised tasks based on your answer. Avoid app.",1
Features to set daily reminders but not able to set alarms for those reminders. Useless app.,1
"I fell for the discounted yearly subscription as well. This app makes me feel more disorganized and doesn't help organize my day at all. There are no reminders, there is no chronological calendar to view your schedule. I can't make adjustments to future dates. If poor planning is symptom of ADHD why can't I plan things in advance on this app. I'm annoyed!!",1
Said it would charge £1.66 per month as an introductory offer for 12 months then charged £28+ which is over £10 more. Don't trust a company that can't bill correctly,1
You can only edit the tasks on the day the task are set for! So stupid,2
Fake. Just a stupid way to give people hope and then demotivating them more.,1
"Can't even use the app without subscribing to a free trial that turns into a paid plan. Also, ads right off the bat. Really? I have to subscribe and I'm still gonna be subjected to constant ads? No thanks. Also, a LOT of spelling errors that are unprofessional and hard to overlook, especially for something I'm going to be paying for.",1
"Costs $20. You can download it to your phone and tablet, but the info won't transfer to either. It will only show up on one you entered it on. Unable to edit something you add. Makes you work on today only. Prefer to have money back, waste of money.",1
Very bad,1
"I couldn't get past the start questions. The app asked a question but doesn't have any options to choose from, so I can't progress.",1
"It's a SCAM! They give no free trial and charge right away! I signed up for afree trial, but they charged me right away. I messaged to the support, they said they would issue the refund but I haven't received it. It's been 3 weeks! I keep messaging them but they are ghosting me. I get no response at all anymore. Really really disappointed. DON'T GET THIS APP EVER!",1
"Difficult to alter and remove tasks. Even when you set reminders, the app doesn't give you any kind of reminder. A waste of money.",1
I just downloaded the App. Says 7 day free trial to cancel before. I was charged today for the App. Tried to cancel it and it won't let me shows $21.34 to my account and it hasn't even been 6 hours. I requested a refund. I assume this is how you make your money by cheating people. I should have read the reviews first.,1
"es una buena app, si tuviera dinero compraría la versión premium sin duda jajaja",5
"There's so many issues on android. I can't order the tasks correctly (drag and drop doesn't work), and sometimes I'll create a task and it disappears, but I can't recreate it because it says it already exists. The tasks are also ordered randomly and moves to the bottom when it's completed, it's terrible for my ADHD brain because there's no predictable order of my lists and it keeps changing as you add more tasks!! When you open up your to do, it's a total mess and looks different everyday.",2
"why do i have to pay for every single thing? there are not even free stuff , so disappointing i was excited to use the app",1
Notifications are not working and I paid for this stupid app at once 🤦🤦,1
It is the waste of time it ask you about 20 questins and when you answer it ... It ask you about money ...... Please dont install it . It is the waste of phone charging ... Hate this app🤬🤬🤬,1
"Useless waste of money. It markets itself as something more than just a basic to do list, with focus on getting your life and happiness in order. It's just a basic to do list, with some ridiculous options for routines, which I already can do with a pen and paper. It recommends routines which are all labeled ""TikTok Influencer"" or something equally out of touch. It wouldn't let me select the free trial and said it declined my ""charge"", but it did take my money when I selected a year. Scam.",1
"Feels like a scam. After I answered a few questions it asked for my fingerprint as a ""contract"" that I was going to make changes in my life. Did they just steal my fingerprint and can they use that against me? I uninstalled right after that because as soon as I did the fingerprint (should have run away before then) it came up with a page to setup a payment plan. I'll be watching my bank accounts and will dispute any charges. I did NOT authorize any charges.",1
"Once you set up a routine or task, you CANNOT EDIT IT until the day of. Which is absolutely awful and I regret purchasing the year subscription instead of just doing the trial. My routine changes to fit the needs of that specific day. Additionally, half of my tasks I set up personally just never appeared.",1
Pushes for payment before you can learn about the features and doesn't really give free trial. No refunds!,1
The worst app i saw,1
It's just a to-do list. I can already do that on my calendar. Very disappointed.,1
Terrible app. There's no way to organize the tasks...and I PAID FOR THIS 😡,1
This app asks for your finger print! Why would it need that! Absolutely crazy,1
"I didn't actually try, so I'm not putting a bad rating but here's what bugged me. If I knew that to use the app I have to pay, I wouldn't have downloaded it in the first place. Now I just wasted my time and deleted in anyway.",4
"I've set a reminder on my daily tasks and don't get notifications. there is no widget option to add it to my home screen. The help section claims you can change the order of the tasks, but once you go off the page and swipe back, they tasks are back in the original order. As a habit forming app, its pointless. there's no way to remind me or draw me to my new habit and no flexibility. I paid about £20 for the year and its an absolute waste. I am utterly disappointed",1
"Edited: It's a bit disorganized for my taste so far. Cancelled after paying for a year and using for a WK. So disorganized & suggestions made make ZERO sense. It provides suggestions that don't fit. oh you're not well because you didn't sleep? here, read this on loneliness! it's not loneliness...it's chronic pain.",2
DO NOT PURCHASE. If anything goes wrong they are not responsive. I meant to use the ťrial when payment of$19.99 came out of my card. I told them on the same day. It's been a month now and i haven't gotten the refund or an update. So they just took my money and I never even used it.,1
It's a bit annoying to use unless you are willing to pay the subscription. The prompts to subscribe make it hard to use.,3
"Love the colours and the style but it's so annoying not being able to change anything on a different day once you've put it in there, I can't edit or delete it just says let's concentrate on today... no let's change my appointment time in 2 weeks. ... the search continues",4
Terrible app. Doesn't send notifications and they charge you full price straight away despite offering a 7day free trial. Don't fall for it lile I did,1
I signed up for a free 7 day trial. When I went to cancel (this service is EXTREMELY confusing and not beneficial in the SLIGHTEST) I found my subscription would cancel in 2024....I checked my account and was charged a FULL YEAR!!! This is bait and switch DONT USE OR TRUST THIS APP,1
"This app will not allow you to explore options before purchase. Immediately after paying for it, I realized there is no profile for personalization, it is very difficult to add and edit tasks, and there are grammatical errors throughout. This app is not as advertised and seems to be possibly malicious.",1
"Doesn't even deserve a star. HORRIBLE, this app stole 20 dollars from my account. UNACCEPTABLE",1
Garbage! Scam.,1
"Uninstalled soon as I read their privacy policy. They openly admit to using your personally submitted data down to fitness and food preferences level to pursue their own ""legitimate interests"" from marketing to fraud prevention. My dad works in software for fraud prevention, it usually refers to insurances. I don't want my exercise log to be accessible for that kind of stuff when I am doing this to better a part of my life that I am not good at. For me, red flags.",1
"Don't download. Couldn't even get the system to send me notifications to take my medicine. I thought this came with a 7 day trial, but NO they immediately charged me for a month when I only used it for 3 days. They need to refund me my money because their software didn't even work.",1
"I like all this app has to offer, but I hate that I cant edit or remove anything.",3
Paid for a year before realizing that edit features are really limited. Very disappointing,3
It's a s c a m . They steal your fingerprint and you have to pay for the app.,1
This is the worst. Not user friendly or helpful for a task and routine organizer at all.,1
It's not free easy,1
it's very good app but it's sad how you have to pay for it,5
"Glitchy and unfortunately can't play around without subscribing, so that's $30 wasted for something I have no interest in going forward.",1
Charged me full price even though I cancelled on the day I downloaded on 7 day free trial. App is a scam. Avoid.,1
"I feel cheated! They charged me for the subscription from the first day when I was supposed to have 7 days trial to get to know the app. Second, I do not understand why they make a survey (a little long but interesting) at the beginning, saying that they make a personalized plan according to each person when it is not true! In fact, this topic of the personalized plan was the one that caught my attention, but it is nowhere to be found. They make misleading advertising in the most blatant way!",1
This app and the company responsible for the operations of it are shady and conducted a fraudulent transaction with me. They are not responding to my emails and have not refunded my $32.69. I attempted to provide explicit details and evidence of my claim but do not have enough spaces. I paid for a subscription on 9/5/23 @ 938PM and canceled on 9/5/23 @ 943PM due to the discovery of fraudulent and misleading subscription information. Please beware.,1
Too aggressive with trying to get you to buy. Cant even try the app because every other bottom prompts you to buy! HARD NOPE!,1
Can't even use the free trial unless you provide payment info - must not be very confident in their product if they are relying on you to forget to cancel rather than allowing you to use it and then not wanting to lose it after the trial. Uninstalled immediately - don't like sketchy practices like that.,1
It only go so far then stop. Can't see the next button. It stops at remember this... very sad,1
Took my money and didn't allow the trial period first. So I ended up paying a year subscription for something I am mot using. TOTAL SCAM,1
So far I have been on the app 5 minutes. I don't completely understand how it works but this far in I haven't seen any pictures of regular people throughout articles etc. Only models etc it's another form of social media that makes people feel bad about themselves.,2
"UI is not very good, very hard to add tasks. Also, subscription service is entirely too much. I just want a daily task reminder app, not a subscription and a pop up every time I try to open it trying to get me to buy the premium service.",2
not a nice application this application is of no use,1
Very bad always asking for money,1
"Disappointed. There's no notification (I sent them an email asking if there was really no notifications and they answered apologizing...), you can write your own tasks. Do not pay for this, use your own phone's agenda and it will be more useful!",1
Charge you right away and no refund accidentally purchased and can't find a way to get my money back 🤨 shady,1
"It might be good, but you can't do anything useful without a subscription, and I'm not paying for something if I don't know it'll help. Just make it clear from the beginning that it isn't free to use and you'd probably have fewer poor reviews.",2
This app is a scam. 10 minutes start up screen to try and sell you on a pro version,1
Also besides not seeing the app before they charge you and 7 fay trail hasn't started.. NO REFUNDS... I canceled immediately when I saw the format. THEY STEAL YOUR MONEY! STAY AWAY FROM THIS APP!!,1
"Never got the trial, just charged me. Then stupid app won't work keeps crashing. I want a refund!",1
"It's basically a calendar with lists... no timers or reminders, It's not helpful just more lists of things I didn't do or forgot.",1
App looks great but is terrible to use. I cannot set up a morning routine in the order I want. It's supposed to help organise but was just stressful to try set up. Literally won't let me edit other days too. Useless! I actually want my money back because it feels like a scam!,1
Difficult to cancel once you figure out the app is time consuming and worthless which it takes less than 30 minutes to see many design flaws in the app. No refunds apparently.,1
Functionality is bad.,1
I hate that you have to pay and its not a planner they put fake reviews,1
0 stars if could! My son has downloaded this app onto my phone without my knowledge and apparentl I was signed up for a 7 day trial and then they charged me over 50 dollars forthis app that I told them I was not going to be using. Once I emailed them and explained my situation they flat out said NO REFUND so heads up. tho their website clearly states if a friend or family accidently downloads this and you are charged they will refund but only once!...they are just a money grab! shame on them.,1
Terrible app. Charges you immediately. The onboarding is way too long. Wasted my time sad.,1
Hate too much app questions for payment request at the end,1
Charged me right away during the free 7 day trial and won't refund. The app doesn't send reminders for your list... is limited in other ways too that just doesn't work for me. Waste of money. There is no unsubsribe button,1
There is no 7 day trial! And the functionally is very poor.,1
Bad won't let me set my routine after 2days of use,1
Not great,1
"I was interested in this app and it was my fault that I paid for the year first instead if using the trial. I got into overwhelm trying to set all the goals and decided I didn't want this. I canceled the subscription, but they don't refund the difference (I was on it literally less than 30 min). They will only not renew the service next year. PSA, do the trial first. Once you pay for it, you're stuck with it for a year. Its my own fault, so learn from my mistake.",2
"I was told I would be getting a free trial and charged once it ends, which was fine. But it charged me immediately and I didn't want that. I tried to contact them and fix it, but I still haven't gotten an answer. This is wrong, and I don't trust this app. I want my money back.",1
"This is a scam. I have the paid version on Samsung Galaxy. There are no push notifications at all. You make a cute looking routine, set reminders, and then you're never reminded! No sound; no notifications. There is no ""settings"" page to actually personalize or set anything for yourself. This also means you have no profile on this app and nowhere to create one. The help center is an empty page. This is a 1 activity app (create a VERY basic routine with NO reminders) the rest is fluff.",1
"The user experience is ok but I've experienced similar shoes to other reviews. My main frustration is that you can't sync this app with different devices, so what you enter on your phone will not translate to the app on your tablet, meaning it only functions on a single device.",2
"I was enjoying this app until I accidentally set a routine for a day that wasn't today. When trying to edit it to include it for today, it now tells me ""Let's focus on your today's routine."" And when I try to add it for that day it tells me it already exists. This type of restriction is idiotic and extremely frustrating, and I'll hope it gets changed. Make it a setting you can toggle off and on if you prefer, but to not allow such basic things is nutty.",1
I do not like this app at all. You can add and add and add tasks but you can't delete any. You also cant change names and it is just one big error. Don't believe the adds because it is not real.,1
"This company will charge you for a subscription you canceled and then send you bogus info to try to get a refund. They charged me $69.99 for an app that is advertised as $19.99 in the app, and although I have screen shots showing the trial was canceled the day I signed up, they still charged my account without my permission a week later. Now, they're giving me instructions on how to find the order number that sends me into a loop. Scam app!",1
Pathetic app,1
Terrible app. charges you immediately and refuses to refund even though it advertised a 7 day free trial. No support to contact and several error messages. It also tries to add things to your routine that it thinks you should do even if they are things you do not like. Also doesn't allow for more choices you have to pick from a selection list. Total garbage. DO NOT WASTE YOUR MONEY!,1
"The reminder notifications don't come up on my phone (notifications for the app are enabled) and there's no ""settings"" in my profile in the app. Totally defeats the purpose of using the app if you don't reminders of your tasks",1
Terrible!!! Does NOTHING!!!! Total rip-off,1
"This app has potential but ends up as a big disappointment. I paid for the year and immediately regretted it. I wanted to order my tasks chronologically but the order of tasks jumped around and won't stay where I've placed them. There's a character limit for everything which can be annoying. No search for emojis. Can't set multiple reminders for tasks. When you try to create a custom task you can't add spaces, you have to manually edit the title on the next screen. Also wish they had a widget.",2
I have requested a refund since 9 days with no action yet !! Or even a follow up!!,1
"This app was absolute garbage not to mention the false advertisement is crazy, I want my $20 back from the yearly subscription. How are you going to have a planner app with no way you can add times to each task that you make, not to mention some of the pre-made tasks are misspelt. Don't get this damn app and I'm going to contact my bank to get my money back smh",1
I tried the app and liked it but the way to create a task is way too time consuming and I accidentally created a task for the wrong day. There was no way for me to edit or delete it.,2
A total waste of money. My head can organise my stuff better than the paid version of this app. Takes too much time and effort to organise everything but the order is always messed up and there's absolutely no categorisation,1
"Downloaded thus app, should have had a 7 day free trial. Was charged $31.93. Then I canceled and was told I wouldn't get a refund. So mad. Money wasted.",1
"1. I did not get the free week trial advertised when I signed up. 2. I within minutes realized it was not going to work for me and went to cancel. Followed the directions within the app. 3. Cancelling was done after the paid for year instead of after the ""free"" week (I still held hope). 4. I immediately sent an email. Never got a response. 5. Waited a couple, 3 weeks and tried the app again. I still cannot use it for my life. I am stuck with a paid useless app for a year.",1
"The fact that this app could be useful for people but you can't even use it without paying money is ridiculous. Corporate greed at its finest. Don't download, it will expect you to pay 30$ right away before even being able to use.",1
Why the hell.is this app asking for my fingerprint! No! Just no!,1
Don't download this. It's a scam. I'm trying to get my money back. They just took it without the 7 day trial.,1
"After all that answering then you tell me am forced to pay to plan, just wanted to plan and ended up wasting my planning time to nothing",1
Terrible app. No way to edit/remove habits after they've been added to a routine. Limited functionality. Can't explore app at all without giving payment info.,1
"I apparently subscribed for the free 7 day trial, which I'm happy to do you see if this app will help me, but when searching for ways to cancel, it says you can do it on their website.. problem is... I can not find their website and the website I did find, just shows me what the app showed me in terms of ""ways to cancel"" and telling me to go to their website!!. Very annoying.",1
Spelling errors and typos throughout that are distracting and just poor for a paid app. In-app prompt to rate the app before you've even had a chance to use it at all. It's a lot of money for a to-do list and a few cheesy quotes. Was advertised as a productivity boosting app but really just a build your own checklist. Just stick to your phone's in-built to do list as the app is a total waste of money. Will not be renewing subscription.,1
Bad experience app charge1250🤣,1
"It was demeaning, invasive and uninspired. I've looked at at least 3 others just like it. I'll explain my negative experience. There are maybe 10 questions, they are all about amount of sleep, activity and what you want. There are zero medical questions ( why can't you sleep) what causes you to be distracted easily? Why are you tired even if you slept? Etc. I have multiple medical issues that affect mobility, sleep and distraction. I have several others too. None of those were addressed.",1
Be very careful. Got charged a year subscription once off when you think you're opting for a monthly subscription. App reminders don't work. You thus pay for something you aren't getting after they actually deceive you into thinking you are subscribing and payment will only happen after trial period. Lies! I want my money back.,1
Horrible,1
"This service needs to let people know that you have to fully pay for it if your going to download it.. it takes you through a full questionnaire and right after, I didn't even get to explore the app before it started asking me to pay a full year.. definitely not happening if I can't even get comfortable enough with the app first.. I wouldn't recommend even trying to download it.",1
A scam app. There's nothing here.,1
"So far, good....just started today. You have to pay thow, I did 30 bucks for 12 months but if you are serious about changing your life 30 bucks isn't much. So yeah",5
"I LOVED the app at first, but after several days, it started getting hard to use (couldn't update tasts, checklists, or titles, and it was inconsistent between tasks). I reset my phone, and no fix. So I uninstalled the app...I lost all of my data...for $20 a year, even as a discount, you should, at least, be able to make a profile and track your data.",1
"I got the paid version. This is a less than basic to-do list. Very little options to schedule tasks that needs doing. No custom icons. Cannot reschedule tasks unless you're on the day of the task If you want to add a custom task, it must be completely unique and the word cannot be in any existing task otherwise it'll force you to use an out of the box task name. Also absolutely no analytics I'd call this a scam app for £18 a year. I don't even know what I'm subscribing for",1
I paid for a subscription and immediately regretted it. Couldn't access most of the features I downloaded it for. Very unimpressed. I want my money back.,1
"The idea is fantastic and something I definitely need in my life, but the grammar, spelling, and functionality are lacking tremendously. I like that you're able to shuffle the tasks each day into the order you want, but it doesn't save! It's so frustrating. Unfortunately, I will not be paying for the subscription due to all the defects. It's not ready for end-users. It needs a lot more work.",2
"I subscribed it to use the "" free trial"" session which charged 2 inr but instead I was charged 1950 inr for 1year premium automatically. it's just so pathetic I want my refund",1
Didn't work just kept asking for money. Really disappointing. How do I can my trial??,1
"Altering tasks already in routine is impossible unless you are on ""today"" which makes the app unfuctional in day to day life. You can set it up as a guide but deviating from that because of timetable changes means you have to wait until that task is in today to change it to a different day which is a problem if a task is set to monthly or longer intervals.",3
Horrible.,1
Horrible app. I would rate zero if there is an option,1
"Not very happy I had to sit through a long onboarding/customization process just to find out I have to pay if I want to use it longer than a week. I understand small developers need capital to succeed, but a bait and switch is a poor marketing tactic.",1
"Not as advertised. You can't adjust any settings, you can't work on any day other than ""today"", no widget, no mood tracker, etc, etc. There were also many spelling errors which told me the company didn't pay much attention to detail. All the questions and stats to get set up are very misleading. Nothing about this app is personalized. VERY disappointed, don't waste your money. Also, I read most of the reviews... how did this have 4.7 stars??",1
You have to pay. It's stupid.,1
Tried to sign up for the free 7 day trial but had to input payment details and charged straight away. No response from customer service. App not helpful at all.,1
My money got deducted. Now i want refund. It say click on contact us on right corner. But in whole app there is no contact us button. Pleaae refund my money. It was by mistake installed by someone and got subscribed also,1
"Upon startup, you are led through a long, meaningless onboarding that does literally nothing. Then you are shown 5 paywalls one after another with a monthly subscription for 23$. Then you are left with a completely useless mock app made to make money off of stupid people, giving no value and having no functionality beyond a simple checklist. I'm going to continue to use Respawn, obviously.",1
"I can't edit a task unless it is the day I'm supposed to do the task? This is not helpful. I'm also not getting notifications. I paid for this app but I'm not sure what the point of this is? I can write a to do list, which is all this is, for far less money.",2
Why can't these people be honest and tell you their app isn't free. Be upfront and tell how much it costs. It's so dishonest.,1
I didn't get to use the app. It doesn't allow me to select more than 2 task. Downloading it for unpaid version is waste.,1
Worst it's not working,1
"The app has potential. But the most annoying thing - if you want to schedule a task to occur one day, and not as a repeat, you can by turning off the ""repeat"" function and select occur once... But then YOU CAN NEVER SCHEDULE IT AGAIN BECAUS IT SAYS THERES ALREADY A ROUTINE SET FOR IT. Garbage. As a shift worker I can't do something every Monday, so I need to be able to schedule tasks on different days on a weekly basis. This makes the app nearly useless for me. Should have read the reviews...",1
I haven't started yet but was disappointed that you had to pay for it right away😳,3
App Open hi nhi ho rha hai uninstall kar Diya mene so bad experience,1
"my problem is that I'm a teenager and I can't pay so, I don't want to pay but I will give you 5 star because that is just my problem.",5
"Terrible, all the perks (resources and reflections) are very basic. Not worth paying for it vs doing the same thing using calendar app and pinterest.",1
PAY PAY PAY. You have to pay for EVERYTHING 😭,1
Very very bad app I didn't even wanted to give it a one star This app doesn't even open,1
I can't find where to cancel subscription. This is what's frustrating about trying something. You get stuck having to email the company and get charged anyway instead of easily opting out if you don't want the product.,1
There's a long intro then it wants you to pay.. why not just make it a paid app?? So annoying,1
Stupid app I must say They will not even allow to try and ask for payment first,1
"Not user friendly at all! I downloaded it and set up my goal, even paid for a subscription because I was really excited about it. But 1st, I couldn't edit my future goals and the date was completely wrong. It was a day behind so it didn't even work properly. Was a waste of money",1
not working.. on my android mobile.. maybe it works only on apple .. so waste to download it.. showing nothing,1
worst app .. just because of money,1
When you add something to the tasks you have to pay like what sort of app is this it's to basic the advice for stress does not work it's the worst game ever it doesn't even work.This is a message for everyone before you download it DO NOT DOWNLOAD IT.,1
Very bad!,1
I'm so annoyed I got this app because I wanted to get a healthier schedule but you can't add anything accept maybe two things unless you pay for it! I do not recommend this app to anyone it's useless unless you pay 30 dollars a year for it.,1
Horrible. Watse of time and made my day worse. You can't edit what you have created for another day.,1
It's a horrible app if u don't u can't do nothing it should even deserve a star it's a waste of time.🤬,1
"I don't really like this app it's not like the ads because there is free spins, ads and pop ups and it's very annoying to me so I think this game is not like the ad at all I would rate it a zero if I could",1
Worst app. Not opening app. Whenever I clicking app logo white screen appears.,1
Bad app I really hate the app,1
"I should have read the reviews! I am not receiving reminders. Creating my own to-do items is much more difficult than it should be. Having to go through pre-determined routines before being able to add my own. And if the item I want to add for tomorrow is already in my routine, I can't add it as a one-time entry. It says it is already added. Not being able to plan tomorrow is stupid. I should be able to plan whatever day I want whenever I want! This is supposed to be a PLANner, right?",1
I was fooled by their ad It doesn't let you do anything unless you pay! It should have been paid to download in the first place,1
Stupid that you have a subscription to pay,1
"If I could, I would rate this zero stars. Unfortunately, I already paid for the premium, and there is no way to set up push notifications! This app has potential, but it basically worthless without push notifications.",1
"Honestly, Just the worst planner app ever. You can only add 2 tasks until it starts spamming you with ads so you can't add your third one. Almost impossible to plan in this app. Please fix this issue!!",1
This is a disgusting app don't use. They play offensive music that has racial and other curse words in it. If they're ok with the N word being broadcast through any app that will play it. Regardless that apps audience. Then you don't want to Trust them with their hardware on your phone. Shady people that are after shock and awe. Be careful.,1
It's a scam,1
Very bad keeps telling me to buy the subscription,1
"I'm disappointed! I just installed it and started to add my list of daily tasks . When I added the third task and clicked ADD, ads popped up repeatedly over and over!! and I couldn't continue adding the other tasks! Unbelievable! I didn't even start, and this happened! Uninstalled",1
App shows wrong day with no way to change it not suited for Australian times,1
"Very bad app, can only add 2 goals before having to pay to get the full version. Very disappointed in the app",1
It just doesn't work at all pathetic 😭 I expected A LOT more,1
They ask for your finger print which I stupidly gave. Worried now what is goung to be hacked,1
You have to pay for everything it's really bad don't recommend,1
I thought this was a really good game that first and they greeted me really well but then the problem came they wanted me to pay and I don't want to pay so Adidas game unless you want to pay but I don't want to and I'm still trying to look for a game that doesn't have anything to do with my email cuz I don't have one or with me paying I literally added free games and they give me this what the hell I'm mad I'm really ma-🤬,1
"Task list don't appear in the order they are scheduled, there's no way to se if you have overlaping tasks, reminders don't pop up on your phone even if you set them in the app, there's no calendar widget so you can see the tasks you need to do. Useless and not helpful at all and probably just collecting your data in the background.",1
This the worst app I have ever seen.It does not work,1
"Horrible! All I could put was 2 task, I'm deleting this app! I found a new planner and I can put a inf amount of tasks.",1
Every five seconds.. SEIZE NOW ! and it's so annoying,1
"I'm sorry but this is a good app with one extremely annoying problem! I try to add eat breakfast or brush teeth and it keeps popping up with spinning wheel that always hits jackpot and stupid ads constantly, its annoying!!!! PLS 🙏 stop those ads from popping up or else I'm just gonna use another app....",2
Itd bad,1
Stupid ads.bad app,1
They bombard you with a bunch of ads trying to sell their yearly payment plans. It doesn't let you add Anythink to your schedule you just stuck with a bunch of ads. I don't recommend this app It's disappointing,2
Waste 😏😡app ever I used This app is showing to pay bill for a year 3900 RS I think these are scam and I'm using this app for the 1st time and it started showing me 7days trials but it asking me to pay and use,1
U basically have to pay for everything and if u accidentally set a task for the wrong day u cant change it until that day is over which is very annoying and ur only allowed 2 tasks per day and u barley have anything unlocked,1
Disgusted,1
Worst experience as this application never open in always displayed whote screen,1
"I hate this app, when you want to do something, you can't! You need me+ you can't even check the app without having me+",1
Hate it i have to pay ridiculous horrible go to finch instead,1
Why do I have to pay for every single one of these daily routine apps?! Like seriously this is just stupid 😡,1
"Waste of $20, poorly done app. No customization, didn't even have the tasks advertised. Barely used it and can't get my money back. Already canceled.",1
Worst,1
The worst app ever sawn like seriously,1
I am in Australia but the calender still runs a day behind and there is no way to change that. Contacted the team. Got an automatic email saying along the lines- we will contact you. 3 days later no response. Cancelling before my paid subscription starts in 3 days.,1
"This app feels like a scam. They offer a 7 day trial, but charge you for a year and offer no way to cancel through the app. I didn't care for the app at all and did not find it useful which is fine but am annoyed I am being charged and can't cancel even though a 7 day trial was offered.",1
"There's No 3•Day ""Free"" Trial... There's Also No-Way to Cancel. $19.99 for Nothing Useful. If only I could give y'all zero ⭐s...",1
Useless unless you sign up. Continuously pops up adds. No way to check the usability of the product without handing over credit card details,1
Waste. It is opening with a white screen and stay that only. No content.,1
because of the bad reviews I uninstalled the app right away after I installing it 😀,1
You can only use 2 things on your list without getting bombarded with ads of 1 month trial I was VERY disappointed,1
So bad,1
"Super disappointing functionality, I thought that the planner would actually have a widget for daily tasks or a way to set up reminders or even just push notifications, something! But no, it's about as useless as a normal planner. Write everything you need down, make it pretty and then forget about it because you never open the app again. Shouldn't have signed up for the premium version, what a waste of money just to add insult to injury.",1
I think this is a scam app.,1
Worst,1
Worst App development Time waste to enter into app,1
"Ridiculous that I can't use the app properly without paying for Premium. If I add more than 2 things to my list I get bombarded with pop-up adds, and anytime I try to add another task, boom, add in my face. And then the app will freeze. Don't offer a free version if it only harrasses you to pay.",1
"I don't like it. Some people can't subscribe to this and it's annoying. I can't just add two tasks for a full day. It's dumb honestly. If you want more people to use the app, then fix this.",1
It only lets me add two tasks and then is asking me to pay. I had very big expectations for this app and it completely disappointed me.,1
"Whats this all about? You give ads very nicely and when we download it , it's not free. Not a single self help apps are free then how come it's called self help app? If you really want to change someone's life don't release paid version and make difference in other's life. Everything on earth is about money, so fed up with the system. I uninstalled it.",1
I subscribed telling and reviewed why I got charged... It wrote that I probably got an account and already used up my 7-day trial. What really happened was I pressed the button for the trial option then to payment options after the trial. After doing so I got charged for a year long subscription THIS IS MISLEADING ! Girl just get yourself a planner and alarm clock. I don't even know if it'll get refunded.,1
"It irritated my soul that I was making my tasks and accidentally messed up, so I went to fix it and it wouldn't let me! Instead it kept saying ""Let's focus on your today's routine."" Now I'm irritated because I can't fix that until I'm done with the other things I had scheduled myself to do! I just wanted to delete where I messed up. Maybe someone else knows how to get it to allow you to work on things scheduled for other days even though tasks for the current day aren't yet completed.",3
Your brain diagram at the beginning has a spelling error and the brain areas are labeled incorrectly. Proof read your product before asking people to pay money for it!,1
Horrible,1
"Was excited for this app! But there's no settings to change the time zone, so the dates were wrong for my country. The 5 minutes I spent browsing/trying to change settings I was asked 3 times to pay for full version. So it's been uninstalled now.",1
Worst,1
This is a scam. When you email customer service they will not respond to you.,1
This is HORRIBLE. THEY FOR YOU TO PUT START AND RATE IT BEFORE YOU EVEN USE IT. I was able to ad 2 talk and then it ask you to subscribe and it keep popping up. How did I miss the reviews.,1
"Didn't let me add 2nd daily task and kept taking me to ad screens for ""the full thing"" annoying and a horrible download. Wasted my time.",1
This app sucks. There's no free use. I didn't even have to pay. I tried to use it as it was and only got to add 2 things to my list. I hate this app. Yall save yourselves the trouble. It's not worth it. They're scamming people.,1
"Do NOT install this app!!! I installed hit subscribe for FREE trial. After a hour I unscripted bc it would not work with my night shift schedule. They charged me $20. I filed a dispute with unauthorized charges. Be aware, you have been warned.",1
"Lies! I agreed to do thr 7 day trial, but got charged $20 for a yearly subscription. When I got the email I immediately tried to cancel ans get a refund but apparently I can't. I haven't even tried the app to see if I'd like or use it, but got charged? Ridiculous. I'd like a full refund! You can't offer a free trial then charge me for an annual!! Then refuse me a refund.",1
"Pop ups!!! You can't even explore the app before you get bombarded with pop-up ads insisting you subscribe. Why would I subscribe to something that I'm trying to learn about first. Let me get a feel for the app. I immediately unsubscribed, GREEDY!",1
Hate it don't recommend it,1
I hate it so much,1
"I can't delete a task or edit one once it is added. The preloaded examples seem fairly random, I made my own from scratch. It has potential but it's not great how it is.",2
"No thanks for me. I kept seeing this praised on TikTok for ADHD minds, but I found it to be very disappointing, and it is NOT easy to figure out how to cancel the subscription.",2
"Literally, the worst i added 2 things, and then it bombarded me with subscriptions and adds",1
"Great potential, but the inability to change task date & times is excruciating. I accidentally set one for 11pm instead of 11am, tried to contact for help, had to go through a ""bug report"" just to send in my issue. If I had not had this problem I would have 100% spent my money on this.",2
"This app has potential. 1st issue, if you accidentally set up a task for the wrong day, you cannot change it, until it is that day. You literally have to wait to fix that task until it's that day it was set for on accident. You cannot click edit, or even open that task. You will receive a message that says ""let's focus on today."" 2nd issue, it doesn't save all your steps for the task you are making everytime. Sometimes they straight up just disappear. Frustrating to say the least. Will not use",1
"Had and deleted it after a week was never signed up for a renewal but then had a random 42 dollar charge , that I do not have the money for.... so right now I'm trying to find a way for a refund... :(",1
"I signed up for a free trial and can't even TRY it out. You can add 2 tasks before it just starts offering you a subscription, and apparently, you can't add any more tasks unless you pay. That's not really a trial but more like a manipulation, which is very disappointing because the demographic this app is geared towards is generally known to have poor impulse control. Nothing like taking advantage of the weaknesses of others to make a buck!",1
Couldn't move beyond the questions stage. UI is not great.,1
Hate when it's a pay thing with no warning. Wastes my time.,1
"It's the worst! After adding two routines, I keep having that popup that keeps saying to Subscribe annually. I will find another app.",1
Can't do anything unless you pay upfront. It let me add 2 tasks and I have to pay for more. Ridiculous.,1
Answered a ton of questions to just be left on a white screen with no options to move back or forward. Was really hoping this was going to be everything the developers have it cracked up to be. Your grammar is garbage too!!!! Doesn't look good when you can't even properly write a sentence on the introduction pages. It's put together so badly that it doesn't even make sense.,1
"Like others, I was frustrated by having no options unless you subscribe. I did the free trial but asked for monthly payments after that. They charged me the annual. Asked for help through their email and got no reply. Contacted parent company through email and was given an automated message of 2-3 days for reply, ""longer for evenings and weekends."" I finally went to Google and asked for a cancellation for unauthorized purchase. This app is terrible.",1
Downloaded it and it would never actually open for me I was very disappointed,1
"It's not free. It only said in app purchases. Downloaded it, did a complete questionnaire, and then it gave me a 7 day free trail. After that I have to pay 20.00 for 3 months? Or 40.00 for a year.",1
This was useless to me it was stuck on the thing after the test so ive been done with it and i am not happy i didnt start anything,1
I'm just giving 2 stars. I like the concept and organization of the app but it's giving me the wrong dates. Ex: today is Wed the 19th but on the app it states today is Wed the 18th. Another issue is when i try to add a one time task to a future date it saves it for today. Fix this issue and you can get 5 stars. Otherwise i wasted $20 for the yearly subscription,2
There is no way for u to cancel the subscription once u made one.!!!!...,1
"Downloaded the app, answered all the questions then it just stops on the evaluation page. Nothing to click to move on or anything. Will be deleting ASAP. Very discouraging for an app that promises productivity to waste so much of my time .",1
It sucked its constantly getting you to pay and it's very complicated and time consuming,2
The app never even opens. It just sits on a blank white screen. I'd give negative stars if I could.,1
helped me get out of deep depression,5
I think this will bring my health up my nana died recently and I've been drained,5
"horrible app. it glitches and shuts down while im trying to use it. when I brought this issue up and asked for my refund for the subscription they refuse to give it back to me. so, now ive got a subscription I dont want and an app that is practically useless because it doesnt even work!! do not buy the subscription. waste of money. 😪",1
"After finding out about everything, they tricked me and told me to pay only when they finally gave me the time table. If they had asked me to pay at the beginning, I wouldn't have waited patiently to get the shedule. it's too sad to meee 🫠🥺",1
